,Product Name,Seller,Price,Timestamp,ID,shipping_days,Seller Rating,NbSellerRatings,SellerExperience,OCCASION - BON ÉTAT,OCCASION - EXCELLENT ÉTAT,OCCASION - PARFAIT - JAMAIS UTILISÉ,OCCASION - TRÉS BON ÉTAT,OCCASION - ÉTAT CORRECT,Espagne,Italie,Lettonie,Luxembourg,time_diff,block
141181,"Apple iPhone 14 15,5 cm (6.1"") Double SIM iOS 17 5G 512 Go Noir",Icoza,1408.78,2025-01-28 02:51:18,03ef48ca-08de-49d5-bd95-6776b63e5927,2,4.0,140.0,1600.0,0,0,0,0,0,0,0,0,0,0 days 00:00:00,0
141282,"Apple iPhone 14 15,5 cm (6.1"") Double SIM iOS 17 5G 512 Go Noir",Icoza,1408.78,2025-01-28 03:22:35,03ef48ca-08de-49d5-bd95-6776b63e5927,2,4.0,140.0,1600.0,0,0,0,0,0,0,0,0,0,0 days 00:31:17,0
141383,"Apple iPhone 14 15,5 cm (6.1"") Double SIM iOS 17 5G 512 Go Noir",Icoza,1408.78,2025-01-28 03:53:52,03ef48ca-08de-49d5-bd95-6776b63e5927,2,4.0,140.0,1600.0,0,0,0,0,0,0,0,0,0,0 days 00:31:17,0
141484,"Apple iPhone 14 15,5 cm (6.1"") Double SIM iOS 17 5G 512 Go Noir",Icoza,1408.78,2025-01-28 04:25:10,03ef48ca-08de-49d5-bd95-6776b63e5927,2,4.0,140.0,1600.0,0,0,0,0,0,0,0,0,0,0 days 00:31:18,0
141584,"Apple iPhone 14 15,5 cm (6.1"") Double SIM iOS 17 5G 512 Go Noir",Icoza,1132.99,2025-01-28 04:56:28,03ef48ca-08de-49d5-bd95-6776b63e5927,2,4.0,140.0,1600.0,0,0,0,0,0,0,0,0,0,0 days 00:31:18,0
201857,"Apple iPhone 14 15,5 cm (6.1"") Double SIM iOS 17 5G 512 Go Noir",Icoza,1408.78,2025-02-11 02:50:23,03ef48ca-08de-49d5-bd95-6776b63e5927,2,4.0,140.0,1614.0,0,0,0,0,0,0,0,0,0,13 days 21:53:55,1
201956,"Apple iPhone 14 15,5 cm (6.1"") Double SIM iOS 17 5G 512 Go Noir",Icoza,1408.78,2025-02-11 03:21:40,03ef48ca-08de-49d5-bd95-6776b63e5927,2,4.0,140.0,1614.0,0,0,0,0,0,0,0,0,0,0 days 00:31:17,1
202055,"Apple iPhone 14 15,5 cm (6.1"") Double SIM iOS 17 5G 512 Go Noir",Icoza,1408.78,2025-02-11 03:52:57,03ef48ca-08de-49d5-bd95-6776b63e5927,2,4.0,140.0,1614.0,0,0,0,0,0,0,0,0,0,0 days 00:31:17,1
202154,"Apple iPhone 14 15,5 cm (6.1"") Double SIM iOS 17 5G 512 Go Noir",Icoza,1408.78,2025-02-11 04:24:17,03ef48ca-08de-49d5-bd95-6776b63e5927,2,4.0,140.0,1614.0,0,0,0,0,0,0,0,0,0,0 days 00:31:20,1
202253,"Apple iPhone 14 15,5 cm (6.1"") Double SIM iOS 17 5G 512 Go Noir",Icoza,1408.78,2025-02-11 04:55:36,03ef48ca-08de-49d5-bd95-6776b63e5927,2,4.0,140.0,1614.0,0,0,0,0,0,0,0,0,0,0 days 00:31:19,1
200800,"Apple iPhone 16 15,5 cm (6.1"") Double SIM iOS 18 5G USB Type-C 512 Go Noir",MercatoXL,1870.28,2025-02-10 21:36:11,07f892d6-9aab-4435-a540-b0f586b3e56e,3,3.0,38.0,955.0,0,0,0,0,0,0,1,0,0,2 days 13:36:54,2
200895,"Apple iPhone 16 15,5 cm (6.1"") Double SIM iOS 18 5G USB Type-C 512 Go Noir",MercatoXL,1649.54,2025-02-10 22:07:29,07f892d6-9aab-4435-a540-b0f586b3e56e,3,3.0,38.0,955.0,0,0,0,0,0,0,1,0,0,0 days 00:31:18,2
200993,"Apple iPhone 16 15,5 cm (6.1"") Double SIM iOS 18 5G USB Type-C 512 Go Noir",MercatoXL,1649.54,2025-02-10 22:38:49,07f892d6-9aab-4435-a540-b0f586b3e56e,3,3.0,38.0,955.0,0,0,0,0,0,0,1,0,0,0 days 00:31:20,2
201091,"Apple iPhone 16 15,5 cm (6.1"") Double SIM iOS 18 5G USB Type-C 512 Go Noir",MercatoXL,1649.54,2025-02-10 23:10:11,07f892d6-9aab-4435-a540-b0f586b3e56e,2,3.0,38.0,955.0,0,0,0,0,0,0,1,0,0,0 days 00:31:22,2
201189,"Apple iPhone 16 15,5 cm (6.1"") Double SIM iOS 18 5G USB Type-C 512 Go Noir",MercatoXL,1649.54,2025-02-10 23:41:30,07f892d6-9aab-4435-a540-b0f586b3e56e,2,3.0,38.0,955.0,0,0,0,0,0,0,1,0,0,0 days 00:31:19,2
201287,"Apple iPhone 16 15,5 cm (6.1"") Double SIM iOS 18 5G USB Type-C 512 Go Noir",MercatoXL,1649.54,2025-02-11 00:12:48,07f892d6-9aab-4435-a540-b0f586b3e56e,2,3.0,38.0,956.0,0,0,0,0,0,0,1,0,0,0 days 00:31:18,2
201385,"Apple iPhone 16 15,5 cm (6.1"") Double SIM iOS 18 5G USB Type-C 512 Go Noir",MercatoXL,1649.54,2025-02-11 00:44:07,07f892d6-9aab-4435-a540-b0f586b3e56e,2,3.0,38.0,956.0,0,0,0,0,0,0,1,0,0,0 days 00:31:19,2
201483,"Apple iPhone 16 15,5 cm (6.1"") Double SIM iOS 18 5G USB Type-C 512 Go Noir",MercatoXL,1649.54,2025-02-11 01:15:25,07f892d6-9aab-4435-a540-b0f586b3e56e,2,3.0,38.0,956.0,0,0,0,0,0,0,1,0,0,0 days 00:31:18,2
201581,"Apple iPhone 16 15,5 cm (6.1"") Double SIM iOS 18 5G USB Type-C 512 Go Noir",MercatoXL,1649.54,2025-02-11 01:46:42,07f892d6-9aab-4435-a540-b0f586b3e56e,2,3.0,38.0,956.0,0,0,0,0,0,0,1,0,0,0 days 00:31:17,2
201679,"Apple iPhone 16 15,5 cm (6.1"") Double SIM iOS 18 5G USB Type-C 512 Go Noir",MercatoXL,1649.54,2025-02-11 02:17:59,07f892d6-9aab-4435-a540-b0f586b3e56e,2,3.0,38.0,956.0,0,0,0,0,0,0,1,0,0,0 days 00:31:17,2
201777,"Apple iPhone 16 15,5 cm (6.1"") Double SIM iOS 18 5G USB Type-C 512 Go Noir",MercatoXL,1649.54,2025-02-11 02:49:17,07f892d6-9aab-4435-a540-b0f586b3e56e,2,3.0,38.0,956.0,0,0,0,0,0,0,1,0,0,0 days 00:31:18,2
201876,"Apple iPhone 16 15,5 cm (6.1"") Double SIM iOS 18 5G USB Type-C 512 Go Noir",MercatoXL,1649.54,2025-02-11 03:20:35,07f892d6-9aab-4435-a540-b0f586b3e56e,2,3.0,38.0,956.0,0,0,0,0,0,0,1,0,0,0 days 00:31:18,2
201975,"Apple iPhone 16 15,5 cm (6.1"") Double SIM iOS 18 5G USB Type-C 512 Go Noir",MercatoXL,1649.54,2025-02-11 03:51:53,07f892d6-9aab-4435-a540-b0f586b3e56e,2,3.0,38.0,956.0,0,0,0,0,0,0,1,0,0,0 days 00:31:18,2
202074,"Apple iPhone 16 15,5 cm (6.1"") Double SIM iOS 18 5G USB Type-C 512 Go Noir",MercatoXL,1649.54,2025-02-11 04:23:10,07f892d6-9aab-4435-a540-b0f586b3e56e,2,3.0,38.0,956.0,0,0,0,0,0,0,1,0,0,0 days 00:31:17,2
202173,"Apple iPhone 16 15,5 cm (6.1"") Double SIM iOS 18 5G USB Type-C 512 Go Noir",MercatoXL,1649.54,2025-02-11 04:54:30,07f892d6-9aab-4435-a540-b0f586b3e56e,2,3.0,38.0,956.0,0,0,0,0,0,0,1,0,0,0 days 00:31:20,2
202272,"Apple iPhone 16 15,5 cm (6.1"") Double SIM iOS 18 5G USB Type-C 512 Go Noir",MercatoXL,1649.54,2025-02-11 05:25:49,07f892d6-9aab-4435-a540-b0f586b3e56e,2,3.0,38.0,956.0,0,0,0,0,0,0,1,0,0,0 days 00:31:19,2
202370,"Apple iPhone 16 15,5 cm (6.1"") Double SIM iOS 18 5G USB Type-C 512 Go Noir",MercatoXL,1649.54,2025-02-11 05:57:06,07f892d6-9aab-4435-a540-b0f586b3e56e,2,3.0,38.0,956.0,0,0,0,0,0,0,1,0,0,0 days 00:31:17,2
202468,"Apple iPhone 16 15,5 cm (6.1"") Double SIM iOS 18 5G USB Type-C 512 Go Noir",MercatoXL,1649.54,2025-02-11 06:28:24,07f892d6-9aab-4435-a540-b0f586b3e56e,2,3.0,38.0,956.0,0,0,0,0,0,0,1,0,0,0 days 00:31:18,2
202566,"Apple iPhone 16 15,5 cm (6.1"") Double SIM iOS 18 5G USB Type-C 512 Go Noir",MercatoXL,1649.54,2025-02-11 06:59:43,07f892d6-9aab-4435-a540-b0f586b3e56e,2,3.0,38.0,956.0,0,0,0,0,0,0,1,0,0,0 days 00:31:19,2
202664,"Apple iPhone 16 15,5 cm (6.1"") Double SIM iOS 18 5G USB Type-C 512 Go Noir",MercatoXL,1649.54,2025-02-11 07:31:04,07f892d6-9aab-4435-a540-b0f586b3e56e,2,3.0,38.0,956.0,0,0,0,0,0,0,1,0,0,0 days 00:31:21,2
202762,"Apple iPhone 16 15,5 cm (6.1"") Double SIM iOS 18 5G USB Type-C 512 Go Noir",MercatoXL,1649.54,2025-02-11 08:02:23,07f892d6-9aab-4435-a540-b0f586b3e56e,2,3.0,38.0,956.0,0,0,0,0,0,0,1,0,0,0 days 00:31:19,2
202860,"Apple iPhone 16 15,5 cm (6.1"") Double SIM iOS 18 5G USB Type-C 512 Go Noir",MercatoXL,1649.54,2025-02-11 08:33:41,07f892d6-9aab-4435-a540-b0f586b3e56e,2,3.0,38.0,956.0,0,0,0,0,0,0,1,0,0,0 days 00:31:18,2
202958,"Apple iPhone 16 15,5 cm (6.1"") Double SIM iOS 18 5G USB Type-C 512 Go Noir",MercatoXL,1649.54,2025-02-11 09:05:00,07f892d6-9aab-4435-a540-b0f586b3e56e,2,3.0,38.0,956.0,0,0,0,0,0,0,1,0,0,0 days 00:31:19,2
203056,"Apple iPhone 16 15,5 cm (6.1"") Double SIM iOS 18 5G USB Type-C 512 Go Noir",MercatoXL,1649.54,2025-02-11 10:38:48,07f892d6-9aab-4435-a540-b0f586b3e56e,2,3.0,38.0,956.0,0,0,0,0,0,0,1,0,0,0 days 01:33:48,2
203154,"Apple iPhone 16 15,5 cm (6.1"") Double SIM iOS 18 5G USB Type-C 512 Go Noir",MercatoXL,1649.54,2025-02-11 11:10:13,07f892d6-9aab-4435-a540-b0f586b3e56e,2,3.0,38.0,956.0,0,0,0,0,0,0,1,0,0,0 days 00:31:25,2
203252,"Apple iPhone 16 15,5 cm (6.1"") Double SIM iOS 18 5G USB Type-C 512 Go Noir",MercatoXL,1649.54,2025-02-11 11:41:32,07f892d6-9aab-4435-a540-b0f586b3e56e,2,3.0,38.0,956.0,0,0,0,0,0,0,1,0,0,0 days 00:31:19,2
203350,"Apple iPhone 16 15,5 cm (6.1"") Double SIM iOS 18 5G USB Type-C 512 Go Noir",MercatoXL,1649.54,2025-02-11 12:12:52,07f892d6-9aab-4435-a540-b0f586b3e56e,2,3.0,38.0,956.0,0,0,0,0,0,0,1,0,0,0 days 00:31:20,2
203448,"Apple iPhone 16 15,5 cm (6.1"") Double SIM iOS 18 5G USB Type-C 512 Go Noir",MercatoXL,1649.54,2025-02-11 12:44:13,07f892d6-9aab-4435-a540-b0f586b3e56e,2,3.0,38.0,956.0,0,0,0,0,0,0,1,0,0,0 days 00:31:21,2
140579,Smartphone Apple iPhone 15 128GB noir,Boutique56,1113.51,2025-01-27 23:43:13,12287874-03d0-41de-8e35-df2bb90e331b,2,4.0,8.0,368.0,0,0,0,0,0,0,0,0,0,8 days 10:11:24,1
140678,Smartphone Apple iPhone 15 128GB noir,Boutique56,1113.51,2025-01-28 00:14:33,12287874-03d0-41de-8e35-df2bb90e331b,2,4.0,8.0,369.0,0,0,0,0,0,0,0,0,0,0 days 00:31:20,1
140777,Smartphone Apple iPhone 15 128GB noir,Boutique56,1113.51,2025-01-28 00:45:55,12287874-03d0-41de-8e35-df2bb90e331b,2,4.0,8.0,369.0,0,0,0,0,0,0,0,0,0,0 days 00:31:22,1
140876,Smartphone Apple iPhone 15 128GB noir,Boutique56,1113.51,2025-01-28 01:17:16,12287874-03d0-41de-8e35-df2bb90e331b,2,4.0,8.0,369.0,0,0,0,0,0,0,0,0,0,0 days 00:31:21,1
140975,Smartphone Apple iPhone 15 128GB noir,Boutique56,1113.51,2025-01-28 01:48:33,12287874-03d0-41de-8e35-df2bb90e331b,2,4.0,8.0,369.0,0,0,0,0,0,0,0,0,0,0 days 00:31:17,1
141074,Smartphone Apple iPhone 15 128GB noir,Boutique56,1113.51,2025-01-28 02:19:52,12287874-03d0-41de-8e35-df2bb90e331b,2,4.0,8.0,369.0,0,0,0,0,0,0,0,0,0,0 days 00:31:19,1
141174,Smartphone Apple iPhone 15 128GB noir,Boutique56,1113.51,2025-01-28 02:51:11,12287874-03d0-41de-8e35-df2bb90e331b,2,4.0,8.0,369.0,0,0,0,0,0,0,0,0,0,0 days 00:31:19,1
141275,Smartphone Apple iPhone 15 128GB noir,Boutique56,1113.51,2025-01-28 03:22:28,12287874-03d0-41de-8e35-df2bb90e331b,2,4.0,8.0,369.0,0,0,0,0,0,0,0,0,0,0 days 00:31:17,1
141376,Smartphone Apple iPhone 15 128GB noir,Boutique56,1113.51,2025-01-28 03:53:46,12287874-03d0-41de-8e35-df2bb90e331b,2,4.0,8.0,369.0,0,0,0,0,0,0,0,0,0,0 days 00:31:18,1
141477,Smartphone Apple iPhone 15 128GB noir,Boutique56,1113.51,2025-01-28 04:25:04,12287874-03d0-41de-8e35-df2bb90e331b,2,4.0,8.0,369.0,0,0,0,0,0,0,0,0,0,0 days 00:31:18,1
141578,Smartphone Apple iPhone 15 128GB noir,Boutique56,1113.51,2025-01-28 04:56:21,12287874-03d0-41de-8e35-df2bb90e331b,2,4.0,8.0,369.0,0,0,0,0,0,0,0,0,0,0 days 00:31:17,1
141679,Smartphone Apple iPhone 15 128GB noir,Boutique56,1113.51,2025-01-28 05:27:52,12287874-03d0-41de-8e35-df2bb90e331b,2,4.0,8.0,369.0,0,0,0,0,0,0,0,0,0,0 days 00:31:31,1
141779,Smartphone Apple iPhone 15 128GB noir,Boutique56,1113.51,2025-01-28 05:59:10,12287874-03d0-41de-8e35-df2bb90e331b,2,4.0,8.0,369.0,0,0,0,0,0,0,0,0,0,0 days 00:31:18,1
141879,Smartphone Apple iPhone 15 128GB noir,Boutique56,1113.51,2025-01-28 06:30:32,12287874-03d0-41de-8e35-df2bb90e331b,2,4.0,8.0,369.0,0,0,0,0,0,0,0,0,0,0 days 00:31:22,1
141978,Smartphone Apple iPhone 15 128GB noir,Boutique56,1113.51,2025-01-28 07:01:50,12287874-03d0-41de-8e35-df2bb90e331b,2,4.0,8.0,369.0,0,0,0,0,0,0,0,0,0,0 days 00:31:18,1
142077,Smartphone Apple iPhone 15 128GB noir,Boutique56,1113.51,2025-01-28 07:33:09,12287874-03d0-41de-8e35-df2bb90e331b,2,4.0,8.0,369.0,0,0,0,0,0,0,0,0,0,0 days 00:31:19,1
142176,Smartphone Apple iPhone 15 128GB noir,Boutique56,1113.51,2025-01-28 08:04:28,12287874-03d0-41de-8e35-df2bb90e331b,2,4.0,8.0,369.0,0,0,0,0,0,0,0,0,0,0 days 00:31:19,1
142275,Smartphone Apple iPhone 15 128GB noir,Boutique56,1113.51,2025-01-28 08:35:56,12287874-03d0-41de-8e35-df2bb90e331b,2,4.0,8.0,369.0,0,0,0,0,0,0,0,0,0,0 days 00:31:28,1
142374,Smartphone Apple iPhone 15 128GB noir,Boutique56,1113.51,2025-01-28 09:07:16,12287874-03d0-41de-8e35-df2bb90e331b,2,4.0,8.0,369.0,0,0,0,0,0,0,0,0,0,0 days 00:31:20,1
142473,Smartphone Apple iPhone 15 128GB noir,Boutique56,1113.51,2025-01-28 09:38:37,12287874-03d0-41de-8e35-df2bb90e331b,2,4.0,8.0,369.0,0,0,0,0,0,0,0,0,0,0 days 00:31:21,1
142571,Smartphone Apple iPhone 15 128GB noir,Boutique56,1113.51,2025-01-28 10:10:04,12287874-03d0-41de-8e35-df2bb90e331b,2,4.0,8.0,369.0,0,0,0,0,0,0,0,0,0,0 days 00:31:27,1
142669,Smartphone Apple iPhone 15 128GB noir,Boutique56,1113.51,2025-01-28 10:41:29,12287874-03d0-41de-8e35-df2bb90e331b,2,4.0,8.0,369.0,0,0,0,0,0,0,0,0,0,0 days 00:31:25,1
142763,Smartphone Apple iPhone 15 128GB noir,Boutique56,1113.51,2025-01-28 11:12:52,12287874-03d0-41de-8e35-df2bb90e331b,2,4.0,8.0,369.0,0,0,0,0,0,0,0,0,0,0 days 00:31:23,1
142857,Smartphone Apple iPhone 15 128GB noir,Boutique56,1113.51,2025-01-28 11:44:12,12287874-03d0-41de-8e35-df2bb90e331b,2,4.0,8.0,369.0,0,0,0,0,0,0,0,0,0,0 days 00:31:20,1
142951,Smartphone Apple iPhone 15 128GB noir,Boutique56,1113.51,2025-01-28 12:15:36,12287874-03d0-41de-8e35-df2bb90e331b,2,4.0,8.0,369.0,0,0,0,0,0,0,0,0,0,0 days 00:31:24,1
143045,Smartphone Apple iPhone 15 128GB noir,Boutique56,1113.51,2025-01-28 12:47:01,12287874-03d0-41de-8e35-df2bb90e331b,2,4.0,8.0,369.0,0,0,0,0,0,0,0,0,0,0 days 00:31:25,1
175102,Smartphone Apple iPhone 15 128GB noir,Boutique56,1113.51,2025-02-04 23:34:52,12287874-03d0-41de-8e35-df2bb90e331b,2,4.0,8.0,376.0,0,0,0,0,0,0,0,0,0,7 days 10:47:51,2
175194,Smartphone Apple iPhone 15 128GB noir,Boutique56,1113.51,2025-02-05 00:06:16,12287874-03d0-41de-8e35-df2bb90e331b,2,4.0,8.0,377.0,0,0,0,0,0,0,0,0,0,0 days 00:31:24,2
175286,Smartphone Apple iPhone 15 128GB noir,Boutique56,1113.51,2025-02-05 00:37:35,12287874-03d0-41de-8e35-df2bb90e331b,2,4.0,8.0,377.0,0,0,0,0,0,0,0,0,0,0 days 00:31:19,2
175378,Smartphone Apple iPhone 15 128GB noir,Boutique56,1113.51,2025-02-05 01:08:55,12287874-03d0-41de-8e35-df2bb90e331b,2,4.0,8.0,377.0,0,0,0,0,0,0,0,0,0,0 days 00:31:20,2
175470,Smartphone Apple iPhone 15 128GB noir,Boutique56,1113.51,2025-02-05 01:40:18,12287874-03d0-41de-8e35-df2bb90e331b,2,4.0,8.0,377.0,0,0,0,0,0,0,0,0,0,0 days 00:31:23,2
175564,Smartphone Apple iPhone 15 128GB noir,Boutique56,1113.51,2025-02-05 02:11:38,12287874-03d0-41de-8e35-df2bb90e331b,2,4.0,8.0,377.0,0,0,0,0,0,0,0,0,0,0 days 00:31:20,2
175660,Smartphone Apple iPhone 15 128GB noir,Boutique56,1113.51,2025-02-05 02:42:55,12287874-03d0-41de-8e35-df2bb90e331b,2,4.0,8.0,377.0,0,0,0,0,0,0,0,0,0,0 days 00:31:17,2
175756,Smartphone Apple iPhone 15 128GB noir,Boutique56,1113.51,2025-02-05 03:14:13,12287874-03d0-41de-8e35-df2bb90e331b,2,4.0,8.0,377.0,0,0,0,0,0,0,0,0,0,0 days 00:31:18,2
175852,Smartphone Apple iPhone 15 128GB noir,Boutique56,1113.51,2025-02-05 03:45:31,12287874-03d0-41de-8e35-df2bb90e331b,2,4.0,8.0,377.0,0,0,0,0,0,0,0,0,0,0 days 00:31:18,2
175948,Smartphone Apple iPhone 15 128GB noir,Boutique56,1113.51,2025-02-05 04:16:50,12287874-03d0-41de-8e35-df2bb90e331b,2,4.0,8.0,377.0,0,0,0,0,0,0,0,0,0,0 days 00:31:19,2
176044,Smartphone Apple iPhone 15 128GB noir,Boutique56,1113.51,2025-02-05 04:48:12,12287874-03d0-41de-8e35-df2bb90e331b,2,4.0,8.0,377.0,0,0,0,0,0,0,0,0,0,0 days 00:31:22,2
176140,Smartphone Apple iPhone 15 128GB noir,Boutique56,1113.51,2025-02-05 05:19:32,12287874-03d0-41de-8e35-df2bb90e331b,2,4.0,8.0,377.0,0,0,0,0,0,0,0,0,0,0 days 00:31:20,2
176236,Smartphone Apple iPhone 15 128GB noir,Boutique56,1113.51,2025-02-05 05:50:58,12287874-03d0-41de-8e35-df2bb90e331b,2,4.0,8.0,377.0,0,0,0,0,0,0,0,0,0,0 days 00:31:26,2
176332,Smartphone Apple iPhone 15 128GB noir,Boutique56,1113.51,2025-02-05 06:22:18,12287874-03d0-41de-8e35-df2bb90e331b,2,4.0,8.0,377.0,0,0,0,0,0,0,0,0,0,0 days 00:31:20,2
176428,Smartphone Apple iPhone 15 128GB noir,Boutique56,1113.51,2025-02-05 06:53:38,12287874-03d0-41de-8e35-df2bb90e331b,2,4.0,8.0,377.0,0,0,0,0,0,0,0,0,0,0 days 00:31:20,2
176523,Smartphone Apple iPhone 15 128GB noir,Boutique56,1113.51,2025-02-05 07:24:56,12287874-03d0-41de-8e35-df2bb90e331b,2,4.0,8.0,377.0,0,0,0,0,0,0,0,0,0,0 days 00:31:18,2
176619,Smartphone Apple iPhone 15 128GB noir,Boutique56,1113.51,2025-02-05 07:56:18,12287874-03d0-41de-8e35-df2bb90e331b,2,4.0,8.0,377.0,0,0,0,0,0,0,0,0,0,0 days 00:31:22,2
176714,Smartphone Apple iPhone 15 128GB noir,Boutique56,1113.51,2025-02-05 08:27:37,12287874-03d0-41de-8e35-df2bb90e331b,2,4.0,8.0,377.0,0,0,0,0,0,0,0,0,0,0 days 00:31:19,2
176809,Smartphone Apple iPhone 15 128GB noir,Boutique56,1113.51,2025-02-05 08:58:55,12287874-03d0-41de-8e35-df2bb90e331b,2,4.0,8.0,377.0,0,0,0,0,0,0,0,0,0,0 days 00:31:18,2
176904,Smartphone Apple iPhone 15 128GB noir,Boutique56,1113.51,2025-02-05 09:30:18,12287874-03d0-41de-8e35-df2bb90e331b,2,4.0,8.0,377.0,0,0,0,0,0,0,0,0,0,0 days 00:31:23,2
176999,Smartphone Apple iPhone 15 128GB noir,Boutique56,1113.51,2025-02-05 10:01:37,12287874-03d0-41de-8e35-df2bb90e331b,2,4.0,8.0,377.0,0,0,0,0,0,0,0,0,0,0 days 00:31:19,2
177094,Smartphone Apple iPhone 15 128GB noir,Boutique56,1113.51,2025-02-05 10:32:55,12287874-03d0-41de-8e35-df2bb90e331b,2,4.0,8.0,377.0,0,0,0,0,0,0,0,0,0,0 days 00:31:18,2
177189,Smartphone Apple iPhone 15 128GB noir,Boutique56,1113.51,2025-02-05 11:04:14,12287874-03d0-41de-8e35-df2bb90e331b,2,4.0,8.0,377.0,0,0,0,0,0,0,0,0,0,0 days 00:31:19,2
177284,Smartphone Apple iPhone 15 128GB noir,Boutique56,1113.51,2025-02-05 11:35:40,12287874-03d0-41de-8e35-df2bb90e331b,2,4.0,8.0,377.0,0,0,0,0,0,0,0,0,0,0 days 00:31:26,2
177379,Smartphone Apple iPhone 15 128GB noir,Boutique56,1113.51,2025-02-05 12:06:59,12287874-03d0-41de-8e35-df2bb90e331b,2,4.0,8.0,377.0,0,0,0,0,0,0,0,0,0,0 days 00:31:19,2
177474,Smartphone Apple iPhone 15 128GB noir,Boutique56,1113.51,2025-02-05 12:38:19,12287874-03d0-41de-8e35-df2bb90e331b,2,4.0,8.0,377.0,0,0,0,0,0,0,0,0,0,0 days 00:31:20,2
177569,Smartphone Apple iPhone 15 128GB noir,Boutique56,1113.51,2025-02-05 13:09:41,12287874-03d0-41de-8e35-df2bb90e331b,2,4.0,8.0,377.0,0,0,0,0,0,0,0,0,0,0 days 00:31:22,2
177664,Smartphone Apple iPhone 15 128GB noir,Boutique56,1113.51,2025-02-05 13:41:11,12287874-03d0-41de-8e35-df2bb90e331b,2,4.0,8.0,377.0,0,0,0,0,0,0,0,0,0,0 days 00:31:30,2
177760,Smartphone Apple iPhone 15 128GB noir,Boutique56,1113.51,2025-02-05 14:12:34,12287874-03d0-41de-8e35-df2bb90e331b,3,4.0,8.0,377.0,0,0,0,0,0,0,0,0,0,0 days 00:31:23,2
177856,Smartphone Apple iPhone 15 128GB noir,Boutique56,1113.51,2025-02-05 14:43:58,12287874-03d0-41de-8e35-df2bb90e331b,3,4.0,8.0,377.0,0,0,0,0,0,0,0,0,0,0 days 00:31:24,2
177952,Smartphone Apple iPhone 15 128GB noir,Boutique56,1113.51,2025-02-05 15:15:20,12287874-03d0-41de-8e35-df2bb90e331b,3,4.0,8.0,377.0,0,0,0,0,0,0,0,0,0,0 days 00:31:22,2
178048,Smartphone Apple iPhone 15 128GB noir,Boutique56,1113.51,2025-02-05 15:46:40,12287874-03d0-41de-8e35-df2bb90e331b,3,4.0,8.0,377.0,0,0,0,0,0,0,0,0,0,0 days 00:31:20,2
178144,Smartphone Apple iPhone 15 128GB noir,Boutique56,1066.06,2025-02-05 16:17:59,12287874-03d0-41de-8e35-df2bb90e331b,3,4.0,8.0,377.0,0,0,0,0,0,0,0,0,0,0 days 00:31:19,2
178241,Smartphone Apple iPhone 15 128GB noir,Boutique56,1066.06,2025-02-05 16:49:21,12287874-03d0-41de-8e35-df2bb90e331b,3,4.0,8.0,377.0,0,0,0,0,0,0,0,0,0,0 days 00:31:22,2
178337,Smartphone Apple iPhone 15 128GB noir,Boutique56,1066.06,2025-02-05 17:20:48,12287874-03d0-41de-8e35-df2bb90e331b,3,4.0,8.0,377.0,0,0,0,0,0,0,0,0,0,0 days 00:31:27,2
178433,Smartphone Apple iPhone 15 128GB noir,Boutique56,1066.06,2025-02-05 17:52:12,12287874-03d0-41de-8e35-df2bb90e331b,3,4.0,8.0,377.0,0,0,0,0,0,0,0,0,0,0 days 00:31:24,2
178529,Smartphone Apple iPhone 15 128GB noir,Boutique56,1066.06,2025-02-05 18:23:33,12287874-03d0-41de-8e35-df2bb90e331b,3,4.0,8.0,377.0,0,0,0,0,0,0,0,0,0,0 days 00:31:21,2
178625,Smartphone Apple iPhone 15 128GB noir,Boutique56,1066.06,2025-02-05 18:54:52,12287874-03d0-41de-8e35-df2bb90e331b,3,4.0,8.0,377.0,0,0,0,0,0,0,0,0,0,0 days 00:31:19,2
178721,Smartphone Apple iPhone 15 128GB noir,Boutique56,1066.06,2025-02-05 19:26:12,12287874-03d0-41de-8e35-df2bb90e331b,3,4.0,8.0,377.0,0,0,0,0,0,0,0,0,0,0 days 00:31:20,2
178817,Smartphone Apple iPhone 15 128GB noir,Boutique56,1066.06,2025-02-05 19:57:30,12287874-03d0-41de-8e35-df2bb90e331b,3,4.0,8.0,377.0,0,0,0,0,0,0,0,0,0,0 days 00:31:18,2
178913,Smartphone Apple iPhone 15 128GB noir,Boutique56,1066.06,2025-02-05 20:28:49,12287874-03d0-41de-8e35-df2bb90e331b,3,4.0,8.0,377.0,0,0,0,0,0,0,0,0,0,0 days 00:31:19,2
179007,Smartphone Apple iPhone 15 128GB noir,Boutique56,1066.06,2025-02-05 21:00:12,12287874-03d0-41de-8e35-df2bb90e331b,3,4.0,8.0,377.0,0,0,0,0,0,0,0,0,0,0 days 00:31:23,2
179098,Smartphone Apple iPhone 15 128GB noir,Boutique56,1066.06,2025-02-05 21:31:32,12287874-03d0-41de-8e35-df2bb90e331b,3,4.0,8.0,377.0,0,0,0,0,0,0,0,0,0,0 days 00:31:20,2
179190,Smartphone Apple iPhone 15 128GB noir,Boutique56,1066.06,2025-02-05 22:02:50,12287874-03d0-41de-8e35-df2bb90e331b,3,4.0,8.0,377.0,0,0,0,0,0,0,0,0,0,0 days 00:31:18,2
179282,Smartphone Apple iPhone 15 128GB noir,Boutique56,1066.06,2025-02-05 22:34:07,12287874-03d0-41de-8e35-df2bb90e331b,3,4.0,8.0,377.0,0,0,0,0,0,0,0,0,0,0 days 00:31:17,2
179374,Smartphone Apple iPhone 15 128GB noir,Boutique56,1066.06,2025-02-05 23:05:27,12287874-03d0-41de-8e35-df2bb90e331b,2,4.0,8.0,377.0,0,0,0,0,0,0,0,0,0,0 days 00:31:20,2
179466,Smartphone Apple iPhone 15 128GB noir,Boutique56,1066.06,2025-02-05 23:36:44,12287874-03d0-41de-8e35-df2bb90e331b,2,4.0,8.0,377.0,0,0,0,0,0,0,0,0,0,0 days 00:31:17,2
179558,Smartphone Apple iPhone 15 128GB noir,Boutique56,1066.06,2025-02-06 00:08:03,12287874-03d0-41de-8e35-df2bb90e331b,2,4.0,8.0,378.0,0,0,0,0,0,0,0,0,0,0 days 00:31:19,2
179650,Smartphone Apple iPhone 15 128GB noir,Boutique56,1066.06,2025-02-06 00:39:22,12287874-03d0-41de-8e35-df2bb90e331b,2,4.0,8.0,378.0,0,0,0,0,0,0,0,0,0,0 days 00:31:19,2
179741,Smartphone Apple iPhone 15 128GB noir,Boutique56,1066.06,2025-02-06 01:10:42,12287874-03d0-41de-8e35-df2bb90e331b,2,4.0,8.0,378.0,0,0,0,0,0,0,0,0,0,0 days 00:31:20,2
179838,Smartphone Apple iPhone 15 128GB noir,Boutique56,1066.06,2025-02-06 01:41:59,12287874-03d0-41de-8e35-df2bb90e331b,2,4.0,8.0,378.0,0,0,0,0,0,0,0,0,0,0 days 00:31:17,2
179935,Smartphone Apple iPhone 15 128GB noir,Boutique56,1066.06,2025-02-06 02:13:17,12287874-03d0-41de-8e35-df2bb90e331b,2,4.0,8.0,378.0,0,0,0,0,0,0,0,0,0,0 days 00:31:18,2
180032,Smartphone Apple iPhone 15 128GB noir,Boutique56,1066.06,2025-02-06 02:44:34,12287874-03d0-41de-8e35-df2bb90e331b,2,4.0,8.0,378.0,0,0,0,0,0,0,0,0,0,0 days 00:31:17,2
180129,Smartphone Apple iPhone 15 128GB noir,Boutique56,1066.06,2025-02-06 03:15:52,12287874-03d0-41de-8e35-df2bb90e331b,2,4.0,8.0,378.0,0,0,0,0,0,0,0,0,0,0 days 00:31:18,2
180226,Smartphone Apple iPhone 15 128GB noir,Boutique56,1066.06,2025-02-06 03:47:09,12287874-03d0-41de-8e35-df2bb90e331b,2,4.0,8.0,378.0,0,0,0,0,0,0,0,0,0,0 days 00:31:17,2
180323,Smartphone Apple iPhone 15 128GB noir,Boutique56,1066.06,2025-02-06 04:18:27,12287874-03d0-41de-8e35-df2bb90e331b,2,4.0,8.0,378.0,0,0,0,0,0,0,0,0,0,0 days 00:31:18,2
180420,Smartphone Apple iPhone 15 128GB noir,Boutique56,1066.06,2025-02-06 04:49:46,12287874-03d0-41de-8e35-df2bb90e331b,2,4.0,8.0,378.0,0,0,0,0,0,0,0,0,0,0 days 00:31:19,2
180517,Smartphone Apple iPhone 15 128GB noir,Boutique56,1066.06,2025-02-06 05:21:04,12287874-03d0-41de-8e35-df2bb90e331b,2,4.0,8.0,378.0,0,0,0,0,0,0,0,0,0,0 days 00:31:18,2
180614,Smartphone Apple iPhone 15 128GB noir,Boutique56,1066.06,2025-02-06 05:52:21,12287874-03d0-41de-8e35-df2bb90e331b,2,4.0,8.0,378.0,0,0,0,0,0,0,0,0,0,0 days 00:31:17,2
180710,Smartphone Apple iPhone 15 128GB noir,Boutique56,1066.06,2025-02-06 06:23:39,12287874-03d0-41de-8e35-df2bb90e331b,2,4.0,8.0,378.0,0,0,0,0,0,0,0,0,0,0 days 00:31:18,2
180807,Smartphone Apple iPhone 15 128GB noir,Boutique56,1066.06,2025-02-06 06:55:00,12287874-03d0-41de-8e35-df2bb90e331b,2,4.0,8.0,378.0,0,0,0,0,0,0,0,0,0,0 days 00:31:21,2
180904,Smartphone Apple iPhone 15 128GB noir,Boutique56,1066.06,2025-02-06 07:26:21,12287874-03d0-41de-8e35-df2bb90e331b,2,4.0,8.0,378.0,0,0,0,0,0,0,0,0,0,0 days 00:31:21,2
181001,Smartphone Apple iPhone 15 128GB noir,Boutique56,1066.06,2025-02-06 07:57:40,12287874-03d0-41de-8e35-df2bb90e331b,2,4.0,8.0,378.0,0,0,0,0,0,0,0,0,0,0 days 00:31:19,2
181098,Smartphone Apple iPhone 15 128GB noir,Boutique56,1066.06,2025-02-06 08:29:01,12287874-03d0-41de-8e35-df2bb90e331b,2,4.0,8.0,378.0,0,0,0,0,0,0,0,0,0,0 days 00:31:21,2
181195,Smartphone Apple iPhone 15 128GB noir,Boutique56,1066.06,2025-02-06 09:00:29,12287874-03d0-41de-8e35-df2bb90e331b,2,4.0,8.0,378.0,0,0,0,0,0,0,0,0,0,0 days 00:31:28,2
181292,Smartphone Apple iPhone 15 128GB noir,Boutique56,1066.06,2025-02-06 09:31:50,12287874-03d0-41de-8e35-df2bb90e331b,2,4.0,8.0,378.0,0,0,0,0,0,0,0,0,0,0 days 00:31:21,2
181389,Smartphone Apple iPhone 15 128GB noir,Boutique56,1066.06,2025-02-06 10:03:09,12287874-03d0-41de-8e35-df2bb90e331b,2,4.0,8.0,378.0,0,0,0,0,0,0,0,0,0,0 days 00:31:19,2
181486,Smartphone Apple iPhone 15 128GB noir,Boutique56,1066.06,2025-02-06 10:34:28,12287874-03d0-41de-8e35-df2bb90e331b,2,4.0,8.0,378.0,0,0,0,0,0,0,0,0,0,0 days 00:31:19,2
181583,Smartphone Apple iPhone 15 128GB noir,Boutique56,1066.06,2025-02-06 11:05:49,12287874-03d0-41de-8e35-df2bb90e331b,2,4.0,8.0,378.0,0,0,0,0,0,0,0,0,0,0 days 00:31:21,2
181680,Smartphone Apple iPhone 15 128GB noir,Boutique56,1066.06,2025-02-06 11:37:13,12287874-03d0-41de-8e35-df2bb90e331b,2,4.0,8.0,378.0,0,0,0,0,0,0,0,0,0,0 days 00:31:24,2
181777,Smartphone Apple iPhone 15 128GB noir,Boutique56,1066.06,2025-02-06 12:08:34,12287874-03d0-41de-8e35-df2bb90e331b,2,4.0,8.0,378.0,0,0,0,0,0,0,0,0,0,0 days 00:31:21,2
200819,"Apple iPhone 16 Plus 17 cm (6.7"") Double SIM iOS 18 5G USB Type-C 512 Go Noir",MercatoXL,2076.02,2025-02-10 21:36:31,17e78874-b814-40d2-969f-02c4f25a8289,3,3.0,38.0,955.0,0,0,0,0,0,0,1,0,0,2 days 13:36:55,2
200915,"Apple iPhone 16 Plus 17 cm (6.7"") Double SIM iOS 18 5G USB Type-C 512 Go Noir",MercatoXL,1831.0,2025-02-10 22:07:48,17e78874-b814-40d2-969f-02c4f25a8289,3,3.0,38.0,955.0,0,0,0,0,0,0,1,0,0,0 days 00:31:17,2
201013,"Apple iPhone 16 Plus 17 cm (6.7"") Double SIM iOS 18 5G USB Type-C 512 Go Noir",MercatoXL,1831.0,2025-02-10 22:39:10,17e78874-b814-40d2-969f-02c4f25a8289,3,3.0,38.0,955.0,0,0,0,0,0,0,1,0,0,0 days 00:31:22,2
201111,"Apple iPhone 16 Plus 17 cm (6.7"") Double SIM iOS 18 5G USB Type-C 512 Go Noir",MercatoXL,1831.0,2025-02-10 23:10:30,17e78874-b814-40d2-969f-02c4f25a8289,2,3.0,38.0,955.0,0,0,0,0,0,0,1,0,0,0 days 00:31:20,2
201209,"Apple iPhone 16 Plus 17 cm (6.7"") Double SIM iOS 18 5G USB Type-C 512 Go Noir",MercatoXL,1831.0,2025-02-10 23:41:49,17e78874-b814-40d2-969f-02c4f25a8289,2,3.0,38.0,955.0,0,0,0,0,0,0,1,0,0,0 days 00:31:19,2
201307,"Apple iPhone 16 Plus 17 cm (6.7"") Double SIM iOS 18 5G USB Type-C 512 Go Noir",MercatoXL,1831.0,2025-02-11 00:13:09,17e78874-b814-40d2-969f-02c4f25a8289,2,3.0,38.0,956.0,0,0,0,0,0,0,1,0,0,0 days 00:31:20,2
201405,"Apple iPhone 16 Plus 17 cm (6.7"") Double SIM iOS 18 5G USB Type-C 512 Go Noir",MercatoXL,1831.0,2025-02-11 00:44:26,17e78874-b814-40d2-969f-02c4f25a8289,2,3.0,38.0,956.0,0,0,0,0,0,0,1,0,0,0 days 00:31:17,2
201503,"Apple iPhone 16 Plus 17 cm (6.7"") Double SIM iOS 18 5G USB Type-C 512 Go Noir",MercatoXL,1831.0,2025-02-11 01:15:45,17e78874-b814-40d2-969f-02c4f25a8289,2,3.0,38.0,956.0,0,0,0,0,0,0,1,0,0,0 days 00:31:19,2
201601,"Apple iPhone 16 Plus 17 cm (6.7"") Double SIM iOS 18 5G USB Type-C 512 Go Noir",MercatoXL,1831.0,2025-02-11 01:47:02,17e78874-b814-40d2-969f-02c4f25a8289,2,3.0,38.0,956.0,0,0,0,0,0,0,1,0,0,0 days 00:31:17,2
201699,"Apple iPhone 16 Plus 17 cm (6.7"") Double SIM iOS 18 5G USB Type-C 512 Go Noir",MercatoXL,1831.0,2025-02-11 02:18:18,17e78874-b814-40d2-969f-02c4f25a8289,2,3.0,38.0,956.0,0,0,0,0,0,0,1,0,0,0 days 00:31:16,2
201797,"Apple iPhone 16 Plus 17 cm (6.7"") Double SIM iOS 18 5G USB Type-C 512 Go Noir",MercatoXL,1831.0,2025-02-11 02:49:36,17e78874-b814-40d2-969f-02c4f25a8289,2,3.0,38.0,956.0,0,0,0,0,0,0,1,0,0,0 days 00:31:18,2
201896,"Apple iPhone 16 Plus 17 cm (6.7"") Double SIM iOS 18 5G USB Type-C 512 Go Noir",MercatoXL,1831.0,2025-02-11 03:20:55,17e78874-b814-40d2-969f-02c4f25a8289,2,3.0,38.0,956.0,0,0,0,0,0,0,1,0,0,0 days 00:31:19,2
201995,"Apple iPhone 16 Plus 17 cm (6.7"") Double SIM iOS 18 5G USB Type-C 512 Go Noir",MercatoXL,1831.0,2025-02-11 03:52:12,17e78874-b814-40d2-969f-02c4f25a8289,2,3.0,38.0,956.0,0,0,0,0,0,0,1,0,0,0 days 00:31:17,2
202094,"Apple iPhone 16 Plus 17 cm (6.7"") Double SIM iOS 18 5G USB Type-C 512 Go Noir",MercatoXL,1831.0,2025-02-11 04:23:29,17e78874-b814-40d2-969f-02c4f25a8289,2,3.0,38.0,956.0,0,0,0,0,0,0,1,0,0,0 days 00:31:17,2
202193,"Apple iPhone 16 Plus 17 cm (6.7"") Double SIM iOS 18 5G USB Type-C 512 Go Noir",MercatoXL,1831.0,2025-02-11 04:54:49,17e78874-b814-40d2-969f-02c4f25a8289,2,3.0,38.0,956.0,0,0,0,0,0,0,1,0,0,0 days 00:31:20,2
202292,"Apple iPhone 16 Plus 17 cm (6.7"") Double SIM iOS 18 5G USB Type-C 512 Go Noir",MercatoXL,1831.0,2025-02-11 05:26:09,17e78874-b814-40d2-969f-02c4f25a8289,2,3.0,38.0,956.0,0,0,0,0,0,0,1,0,0,0 days 00:31:20,2
202390,"Apple iPhone 16 Plus 17 cm (6.7"") Double SIM iOS 18 5G USB Type-C 512 Go Noir",MercatoXL,1831.0,2025-02-11 05:57:25,17e78874-b814-40d2-969f-02c4f25a8289,2,3.0,38.0,956.0,0,0,0,0,0,0,1,0,0,0 days 00:31:16,2
202488,"Apple iPhone 16 Plus 17 cm (6.7"") Double SIM iOS 18 5G USB Type-C 512 Go Noir",MercatoXL,1831.0,2025-02-11 06:28:44,17e78874-b814-40d2-969f-02c4f25a8289,2,3.0,38.0,956.0,0,0,0,0,0,0,1,0,0,0 days 00:31:19,2
202586,"Apple iPhone 16 Plus 17 cm (6.7"") Double SIM iOS 18 5G USB Type-C 512 Go Noir",MercatoXL,1831.0,2025-02-11 07:00:03,17e78874-b814-40d2-969f-02c4f25a8289,2,3.0,38.0,956.0,0,0,0,0,0,0,1,0,0,0 days 00:31:19,2
202684,"Apple iPhone 16 Plus 17 cm (6.7"") Double SIM iOS 18 5G USB Type-C 512 Go Noir",MercatoXL,1831.0,2025-02-11 07:31:23,17e78874-b814-40d2-969f-02c4f25a8289,2,3.0,38.0,956.0,0,0,0,0,0,0,1,0,0,0 days 00:31:20,2
202782,"Apple iPhone 16 Plus 17 cm (6.7"") Double SIM iOS 18 5G USB Type-C 512 Go Noir",MercatoXL,1831.0,2025-02-11 08:02:42,17e78874-b814-40d2-969f-02c4f25a8289,2,3.0,38.0,956.0,0,0,0,0,0,0,1,0,0,0 days 00:31:19,2
202880,"Apple iPhone 16 Plus 17 cm (6.7"") Double SIM iOS 18 5G USB Type-C 512 Go Noir",MercatoXL,1831.0,2025-02-11 08:34:01,17e78874-b814-40d2-969f-02c4f25a8289,2,3.0,38.0,956.0,0,0,0,0,0,0,1,0,0,0 days 00:31:19,2
202978,"Apple iPhone 16 Plus 17 cm (6.7"") Double SIM iOS 18 5G USB Type-C 512 Go Noir",MercatoXL,1831.0,2025-02-11 09:05:22,17e78874-b814-40d2-969f-02c4f25a8289,2,3.0,38.0,956.0,0,0,0,0,0,0,1,0,0,0 days 00:31:21,2
203076,"Apple iPhone 16 Plus 17 cm (6.7"") Double SIM iOS 18 5G USB Type-C 512 Go Noir",MercatoXL,1831.0,2025-02-11 10:39:10,17e78874-b814-40d2-969f-02c4f25a8289,2,3.0,38.0,956.0,0,0,0,0,0,0,1,0,0,0 days 01:33:48,2
203174,"Apple iPhone 16 Plus 17 cm (6.7"") Double SIM iOS 18 5G USB Type-C 512 Go Noir",MercatoXL,1831.0,2025-02-11 11:10:33,17e78874-b814-40d2-969f-02c4f25a8289,2,3.0,38.0,956.0,0,0,0,0,0,0,1,0,0,0 days 00:31:23,2
203272,"Apple iPhone 16 Plus 17 cm (6.7"") Double SIM iOS 18 5G USB Type-C 512 Go Noir",MercatoXL,1831.0,2025-02-11 11:41:52,17e78874-b814-40d2-969f-02c4f25a8289,2,3.0,38.0,956.0,0,0,0,0,0,0,1,0,0,0 days 00:31:19,2
203370,"Apple iPhone 16 Plus 17 cm (6.7"") Double SIM iOS 18 5G USB Type-C 512 Go Noir",MercatoXL,1831.0,2025-02-11 12:13:12,17e78874-b814-40d2-969f-02c4f25a8289,2,3.0,38.0,956.0,0,0,0,0,0,0,1,0,0,0 days 00:31:20,2
203468,"Apple iPhone 16 Plus 17 cm (6.7"") Double SIM iOS 18 5G USB Type-C 512 Go Noir",MercatoXL,1831.0,2025-02-11 12:44:33,17e78874-b814-40d2-969f-02c4f25a8289,2,3.0,38.0,956.0,0,0,0,0,0,0,1,0,0,0 days 00:31:21,2
140496,Smartphone Apple iPhone 14 256Go Noir Midnight,Boutique56,1107.13,2025-01-27 23:12:08,1c94c6c2-4393-472d-ae82-f1c0928ed9cd,2,4.0,8.0,368.0,0,0,0,0,0,0,0,0,0,8 days 09:40:06,1
140595,Smartphone Apple iPhone 14 256Go Noir Midnight,Boutique56,1107.13,2025-01-27 23:43:26,1c94c6c2-4393-472d-ae82-f1c0928ed9cd,2,4.0,8.0,368.0,0,0,0,0,0,0,0,0,0,0 days 00:31:18,1
140694,Smartphone Apple iPhone 14 256Go Noir Midnight,Boutique56,1107.13,2025-01-28 00:14:46,1c94c6c2-4393-472d-ae82-f1c0928ed9cd,2,4.0,8.0,369.0,0,0,0,0,0,0,0,0,0,0 days 00:31:20,1
140793,Smartphone Apple iPhone 14 256Go Noir Midnight,Boutique56,1059.68,2025-01-28 00:46:10,1c94c6c2-4393-472d-ae82-f1c0928ed9cd,2,4.0,8.0,369.0,0,0,0,0,0,0,0,0,0,0 days 00:31:24,1
140892,Smartphone Apple iPhone 14 256Go Noir Midnight,Boutique56,1059.68,2025-01-28 01:17:29,1c94c6c2-4393-472d-ae82-f1c0928ed9cd,2,4.0,8.0,369.0,0,0,0,0,0,0,0,0,0,0 days 00:31:19,1
140991,Smartphone Apple iPhone 14 256Go Noir Midnight,Boutique56,1059.68,2025-01-28 01:48:46,1c94c6c2-4393-472d-ae82-f1c0928ed9cd,2,4.0,8.0,369.0,0,0,0,0,0,0,0,0,0,0 days 00:31:17,1
141090,Smartphone Apple iPhone 14 256Go Noir Midnight,Boutique56,1059.68,2025-01-28 02:20:06,1c94c6c2-4393-472d-ae82-f1c0928ed9cd,2,4.0,8.0,369.0,0,0,0,0,0,0,0,0,0,0 days 00:31:20,1
141191,Smartphone Apple iPhone 14 256Go Noir Midnight,Boutique56,1059.68,2025-01-28 02:51:24,1c94c6c2-4393-472d-ae82-f1c0928ed9cd,2,4.0,8.0,369.0,0,0,0,0,0,0,0,0,0,0 days 00:31:18,1
141292,Smartphone Apple iPhone 14 256Go Noir Midnight,Boutique56,1059.68,2025-01-28 03:22:41,1c94c6c2-4393-472d-ae82-f1c0928ed9cd,2,4.0,8.0,369.0,0,0,0,0,0,0,0,0,0,0 days 00:31:17,1
141393,Smartphone Apple iPhone 14 256Go Noir Midnight,Boutique56,1059.68,2025-01-28 03:53:59,1c94c6c2-4393-472d-ae82-f1c0928ed9cd,2,4.0,8.0,369.0,0,0,0,0,0,0,0,0,0,0 days 00:31:18,1
141494,Smartphone Apple iPhone 14 256Go Noir Midnight,Boutique56,1059.68,2025-01-28 04:25:16,1c94c6c2-4393-472d-ae82-f1c0928ed9cd,2,4.0,8.0,369.0,0,0,0,0,0,0,0,0,0,0 days 00:31:17,1
141595,Smartphone Apple iPhone 14 256Go Noir Midnight,Boutique56,1059.68,2025-01-28 04:56:34,1c94c6c2-4393-472d-ae82-f1c0928ed9cd,2,4.0,8.0,369.0,0,0,0,0,0,0,0,0,0,0 days 00:31:18,1
141694,Smartphone Apple iPhone 14 256Go Noir Midnight,Boutique56,1059.68,2025-01-28 05:28:05,1c94c6c2-4393-472d-ae82-f1c0928ed9cd,2,4.0,8.0,369.0,0,0,0,0,0,0,0,0,0,0 days 00:31:31,1
141795,Smartphone Apple iPhone 14 256Go Noir Midnight,Boutique56,1059.68,2025-01-28 05:59:22,1c94c6c2-4393-472d-ae82-f1c0928ed9cd,2,4.0,8.0,369.0,0,0,0,0,0,0,0,0,0,0 days 00:31:17,1
141895,Smartphone Apple iPhone 14 256Go Noir Midnight,Boutique56,1059.68,2025-01-28 06:30:45,1c94c6c2-4393-472d-ae82-f1c0928ed9cd,2,4.0,8.0,369.0,0,0,0,0,0,0,0,0,0,0 days 00:31:23,1
141994,Smartphone Apple iPhone 14 256Go Noir Midnight,Boutique56,1059.68,2025-01-28 07:02:04,1c94c6c2-4393-472d-ae82-f1c0928ed9cd,2,4.0,8.0,369.0,0,0,0,0,0,0,0,0,0,0 days 00:31:19,1
142093,Smartphone Apple iPhone 14 256Go Noir Midnight,Boutique56,1059.68,2025-01-28 07:33:22,1c94c6c2-4393-472d-ae82-f1c0928ed9cd,2,4.0,8.0,369.0,0,0,0,0,0,0,0,0,0,0 days 00:31:18,1
142192,Smartphone Apple iPhone 14 256Go Noir Midnight,Boutique56,1059.68,2025-01-28 08:04:41,1c94c6c2-4393-472d-ae82-f1c0928ed9cd,2,4.0,8.0,369.0,0,0,0,0,0,0,0,0,0,0 days 00:31:19,1
142291,Smartphone Apple iPhone 14 256Go Noir Midnight,Boutique56,1059.68,2025-01-28 08:36:09,1c94c6c2-4393-472d-ae82-f1c0928ed9cd,2,4.0,8.0,369.0,0,0,0,0,0,0,0,0,0,0 days 00:31:28,1
142390,Smartphone Apple iPhone 14 256Go Noir Midnight,Boutique56,1059.68,2025-01-28 09:07:30,1c94c6c2-4393-472d-ae82-f1c0928ed9cd,2,4.0,8.0,369.0,0,0,0,0,0,0,0,0,0,0 days 00:31:21,1
142489,Smartphone Apple iPhone 14 256Go Noir Midnight,Boutique56,1059.68,2025-01-28 09:38:51,1c94c6c2-4393-472d-ae82-f1c0928ed9cd,2,4.0,8.0,369.0,0,0,0,0,0,0,0,0,0,0 days 00:31:21,1
142587,Smartphone Apple iPhone 14 256Go Noir Midnight,Boutique56,1059.68,2025-01-28 10:10:20,1c94c6c2-4393-472d-ae82-f1c0928ed9cd,2,4.0,8.0,369.0,0,0,0,0,0,0,0,0,0,0 days 00:31:29,1
142685,Smartphone Apple iPhone 14 256Go Noir Midnight,Boutique56,1059.68,2025-01-28 10:41:42,1c94c6c2-4393-472d-ae82-f1c0928ed9cd,2,4.0,8.0,369.0,0,0,0,0,0,0,0,0,0,0 days 00:31:22,1
142778,Smartphone Apple iPhone 14 256Go Noir Midnight,Boutique56,1059.68,2025-01-28 11:13:06,1c94c6c2-4393-472d-ae82-f1c0928ed9cd,2,4.0,8.0,369.0,0,0,0,0,0,0,0,0,0,0 days 00:31:24,1
142873,Smartphone Apple iPhone 14 256Go Noir Midnight,Boutique56,1059.68,2025-01-28 11:44:25,1c94c6c2-4393-472d-ae82-f1c0928ed9cd,2,4.0,8.0,369.0,0,0,0,0,0,0,0,0,0,0 days 00:31:19,1
142967,Smartphone Apple iPhone 14 256Go Noir Midnight,Boutique56,1059.68,2025-01-28 12:15:50,1c94c6c2-4393-472d-ae82-f1c0928ed9cd,2,4.0,8.0,369.0,0,0,0,0,0,0,0,0,0,0 days 00:31:25,1
143061,Smartphone Apple iPhone 14 256Go Noir Midnight,Boutique56,1059.68,2025-01-28 12:47:15,1c94c6c2-4393-472d-ae82-f1c0928ed9cd,2,4.0,8.0,369.0,0,0,0,0,0,0,0,0,0,0 days 00:31:25,1
175115,Smartphone Apple iPhone 14 256Go Noir Midnight,Boutique56,1107.13,2025-02-04 23:35:06,1c94c6c2-4393-472d-ae82-f1c0928ed9cd,2,4.0,8.0,376.0,0,0,0,0,0,0,0,0,0,7 days 10:47:51,2
175207,Smartphone Apple iPhone 14 256Go Noir Midnight,Boutique56,1107.13,2025-02-05 00:06:29,1c94c6c2-4393-472d-ae82-f1c0928ed9cd,2,4.0,8.0,377.0,0,0,0,0,0,0,0,0,0,0 days 00:31:23,2
175299,Smartphone Apple iPhone 14 256Go Noir Midnight,Boutique56,1107.13,2025-02-05 00:37:50,1c94c6c2-4393-472d-ae82-f1c0928ed9cd,2,4.0,8.0,377.0,0,0,0,0,0,0,0,0,0,0 days 00:31:21,2
175391,Smartphone Apple iPhone 14 256Go Noir Midnight,Boutique56,1107.13,2025-02-05 01:09:11,1c94c6c2-4393-472d-ae82-f1c0928ed9cd,2,4.0,8.0,377.0,0,0,0,0,0,0,0,0,0,0 days 00:31:21,2
175483,Smartphone Apple iPhone 14 256Go Noir Midnight,Boutique56,1107.13,2025-02-05 01:40:32,1c94c6c2-4393-472d-ae82-f1c0928ed9cd,2,4.0,8.0,377.0,0,0,0,0,0,0,0,0,0,0 days 00:31:21,2
175578,Smartphone Apple iPhone 14 256Go Noir Midnight,Boutique56,1107.13,2025-02-05 02:11:51,1c94c6c2-4393-472d-ae82-f1c0928ed9cd,2,4.0,8.0,377.0,0,0,0,0,0,0,0,0,0,0 days 00:31:19,2
175674,Smartphone Apple iPhone 14 256Go Noir Midnight,Boutique56,1107.13,2025-02-05 02:43:08,1c94c6c2-4393-472d-ae82-f1c0928ed9cd,2,4.0,8.0,377.0,0,0,0,0,0,0,0,0,0,0 days 00:31:17,2
175770,Smartphone Apple iPhone 14 256Go Noir Midnight,Boutique56,1107.13,2025-02-05 03:14:25,1c94c6c2-4393-472d-ae82-f1c0928ed9cd,2,4.0,8.0,377.0,0,0,0,0,0,0,0,0,0,0 days 00:31:17,2
175866,Smartphone Apple iPhone 14 256Go Noir Midnight,Boutique56,1107.13,2025-02-05 03:45:44,1c94c6c2-4393-472d-ae82-f1c0928ed9cd,2,4.0,8.0,377.0,0,0,0,0,0,0,0,0,0,0 days 00:31:19,2
175962,Smartphone Apple iPhone 14 256Go Noir Midnight,Boutique56,1107.13,2025-02-05 04:17:04,1c94c6c2-4393-472d-ae82-f1c0928ed9cd,2,4.0,8.0,377.0,0,0,0,0,0,0,0,0,0,0 days 00:31:20,2
176058,Smartphone Apple iPhone 14 256Go Noir Midnight,Boutique56,1107.13,2025-02-05 04:48:25,1c94c6c2-4393-472d-ae82-f1c0928ed9cd,2,4.0,8.0,377.0,0,0,0,0,0,0,0,0,0,0 days 00:31:21,2
176154,Smartphone Apple iPhone 14 256Go Noir Midnight,Boutique56,1107.13,2025-02-05 05:19:46,1c94c6c2-4393-472d-ae82-f1c0928ed9cd,2,4.0,8.0,377.0,0,0,0,0,0,0,0,0,0,0 days 00:31:21,2
176250,Smartphone Apple iPhone 14 256Go Noir Midnight,Boutique56,1107.13,2025-02-05 05:51:12,1c94c6c2-4393-472d-ae82-f1c0928ed9cd,2,4.0,8.0,377.0,0,0,0,0,0,0,0,0,0,0 days 00:31:26,2
176346,Smartphone Apple iPhone 14 256Go Noir Midnight,Boutique56,1107.13,2025-02-05 06:22:32,1c94c6c2-4393-472d-ae82-f1c0928ed9cd,2,4.0,8.0,377.0,0,0,0,0,0,0,0,0,0,0 days 00:31:20,2
176442,Smartphone Apple iPhone 14 256Go Noir Midnight,Boutique56,1107.13,2025-02-05 06:53:50,1c94c6c2-4393-472d-ae82-f1c0928ed9cd,2,4.0,8.0,377.0,0,0,0,0,0,0,0,0,0,0 days 00:31:18,2
176537,Smartphone Apple iPhone 14 256Go Noir Midnight,Boutique56,1107.13,2025-02-05 07:25:12,1c94c6c2-4393-472d-ae82-f1c0928ed9cd,2,4.0,8.0,377.0,0,0,0,0,0,0,0,0,0,0 days 00:31:22,2
176632,Smartphone Apple iPhone 14 256Go Noir Midnight,Boutique56,1107.13,2025-02-05 07:56:31,1c94c6c2-4393-472d-ae82-f1c0928ed9cd,2,4.0,8.0,377.0,0,0,0,0,0,0,0,0,0,0 days 00:31:19,2
176727,Smartphone Apple iPhone 14 256Go Noir Midnight,Boutique56,1107.13,2025-02-05 08:27:49,1c94c6c2-4393-472d-ae82-f1c0928ed9cd,2,4.0,8.0,377.0,0,0,0,0,0,0,0,0,0,0 days 00:31:18,2
176822,Smartphone Apple iPhone 14 256Go Noir Midnight,Boutique56,1107.13,2025-02-05 08:59:09,1c94c6c2-4393-472d-ae82-f1c0928ed9cd,2,4.0,8.0,377.0,0,0,0,0,0,0,0,0,0,0 days 00:31:20,2
176917,Smartphone Apple iPhone 14 256Go Noir Midnight,Boutique56,1107.13,2025-02-05 09:30:31,1c94c6c2-4393-472d-ae82-f1c0928ed9cd,2,4.0,8.0,377.0,0,0,0,0,0,0,0,0,0,0 days 00:31:22,2
177012,Smartphone Apple iPhone 14 256Go Noir Midnight,Boutique56,1107.13,2025-02-05 10:01:50,1c94c6c2-4393-472d-ae82-f1c0928ed9cd,2,4.0,8.0,377.0,0,0,0,0,0,0,0,0,0,0 days 00:31:19,2
177107,Smartphone Apple iPhone 14 256Go Noir Midnight,Boutique56,1107.13,2025-02-05 10:33:08,1c94c6c2-4393-472d-ae82-f1c0928ed9cd,2,4.0,8.0,377.0,0,0,0,0,0,0,0,0,0,0 days 00:31:18,2
177202,Smartphone Apple iPhone 14 256Go Noir Midnight,Boutique56,1107.13,2025-02-05 11:04:27,1c94c6c2-4393-472d-ae82-f1c0928ed9cd,2,4.0,8.0,377.0,0,0,0,0,0,0,0,0,0,0 days 00:31:19,2
177297,Smartphone Apple iPhone 14 256Go Noir Midnight,Boutique56,1107.13,2025-02-05 11:35:53,1c94c6c2-4393-472d-ae82-f1c0928ed9cd,2,4.0,8.0,377.0,0,0,0,0,0,0,0,0,0,0 days 00:31:26,2
177392,Smartphone Apple iPhone 14 256Go Noir Midnight,Boutique56,1107.13,2025-02-05 12:07:12,1c94c6c2-4393-472d-ae82-f1c0928ed9cd,2,4.0,8.0,377.0,0,0,0,0,0,0,0,0,0,0 days 00:31:19,2
177487,Smartphone Apple iPhone 14 256Go Noir Midnight,Boutique56,1107.13,2025-02-05 12:38:32,1c94c6c2-4393-472d-ae82-f1c0928ed9cd,2,4.0,8.0,377.0,0,0,0,0,0,0,0,0,0,0 days 00:31:20,2
177582,Smartphone Apple iPhone 14 256Go Noir Midnight,Boutique56,1107.13,2025-02-05 13:09:55,1c94c6c2-4393-472d-ae82-f1c0928ed9cd,2,4.0,8.0,377.0,0,0,0,0,0,0,0,0,0,0 days 00:31:23,2
177677,Smartphone Apple iPhone 14 256Go Noir Midnight,Boutique56,1107.13,2025-02-05 13:41:25,1c94c6c2-4393-472d-ae82-f1c0928ed9cd,2,4.0,8.0,377.0,0,0,0,0,0,0,0,0,0,0 days 00:31:30,2
177773,Smartphone Apple iPhone 14 256Go Noir Midnight,Boutique56,1107.13,2025-02-05 14:12:48,1c94c6c2-4393-472d-ae82-f1c0928ed9cd,3,4.0,8.0,377.0,0,0,0,0,0,0,0,0,0,0 days 00:31:23,2
177869,Smartphone Apple iPhone 14 256Go Noir Midnight,Boutique56,1107.13,2025-02-05 14:44:13,1c94c6c2-4393-472d-ae82-f1c0928ed9cd,3,4.0,8.0,377.0,0,0,0,0,0,0,0,0,0,0 days 00:31:25,2
177965,Smartphone Apple iPhone 14 256Go Noir Midnight,Boutique56,1107.13,2025-02-05 15:15:33,1c94c6c2-4393-472d-ae82-f1c0928ed9cd,3,4.0,8.0,377.0,0,0,0,0,0,0,0,0,0,0 days 00:31:20,2
178061,Smartphone Apple iPhone 14 256Go Noir Midnight,Boutique56,1107.13,2025-02-05 15:46:53,1c94c6c2-4393-472d-ae82-f1c0928ed9cd,3,4.0,8.0,377.0,0,0,0,0,0,0,0,0,0,0 days 00:31:20,2
178157,Smartphone Apple iPhone 14 256Go Noir Midnight,Boutique56,1107.13,2025-02-05 16:18:12,1c94c6c2-4393-472d-ae82-f1c0928ed9cd,3,4.0,8.0,377.0,0,0,0,0,0,0,0,0,0,0 days 00:31:19,2
178254,Smartphone Apple iPhone 14 256Go Noir Midnight,Boutique56,1107.13,2025-02-05 16:49:35,1c94c6c2-4393-472d-ae82-f1c0928ed9cd,3,4.0,8.0,377.0,0,0,0,0,0,0,0,0,0,0 days 00:31:23,2
178349,Smartphone Apple iPhone 14 256Go Noir Midnight,Boutique56,1107.13,2025-02-05 17:21:01,1c94c6c2-4393-472d-ae82-f1c0928ed9cd,3,4.0,8.0,377.0,0,0,0,0,0,0,0,0,0,0 days 00:31:26,2
178446,Smartphone Apple iPhone 14 256Go Noir Midnight,Boutique56,1107.13,2025-02-05 17:52:25,1c94c6c2-4393-472d-ae82-f1c0928ed9cd,3,4.0,8.0,377.0,0,0,0,0,0,0,0,0,0,0 days 00:31:24,2
178542,Smartphone Apple iPhone 14 256Go Noir Midnight,Boutique56,1107.13,2025-02-05 18:23:45,1c94c6c2-4393-472d-ae82-f1c0928ed9cd,3,4.0,8.0,377.0,0,0,0,0,0,0,0,0,0,0 days 00:31:20,2
178638,Smartphone Apple iPhone 14 256Go Noir Midnight,Boutique56,1107.13,2025-02-05 18:55:05,1c94c6c2-4393-472d-ae82-f1c0928ed9cd,3,4.0,8.0,377.0,0,0,0,0,0,0,0,0,0,0 days 00:31:20,2
178734,Smartphone Apple iPhone 14 256Go Noir Midnight,Boutique56,1107.13,2025-02-05 19:26:24,1c94c6c2-4393-472d-ae82-f1c0928ed9cd,3,4.0,8.0,377.0,0,0,0,0,0,0,0,0,0,0 days 00:31:19,2
178830,Smartphone Apple iPhone 14 256Go Noir Midnight,Boutique56,1107.13,2025-02-05 19:57:43,1c94c6c2-4393-472d-ae82-f1c0928ed9cd,3,4.0,8.0,377.0,0,0,0,0,0,0,0,0,0,0 days 00:31:19,2
178926,Smartphone Apple iPhone 14 256Go Noir Midnight,Boutique56,1107.13,2025-02-05 20:29:02,1c94c6c2-4393-472d-ae82-f1c0928ed9cd,3,4.0,8.0,377.0,0,0,0,0,0,0,0,0,0,0 days 00:31:19,2
179020,Smartphone Apple iPhone 14 256Go Noir Midnight,Boutique56,1107.13,2025-02-05 21:00:27,1c94c6c2-4393-472d-ae82-f1c0928ed9cd,3,4.0,8.0,377.0,0,0,0,0,0,0,0,0,0,0 days 00:31:25,2
179111,Smartphone Apple iPhone 14 256Go Noir Midnight,Boutique56,1107.13,2025-02-05 21:31:45,1c94c6c2-4393-472d-ae82-f1c0928ed9cd,3,4.0,8.0,377.0,0,0,0,0,0,0,0,0,0,0 days 00:31:18,2
179203,Smartphone Apple iPhone 14 256Go Noir Midnight,Boutique56,1107.13,2025-02-05 22:03:03,1c94c6c2-4393-472d-ae82-f1c0928ed9cd,3,4.0,8.0,377.0,0,0,0,0,0,0,0,0,0,0 days 00:31:18,2
179295,Smartphone Apple iPhone 14 256Go Noir Midnight,Boutique56,1107.13,2025-02-05 22:34:20,1c94c6c2-4393-472d-ae82-f1c0928ed9cd,3,4.0,8.0,377.0,0,0,0,0,0,0,0,0,0,0 days 00:31:17,2
179387,Smartphone Apple iPhone 14 256Go Noir Midnight,Boutique56,1107.13,2025-02-05 23:05:40,1c94c6c2-4393-472d-ae82-f1c0928ed9cd,2,4.0,8.0,377.0,0,0,0,0,0,0,0,0,0,0 days 00:31:20,2
179479,Smartphone Apple iPhone 14 256Go Noir Midnight,Boutique56,1107.13,2025-02-05 23:36:57,1c94c6c2-4393-472d-ae82-f1c0928ed9cd,2,4.0,8.0,377.0,0,0,0,0,0,0,0,0,0,0 days 00:31:17,2
179571,Smartphone Apple iPhone 14 256Go Noir Midnight,Boutique56,1107.13,2025-02-06 00:08:16,1c94c6c2-4393-472d-ae82-f1c0928ed9cd,2,4.0,8.0,378.0,0,0,0,0,0,0,0,0,0,0 days 00:31:19,2
179663,Smartphone Apple iPhone 14 256Go Noir Midnight,Boutique56,1107.13,2025-02-06 00:39:35,1c94c6c2-4393-472d-ae82-f1c0928ed9cd,2,4.0,8.0,378.0,0,0,0,0,0,0,0,0,0,0 days 00:31:19,2
179755,Smartphone Apple iPhone 14 256Go Noir Midnight,Boutique56,1107.13,2025-02-06 01:10:54,1c94c6c2-4393-472d-ae82-f1c0928ed9cd,2,4.0,8.0,378.0,0,0,0,0,0,0,0,0,0,0 days 00:31:19,2
179852,Smartphone Apple iPhone 14 256Go Noir Midnight,Boutique56,1107.13,2025-02-06 01:42:12,1c94c6c2-4393-472d-ae82-f1c0928ed9cd,2,4.0,8.0,378.0,0,0,0,0,0,0,0,0,0,0 days 00:31:18,2
179949,Smartphone Apple iPhone 14 256Go Noir Midnight,Boutique56,1107.13,2025-02-06 02:13:30,1c94c6c2-4393-472d-ae82-f1c0928ed9cd,2,4.0,8.0,378.0,0,0,0,0,0,0,0,0,0,0 days 00:31:18,2
180046,Smartphone Apple iPhone 14 256Go Noir Midnight,Boutique56,1107.13,2025-02-06 02:44:46,1c94c6c2-4393-472d-ae82-f1c0928ed9cd,2,4.0,8.0,378.0,0,0,0,0,0,0,0,0,0,0 days 00:31:16,2
180143,Smartphone Apple iPhone 14 256Go Noir Midnight,Boutique56,1107.13,2025-02-06 03:16:05,1c94c6c2-4393-472d-ae82-f1c0928ed9cd,2,4.0,8.0,378.0,0,0,0,0,0,0,0,0,0,0 days 00:31:19,2
180240,Smartphone Apple iPhone 14 256Go Noir Midnight,Boutique56,1107.13,2025-02-06 03:47:22,1c94c6c2-4393-472d-ae82-f1c0928ed9cd,2,4.0,8.0,378.0,0,0,0,0,0,0,0,0,0,0 days 00:31:17,2
180337,Smartphone Apple iPhone 14 256Go Noir Midnight,Boutique56,1107.13,2025-02-06 04:18:41,1c94c6c2-4393-472d-ae82-f1c0928ed9cd,2,4.0,8.0,378.0,0,0,0,0,0,0,0,0,0,0 days 00:31:19,2
180434,Smartphone Apple iPhone 14 256Go Noir Midnight,Boutique56,1107.13,2025-02-06 04:49:59,1c94c6c2-4393-472d-ae82-f1c0928ed9cd,2,4.0,8.0,378.0,0,0,0,0,0,0,0,0,0,0 days 00:31:18,2
180531,Smartphone Apple iPhone 14 256Go Noir Midnight,Boutique56,1107.13,2025-02-06 05:21:17,1c94c6c2-4393-472d-ae82-f1c0928ed9cd,2,4.0,8.0,378.0,0,0,0,0,0,0,0,0,0,0 days 00:31:18,2
180628,Smartphone Apple iPhone 14 256Go Noir Midnight,Boutique56,1107.13,2025-02-06 05:52:34,1c94c6c2-4393-472d-ae82-f1c0928ed9cd,2,4.0,8.0,378.0,0,0,0,0,0,0,0,0,0,0 days 00:31:17,2
180725,Smartphone Apple iPhone 14 256Go Noir Midnight,Boutique56,1107.13,2025-02-06 06:23:51,1c94c6c2-4393-472d-ae82-f1c0928ed9cd,2,4.0,8.0,378.0,0,0,0,0,0,0,0,0,0,0 days 00:31:17,2
180822,Smartphone Apple iPhone 14 256Go Noir Midnight,Boutique56,1107.13,2025-02-06 06:55:15,1c94c6c2-4393-472d-ae82-f1c0928ed9cd,2,4.0,8.0,378.0,0,0,0,0,0,0,0,0,0,0 days 00:31:24,2
180919,Smartphone Apple iPhone 14 256Go Noir Midnight,Boutique56,1107.13,2025-02-06 07:26:34,1c94c6c2-4393-472d-ae82-f1c0928ed9cd,2,4.0,8.0,378.0,0,0,0,0,0,0,0,0,0,0 days 00:31:19,2
181016,Smartphone Apple iPhone 14 256Go Noir Midnight,Boutique56,1107.13,2025-02-06 07:57:52,1c94c6c2-4393-472d-ae82-f1c0928ed9cd,2,4.0,8.0,378.0,0,0,0,0,0,0,0,0,0,0 days 00:31:18,2
181113,Smartphone Apple iPhone 14 256Go Noir Midnight,Boutique56,1107.13,2025-02-06 08:29:14,1c94c6c2-4393-472d-ae82-f1c0928ed9cd,2,4.0,8.0,378.0,0,0,0,0,0,0,0,0,0,0 days 00:31:22,2
181210,Smartphone Apple iPhone 14 256Go Noir Midnight,Boutique56,1107.13,2025-02-06 09:00:43,1c94c6c2-4393-472d-ae82-f1c0928ed9cd,2,4.0,8.0,378.0,0,0,0,0,0,0,0,0,0,0 days 00:31:29,2
181307,Smartphone Apple iPhone 14 256Go Noir Midnight,Boutique56,1107.13,2025-02-06 09:32:03,1c94c6c2-4393-472d-ae82-f1c0928ed9cd,2,4.0,8.0,378.0,0,0,0,0,0,0,0,0,0,0 days 00:31:20,2
181404,Smartphone Apple iPhone 14 256Go Noir Midnight,Boutique56,1107.13,2025-02-06 10:03:22,1c94c6c2-4393-472d-ae82-f1c0928ed9cd,2,4.0,8.0,378.0,0,0,0,0,0,0,0,0,0,0 days 00:31:19,2
181501,Smartphone Apple iPhone 14 256Go Noir Midnight,Boutique56,1107.13,2025-02-06 10:34:41,1c94c6c2-4393-472d-ae82-f1c0928ed9cd,2,4.0,8.0,378.0,0,0,0,0,0,0,0,0,0,0 days 00:31:19,2
181598,Smartphone Apple iPhone 14 256Go Noir Midnight,Boutique56,1107.13,2025-02-06 11:06:03,1c94c6c2-4393-472d-ae82-f1c0928ed9cd,2,4.0,8.0,378.0,0,0,0,0,0,0,0,0,0,0 days 00:31:22,2
181695,Smartphone Apple iPhone 14 256Go Noir Midnight,Boutique56,1107.13,2025-02-06 11:37:26,1c94c6c2-4393-472d-ae82-f1c0928ed9cd,2,4.0,8.0,378.0,0,0,0,0,0,0,0,0,0,0 days 00:31:23,2
181792,Smartphone Apple iPhone 14 256Go Noir Midnight,Boutique56,1107.13,2025-02-06 12:08:47,1c94c6c2-4393-472d-ae82-f1c0928ed9cd,2,4.0,8.0,378.0,0,0,0,0,0,0,0,0,0,0 days 00:31:21,2
140566,Smartphone Apple iPhone 15 256GB noir,Boutique56,1142.59,2025-01-27 23:43:06,1ee84646-1338-462e-9d2b-65763d94f533,2,4.0,8.0,368.0,0,0,0,0,0,0,0,0,0,8 days 10:11:24,1
140665,Smartphone Apple iPhone 15 256GB noir,Boutique56,1142.59,2025-01-28 00:14:26,1ee84646-1338-462e-9d2b-65763d94f533,2,4.0,8.0,369.0,0,0,0,0,0,0,0,0,0,0 days 00:31:20,1
140764,Smartphone Apple iPhone 15 256GB noir,Boutique56,1142.59,2025-01-28 00:45:48,1ee84646-1338-462e-9d2b-65763d94f533,2,4.0,8.0,369.0,0,0,0,0,0,0,0,0,0,0 days 00:31:22,1
140863,Smartphone Apple iPhone 15 256GB noir,Boutique56,1142.59,2025-01-28 01:17:10,1ee84646-1338-462e-9d2b-65763d94f533,2,4.0,8.0,369.0,0,0,0,0,0,0,0,0,0,0 days 00:31:22,1
140962,Smartphone Apple iPhone 15 256GB noir,Boutique56,1142.59,2025-01-28 01:48:27,1ee84646-1338-462e-9d2b-65763d94f533,2,4.0,8.0,369.0,0,0,0,0,0,0,0,0,0,0 days 00:31:17,1
141061,Smartphone Apple iPhone 15 256GB noir,Boutique56,1142.59,2025-01-28 02:19:46,1ee84646-1338-462e-9d2b-65763d94f533,2,4.0,8.0,369.0,0,0,0,0,0,0,0,0,0,0 days 00:31:19,1
141161,Smartphone Apple iPhone 15 256GB noir,Boutique56,1142.59,2025-01-28 02:51:05,1ee84646-1338-462e-9d2b-65763d94f533,2,4.0,8.0,369.0,0,0,0,0,0,0,0,0,0,0 days 00:31:19,1
141262,Smartphone Apple iPhone 15 256GB noir,Boutique56,1142.59,2025-01-28 03:22:22,1ee84646-1338-462e-9d2b-65763d94f533,2,4.0,8.0,369.0,0,0,0,0,0,0,0,0,0,0 days 00:31:17,1
141363,Smartphone Apple iPhone 15 256GB noir,Boutique56,1142.59,2025-01-28 03:53:39,1ee84646-1338-462e-9d2b-65763d94f533,2,4.0,8.0,369.0,0,0,0,0,0,0,0,0,0,0 days 00:31:17,1
141464,Smartphone Apple iPhone 15 256GB noir,Boutique56,1142.59,2025-01-28 04:24:57,1ee84646-1338-462e-9d2b-65763d94f533,2,4.0,8.0,369.0,0,0,0,0,0,0,0,0,0,0 days 00:31:18,1
141565,Smartphone Apple iPhone 15 256GB noir,Boutique56,1142.59,2025-01-28 04:56:15,1ee84646-1338-462e-9d2b-65763d94f533,2,4.0,8.0,369.0,0,0,0,0,0,0,0,0,0,0 days 00:31:18,1
141666,Smartphone Apple iPhone 15 256GB noir,Boutique56,1142.59,2025-01-28 05:27:39,1ee84646-1338-462e-9d2b-65763d94f533,2,4.0,8.0,369.0,0,0,0,0,0,0,0,0,0,0 days 00:31:24,1
141766,Smartphone Apple iPhone 15 256GB noir,Boutique56,1142.59,2025-01-28 05:59:03,1ee84646-1338-462e-9d2b-65763d94f533,2,4.0,8.0,369.0,0,0,0,0,0,0,0,0,0,0 days 00:31:24,1
141866,Smartphone Apple iPhone 15 256GB noir,Boutique56,1142.59,2025-01-28 06:30:25,1ee84646-1338-462e-9d2b-65763d94f533,2,4.0,8.0,369.0,0,0,0,0,0,0,0,0,0,0 days 00:31:22,1
141965,Smartphone Apple iPhone 15 256GB noir,Boutique56,1142.59,2025-01-28 07:01:44,1ee84646-1338-462e-9d2b-65763d94f533,2,4.0,8.0,369.0,0,0,0,0,0,0,0,0,0,0 days 00:31:19,1
142064,Smartphone Apple iPhone 15 256GB noir,Boutique56,1142.59,2025-01-28 07:33:02,1ee84646-1338-462e-9d2b-65763d94f533,2,4.0,8.0,369.0,0,0,0,0,0,0,0,0,0,0 days 00:31:18,1
142163,Smartphone Apple iPhone 15 256GB noir,Boutique56,1142.59,2025-01-28 08:04:22,1ee84646-1338-462e-9d2b-65763d94f533,2,4.0,8.0,369.0,0,0,0,0,0,0,0,0,0,0 days 00:31:20,1
142262,Smartphone Apple iPhone 15 256GB noir,Boutique56,1142.59,2025-01-28 08:35:49,1ee84646-1338-462e-9d2b-65763d94f533,2,4.0,8.0,369.0,0,0,0,0,0,0,0,0,0,0 days 00:31:27,1
142361,Smartphone Apple iPhone 15 256GB noir,Boutique56,1142.59,2025-01-28 09:07:10,1ee84646-1338-462e-9d2b-65763d94f533,2,4.0,8.0,369.0,0,0,0,0,0,0,0,0,0,0 days 00:31:21,1
142460,Smartphone Apple iPhone 15 256GB noir,Boutique56,1142.59,2025-01-28 09:38:31,1ee84646-1338-462e-9d2b-65763d94f533,2,4.0,8.0,369.0,0,0,0,0,0,0,0,0,0,0 days 00:31:21,1
142558,Smartphone Apple iPhone 15 256GB noir,Boutique56,1142.59,2025-01-28 10:09:56,1ee84646-1338-462e-9d2b-65763d94f533,2,4.0,8.0,369.0,0,0,0,0,0,0,0,0,0,0 days 00:31:25,1
142656,Smartphone Apple iPhone 15 256GB noir,Boutique56,1142.59,2025-01-28 10:41:23,1ee84646-1338-462e-9d2b-65763d94f533,2,4.0,8.0,369.0,0,0,0,0,0,0,0,0,0,0 days 00:31:27,1
142751,Smartphone Apple iPhone 15 256GB noir,Boutique56,1142.59,2025-01-28 11:12:45,1ee84646-1338-462e-9d2b-65763d94f533,2,4.0,8.0,369.0,0,0,0,0,0,0,0,0,0,0 days 00:31:22,1
142845,Smartphone Apple iPhone 15 256GB noir,Boutique56,1142.59,2025-01-28 11:44:05,1ee84646-1338-462e-9d2b-65763d94f533,2,4.0,8.0,369.0,0,0,0,0,0,0,0,0,0,0 days 00:31:20,1
142939,Smartphone Apple iPhone 15 256GB noir,Boutique56,1142.59,2025-01-28 12:15:29,1ee84646-1338-462e-9d2b-65763d94f533,2,4.0,8.0,369.0,0,0,0,0,0,0,0,0,0,0 days 00:31:24,1
143033,Smartphone Apple iPhone 15 256GB noir,Boutique56,1142.59,2025-01-28 12:46:54,1ee84646-1338-462e-9d2b-65763d94f533,2,4.0,8.0,369.0,0,0,0,0,0,0,0,0,0,0 days 00:31:25,1
175089,Smartphone Apple iPhone 15 256GB noir,Boutique56,1190.04,2025-02-04 23:34:46,1ee84646-1338-462e-9d2b-65763d94f533,2,4.0,8.0,376.0,0,0,0,0,0,0,0,0,0,7 days 10:47:52,2
175181,Smartphone Apple iPhone 15 256GB noir,Boutique56,1190.04,2025-02-05 00:06:09,1ee84646-1338-462e-9d2b-65763d94f533,2,4.0,8.0,377.0,0,0,0,0,0,0,0,0,0,0 days 00:31:23,2
175273,Smartphone Apple iPhone 15 256GB noir,Boutique56,1190.04,2025-02-05 00:37:29,1ee84646-1338-462e-9d2b-65763d94f533,2,4.0,8.0,377.0,0,0,0,0,0,0,0,0,0,0 days 00:31:20,2
175365,Smartphone Apple iPhone 15 256GB noir,Boutique56,1190.04,2025-02-05 01:08:49,1ee84646-1338-462e-9d2b-65763d94f533,2,4.0,8.0,377.0,0,0,0,0,0,0,0,0,0,0 days 00:31:20,2
175457,Smartphone Apple iPhone 15 256GB noir,Boutique56,1190.04,2025-02-05 01:40:12,1ee84646-1338-462e-9d2b-65763d94f533,2,4.0,8.0,377.0,0,0,0,0,0,0,0,0,0,0 days 00:31:23,2
175551,Smartphone Apple iPhone 15 256GB noir,Boutique56,1190.04,2025-02-05 02:11:31,1ee84646-1338-462e-9d2b-65763d94f533,2,4.0,8.0,377.0,0,0,0,0,0,0,0,0,0,0 days 00:31:19,2
175647,Smartphone Apple iPhone 15 256GB noir,Boutique56,1190.04,2025-02-05 02:42:49,1ee84646-1338-462e-9d2b-65763d94f533,2,4.0,8.0,377.0,0,0,0,0,0,0,0,0,0,0 days 00:31:18,2
175743,Smartphone Apple iPhone 15 256GB noir,Boutique56,1190.04,2025-02-05 03:14:06,1ee84646-1338-462e-9d2b-65763d94f533,2,4.0,8.0,377.0,0,0,0,0,0,0,0,0,0,0 days 00:31:17,2
175839,Smartphone Apple iPhone 15 256GB noir,Boutique56,1190.04,2025-02-05 03:45:25,1ee84646-1338-462e-9d2b-65763d94f533,2,4.0,8.0,377.0,0,0,0,0,0,0,0,0,0,0 days 00:31:19,2
175935,Smartphone Apple iPhone 15 256GB noir,Boutique56,1190.04,2025-02-05 04:16:43,1ee84646-1338-462e-9d2b-65763d94f533,2,4.0,8.0,377.0,0,0,0,0,0,0,0,0,0,0 days 00:31:18,2
176031,Smartphone Apple iPhone 15 256GB noir,Boutique56,1190.04,2025-02-05 04:48:05,1ee84646-1338-462e-9d2b-65763d94f533,2,4.0,8.0,377.0,0,0,0,0,0,0,0,0,0,0 days 00:31:22,2
176127,Smartphone Apple iPhone 15 256GB noir,Boutique56,1190.04,2025-02-05 05:19:26,1ee84646-1338-462e-9d2b-65763d94f533,2,4.0,8.0,377.0,0,0,0,0,0,0,0,0,0,0 days 00:31:21,2
176223,Smartphone Apple iPhone 15 256GB noir,Boutique56,1190.04,2025-02-05 05:50:50,1ee84646-1338-462e-9d2b-65763d94f533,2,4.0,8.0,377.0,0,0,0,0,0,0,0,0,0,0 days 00:31:24,2
176319,Smartphone Apple iPhone 15 256GB noir,Boutique56,1190.04,2025-02-05 06:22:11,1ee84646-1338-462e-9d2b-65763d94f533,2,4.0,8.0,377.0,0,0,0,0,0,0,0,0,0,0 days 00:31:21,2
176415,Smartphone Apple iPhone 15 256GB noir,Boutique56,1190.04,2025-02-05 06:53:31,1ee84646-1338-462e-9d2b-65763d94f533,2,4.0,8.0,377.0,0,0,0,0,0,0,0,0,0,0 days 00:31:20,2
176511,Smartphone Apple iPhone 15 256GB noir,Boutique56,1190.04,2025-02-05 07:24:49,1ee84646-1338-462e-9d2b-65763d94f533,2,4.0,8.0,377.0,0,0,0,0,0,0,0,0,0,0 days 00:31:18,2
176606,Smartphone Apple iPhone 15 256GB noir,Boutique56,1190.04,2025-02-05 07:56:12,1ee84646-1338-462e-9d2b-65763d94f533,2,4.0,8.0,377.0,0,0,0,0,0,0,0,0,0,0 days 00:31:23,2
176701,Smartphone Apple iPhone 15 256GB noir,Boutique56,1190.04,2025-02-05 08:27:30,1ee84646-1338-462e-9d2b-65763d94f533,2,4.0,8.0,377.0,0,0,0,0,0,0,0,0,0,0 days 00:31:18,2
176796,Smartphone Apple iPhone 15 256GB noir,Boutique56,1190.04,2025-02-05 08:58:49,1ee84646-1338-462e-9d2b-65763d94f533,2,4.0,8.0,377.0,0,0,0,0,0,0,0,0,0,0 days 00:31:19,2
176891,Smartphone Apple iPhone 15 256GB noir,Boutique56,1190.04,2025-02-05 09:30:12,1ee84646-1338-462e-9d2b-65763d94f533,2,4.0,8.0,377.0,0,0,0,0,0,0,0,0,0,0 days 00:31:23,2
176986,Smartphone Apple iPhone 15 256GB noir,Boutique56,1190.04,2025-02-05 10:01:31,1ee84646-1338-462e-9d2b-65763d94f533,2,4.0,8.0,377.0,0,0,0,0,0,0,0,0,0,0 days 00:31:19,2
177081,Smartphone Apple iPhone 15 256GB noir,Boutique56,1190.04,2025-02-05 10:32:49,1ee84646-1338-462e-9d2b-65763d94f533,2,4.0,8.0,377.0,0,0,0,0,0,0,0,0,0,0 days 00:31:18,2
177176,Smartphone Apple iPhone 15 256GB noir,Boutique56,1190.04,2025-02-05 11:04:07,1ee84646-1338-462e-9d2b-65763d94f533,2,4.0,8.0,377.0,0,0,0,0,0,0,0,0,0,0 days 00:31:18,2
177271,Smartphone Apple iPhone 15 256GB noir,Boutique56,1190.04,2025-02-05 11:35:33,1ee84646-1338-462e-9d2b-65763d94f533,2,4.0,8.0,377.0,0,0,0,0,0,0,0,0,0,0 days 00:31:26,2
177366,Smartphone Apple iPhone 15 256GB noir,Boutique56,1190.04,2025-02-05 12:06:53,1ee84646-1338-462e-9d2b-65763d94f533,2,4.0,8.0,377.0,0,0,0,0,0,0,0,0,0,0 days 00:31:20,2
177461,Smartphone Apple iPhone 15 256GB noir,Boutique56,1190.04,2025-02-05 12:38:12,1ee84646-1338-462e-9d2b-65763d94f533,2,4.0,8.0,377.0,0,0,0,0,0,0,0,0,0,0 days 00:31:19,2
177556,Smartphone Apple iPhone 15 256GB noir,Boutique56,1190.04,2025-02-05 13:09:34,1ee84646-1338-462e-9d2b-65763d94f533,2,4.0,8.0,377.0,0,0,0,0,0,0,0,0,0,0 days 00:31:22,2
177651,Smartphone Apple iPhone 15 256GB noir,Boutique56,1190.04,2025-02-05 13:41:05,1ee84646-1338-462e-9d2b-65763d94f533,2,4.0,8.0,377.0,0,0,0,0,0,0,0,0,0,0 days 00:31:31,2
177747,Smartphone Apple iPhone 15 256GB noir,Boutique56,1190.04,2025-02-05 14:12:27,1ee84646-1338-462e-9d2b-65763d94f533,3,4.0,8.0,377.0,0,0,0,0,0,0,0,0,0,0 days 00:31:22,2
177843,Smartphone Apple iPhone 15 256GB noir,Boutique56,1190.04,2025-02-05 14:43:51,1ee84646-1338-462e-9d2b-65763d94f533,3,4.0,8.0,377.0,0,0,0,0,0,0,0,0,0,0 days 00:31:24,2
177939,Smartphone Apple iPhone 15 256GB noir,Boutique56,1190.04,2025-02-05 15:15:13,1ee84646-1338-462e-9d2b-65763d94f533,3,4.0,8.0,377.0,0,0,0,0,0,0,0,0,0,0 days 00:31:22,2
178035,Smartphone Apple iPhone 15 256GB noir,Boutique56,1190.04,2025-02-05 15:46:34,1ee84646-1338-462e-9d2b-65763d94f533,3,4.0,8.0,377.0,0,0,0,0,0,0,0,0,0,0 days 00:31:21,2
178131,Smartphone Apple iPhone 15 256GB noir,Boutique56,1190.04,2025-02-05 16:17:53,1ee84646-1338-462e-9d2b-65763d94f533,3,4.0,8.0,377.0,0,0,0,0,0,0,0,0,0,0 days 00:31:19,2
178228,Smartphone Apple iPhone 15 256GB noir,Boutique56,1190.04,2025-02-05 16:49:15,1ee84646-1338-462e-9d2b-65763d94f533,3,4.0,8.0,377.0,0,0,0,0,0,0,0,0,0,0 days 00:31:22,2
178324,Smartphone Apple iPhone 15 256GB noir,Boutique56,1190.04,2025-02-05 17:20:41,1ee84646-1338-462e-9d2b-65763d94f533,3,4.0,8.0,377.0,0,0,0,0,0,0,0,0,0,0 days 00:31:26,2
178420,Smartphone Apple iPhone 15 256GB noir,Boutique56,1190.04,2025-02-05 17:52:06,1ee84646-1338-462e-9d2b-65763d94f533,3,4.0,8.0,377.0,0,0,0,0,0,0,0,0,0,0 days 00:31:25,2
178516,Smartphone Apple iPhone 15 256GB noir,Boutique56,1190.04,2025-02-05 18:23:26,1ee84646-1338-462e-9d2b-65763d94f533,3,4.0,8.0,377.0,0,0,0,0,0,0,0,0,0,0 days 00:31:20,2
178612,Smartphone Apple iPhone 15 256GB noir,Boutique56,1190.04,2025-02-05 18:54:45,1ee84646-1338-462e-9d2b-65763d94f533,3,4.0,8.0,377.0,0,0,0,0,0,0,0,0,0,0 days 00:31:19,2
178708,Smartphone Apple iPhone 15 256GB noir,Boutique56,1190.04,2025-02-05 19:26:05,1ee84646-1338-462e-9d2b-65763d94f533,3,4.0,8.0,377.0,0,0,0,0,0,0,0,0,0,0 days 00:31:20,2
178804,Smartphone Apple iPhone 15 256GB noir,Boutique56,1190.04,2025-02-05 19:57:24,1ee84646-1338-462e-9d2b-65763d94f533,3,4.0,8.0,377.0,0,0,0,0,0,0,0,0,0,0 days 00:31:19,2
178900,Smartphone Apple iPhone 15 256GB noir,Boutique56,1190.04,2025-02-05 20:28:42,1ee84646-1338-462e-9d2b-65763d94f533,3,4.0,8.0,377.0,0,0,0,0,0,0,0,0,0,0 days 00:31:18,2
178994,Smartphone Apple iPhone 15 256GB noir,Boutique56,1190.04,2025-02-05 21:00:01,1ee84646-1338-462e-9d2b-65763d94f533,3,4.0,8.0,377.0,0,0,0,0,0,0,0,0,0,0 days 00:31:19,2
179085,Smartphone Apple iPhone 15 256GB noir,Boutique56,1190.04,2025-02-05 21:31:25,1ee84646-1338-462e-9d2b-65763d94f533,3,4.0,8.0,377.0,0,0,0,0,0,0,0,0,0,0 days 00:31:24,2
179177,Smartphone Apple iPhone 15 256GB noir,Boutique56,1190.04,2025-02-05 22:02:44,1ee84646-1338-462e-9d2b-65763d94f533,3,4.0,8.0,377.0,0,0,0,0,0,0,0,0,0,0 days 00:31:19,2
179269,Smartphone Apple iPhone 15 256GB noir,Boutique56,1190.04,2025-02-05 22:34:01,1ee84646-1338-462e-9d2b-65763d94f533,3,4.0,8.0,377.0,0,0,0,0,0,0,0,0,0,0 days 00:31:17,2
179361,Smartphone Apple iPhone 15 256GB noir,Boutique56,1190.04,2025-02-05 23:05:20,1ee84646-1338-462e-9d2b-65763d94f533,2,4.0,8.0,377.0,0,0,0,0,0,0,0,0,0,0 days 00:31:19,2
179453,Smartphone Apple iPhone 15 256GB noir,Boutique56,1190.04,2025-02-05 23:36:38,1ee84646-1338-462e-9d2b-65763d94f533,2,4.0,8.0,377.0,0,0,0,0,0,0,0,0,0,0 days 00:31:18,2
179545,Smartphone Apple iPhone 15 256GB noir,Boutique56,1190.04,2025-02-06 00:07:56,1ee84646-1338-462e-9d2b-65763d94f533,2,4.0,8.0,378.0,0,0,0,0,0,0,0,0,0,0 days 00:31:18,2
179637,Smartphone Apple iPhone 15 256GB noir,Boutique56,1190.04,2025-02-06 00:39:16,1ee84646-1338-462e-9d2b-65763d94f533,2,4.0,8.0,378.0,0,0,0,0,0,0,0,0,0,0 days 00:31:20,2
179729,Smartphone Apple iPhone 15 256GB noir,Boutique56,1190.04,2025-02-06 01:10:35,1ee84646-1338-462e-9d2b-65763d94f533,2,4.0,8.0,378.0,0,0,0,0,0,0,0,0,0,0 days 00:31:19,2
179826,Smartphone Apple iPhone 15 256GB noir,Boutique56,1190.04,2025-02-06 01:41:53,1ee84646-1338-462e-9d2b-65763d94f533,2,4.0,8.0,378.0,0,0,0,0,0,0,0,0,0,0 days 00:31:18,2
179923,Smartphone Apple iPhone 15 256GB noir,Boutique56,1190.04,2025-02-06 02:13:11,1ee84646-1338-462e-9d2b-65763d94f533,2,4.0,8.0,378.0,0,0,0,0,0,0,0,0,0,0 days 00:31:18,2
180020,Smartphone Apple iPhone 15 256GB noir,Boutique56,1190.04,2025-02-06 02:44:27,1ee84646-1338-462e-9d2b-65763d94f533,2,4.0,8.0,378.0,0,0,0,0,0,0,0,0,0,0 days 00:31:16,2
180117,Smartphone Apple iPhone 15 256GB noir,Boutique56,1190.04,2025-02-06 03:15:45,1ee84646-1338-462e-9d2b-65763d94f533,2,4.0,8.0,378.0,0,0,0,0,0,0,0,0,0,0 days 00:31:18,2
180214,Smartphone Apple iPhone 15 256GB noir,Boutique56,1190.04,2025-02-06 03:47:03,1ee84646-1338-462e-9d2b-65763d94f533,2,4.0,8.0,378.0,0,0,0,0,0,0,0,0,0,0 days 00:31:18,2
180311,Smartphone Apple iPhone 15 256GB noir,Boutique56,1190.04,2025-02-06 04:18:20,1ee84646-1338-462e-9d2b-65763d94f533,2,4.0,8.0,378.0,0,0,0,0,0,0,0,0,0,0 days 00:31:17,2
180408,Smartphone Apple iPhone 15 256GB noir,Boutique56,1190.04,2025-02-06 04:49:39,1ee84646-1338-462e-9d2b-65763d94f533,2,4.0,8.0,378.0,0,0,0,0,0,0,0,0,0,0 days 00:31:19,2
180505,Smartphone Apple iPhone 15 256GB noir,Boutique56,1190.04,2025-02-06 05:20:57,1ee84646-1338-462e-9d2b-65763d94f533,2,4.0,8.0,378.0,0,0,0,0,0,0,0,0,0,0 days 00:31:18,2
180602,Smartphone Apple iPhone 15 256GB noir,Boutique56,1190.04,2025-02-06 05:52:15,1ee84646-1338-462e-9d2b-65763d94f533,2,4.0,8.0,378.0,0,0,0,0,0,0,0,0,0,0 days 00:31:18,2
180699,Smartphone Apple iPhone 15 256GB noir,Boutique56,1190.04,2025-02-06 06:23:32,1ee84646-1338-462e-9d2b-65763d94f533,2,4.0,8.0,378.0,0,0,0,0,0,0,0,0,0,0 days 00:31:17,2
180796,Smartphone Apple iPhone 15 256GB noir,Boutique56,1190.04,2025-02-06 06:54:54,1ee84646-1338-462e-9d2b-65763d94f533,2,4.0,8.0,378.0,0,0,0,0,0,0,0,0,0,0 days 00:31:22,2
180893,Smartphone Apple iPhone 15 256GB noir,Boutique56,1190.04,2025-02-06 07:26:14,1ee84646-1338-462e-9d2b-65763d94f533,2,4.0,8.0,378.0,0,0,0,0,0,0,0,0,0,0 days 00:31:20,2
180990,Smartphone Apple iPhone 15 256GB noir,Boutique56,1190.04,2025-02-06 07:57:33,1ee84646-1338-462e-9d2b-65763d94f533,2,4.0,8.0,378.0,0,0,0,0,0,0,0,0,0,0 days 00:31:19,2
181087,Smartphone Apple iPhone 15 256GB noir,Boutique56,1190.04,2025-02-06 08:28:55,1ee84646-1338-462e-9d2b-65763d94f533,2,4.0,8.0,378.0,0,0,0,0,0,0,0,0,0,0 days 00:31:22,2
181184,Smartphone Apple iPhone 15 256GB noir,Boutique56,1190.04,2025-02-06 09:00:22,1ee84646-1338-462e-9d2b-65763d94f533,2,4.0,8.0,378.0,0,0,0,0,0,0,0,0,0,0 days 00:31:27,2
181281,Smartphone Apple iPhone 15 256GB noir,Boutique56,1190.04,2025-02-06 09:31:43,1ee84646-1338-462e-9d2b-65763d94f533,2,4.0,8.0,378.0,0,0,0,0,0,0,0,0,0,0 days 00:31:21,2
181378,Smartphone Apple iPhone 15 256GB noir,Boutique56,1190.04,2025-02-06 10:03:02,1ee84646-1338-462e-9d2b-65763d94f533,2,4.0,8.0,378.0,0,0,0,0,0,0,0,0,0,0 days 00:31:19,2
181475,Smartphone Apple iPhone 15 256GB noir,Boutique56,1190.04,2025-02-06 10:34:21,1ee84646-1338-462e-9d2b-65763d94f533,2,4.0,8.0,378.0,0,0,0,0,0,0,0,0,0,0 days 00:31:19,2
181573,Smartphone Apple iPhone 15 256GB noir,Boutique56,1190.04,2025-02-06 11:05:42,1ee84646-1338-462e-9d2b-65763d94f533,2,4.0,8.0,378.0,0,0,0,0,0,0,0,0,0,0 days 00:31:21,2
181670,Smartphone Apple iPhone 15 256GB noir,Boutique56,1190.04,2025-02-06 11:37:06,1ee84646-1338-462e-9d2b-65763d94f533,2,4.0,8.0,378.0,0,0,0,0,0,0,0,0,0,0 days 00:31:24,2
181767,Smartphone Apple iPhone 15 256GB noir,Boutique56,1190.04,2025-02-06 12:08:27,1ee84646-1338-462e-9d2b-65763d94f533,2,4.0,8.0,378.0,0,0,0,0,0,0,0,0,0,0 days 00:31:21,2
198435,Smartphone Apple iPhone 14 256Go Noir Midnight,2KINGS,920.3,2025-02-10 08:02:10,263a8b02-d9ae-4df4-a5cc-4c575a6b5d48,2,5.0,353.0,1496.0,0,0,0,0,0,0,0,0,0,25 days 01:20:01,1
198529,Smartphone Apple iPhone 14 256Go Noir Midnight,2KINGS,920.3,2025-02-10 08:33:28,263a8b02-d9ae-4df4-a5cc-4c575a6b5d48,2,5.0,353.0,1496.0,0,0,0,0,0,0,0,0,0,0 days 00:31:18,1
198623,Smartphone Apple iPhone 14 256Go Noir Midnight,2KINGS,920.3,2025-02-10 09:04:47,263a8b02-d9ae-4df4-a5cc-4c575a6b5d48,2,5.0,353.0,1496.0,0,0,0,0,0,0,0,0,0,0 days 00:31:19,1
198717,Smartphone Apple iPhone 14 256Go Noir Midnight,2KINGS,920.3,2025-02-10 09:36:10,263a8b02-d9ae-4df4-a5cc-4c575a6b5d48,2,5.0,353.0,1496.0,0,0,0,0,0,0,0,0,0,0 days 00:31:23,1
198811,Smartphone Apple iPhone 14 256Go Noir Midnight,2KINGS,920.3,2025-02-10 10:07:31,263a8b02-d9ae-4df4-a5cc-4c575a6b5d48,2,5.0,353.0,1496.0,0,0,0,0,0,0,0,0,0,0 days 00:31:21,1
198905,Smartphone Apple iPhone 14 256Go Noir Midnight,2KINGS,920.3,2025-02-10 10:38:50,263a8b02-d9ae-4df4-a5cc-4c575a6b5d48,2,5.0,353.0,1496.0,0,0,0,0,0,0,0,0,0,0 days 00:31:19,1
198999,Smartphone Apple iPhone 14 256Go Noir Midnight,2KINGS,920.3,2025-02-10 11:10:14,263a8b02-d9ae-4df4-a5cc-4c575a6b5d48,2,5.0,353.0,1496.0,0,0,0,0,0,0,0,0,0,0 days 00:31:24,1
199093,Smartphone Apple iPhone 14 256Go Noir Midnight,2KINGS,920.3,2025-02-10 11:41:40,263a8b02-d9ae-4df4-a5cc-4c575a6b5d48,2,5.0,353.0,1496.0,0,0,0,0,0,0,0,0,0,0 days 00:31:26,1
199187,Smartphone Apple iPhone 14 256Go Noir Midnight,2KINGS,920.3,2025-02-10 12:13:02,263a8b02-d9ae-4df4-a5cc-4c575a6b5d48,2,5.0,353.0,1496.0,0,0,0,0,0,0,0,0,0,0 days 00:31:22,1
199281,Smartphone Apple iPhone 14 256Go Noir Midnight,2KINGS,920.3,2025-02-10 12:44:23,263a8b02-d9ae-4df4-a5cc-4c575a6b5d48,2,5.0,353.0,1496.0,0,0,0,0,0,0,0,0,0,0 days 00:31:21,1
199375,Smartphone Apple iPhone 14 256Go Noir Midnight,2KINGS,920.3,2025-02-10 13:15:46,263a8b02-d9ae-4df4-a5cc-4c575a6b5d48,2,5.0,353.0,1496.0,0,0,0,0,0,0,0,0,0,0 days 00:31:23,1
199469,Smartphone Apple iPhone 14 256Go Noir Midnight,2KINGS,920.3,2025-02-10 13:47:07,263a8b02-d9ae-4df4-a5cc-4c575a6b5d48,2,5.0,353.0,1496.0,0,0,0,0,0,0,0,0,0,0 days 00:31:21,1
199563,Smartphone Apple iPhone 14 256Go Noir Midnight,2KINGS,920.3,2025-02-10 14:18:31,263a8b02-d9ae-4df4-a5cc-4c575a6b5d48,3,5.0,353.0,1496.0,0,0,0,0,0,0,0,0,0,0 days 00:31:24,1
199657,Smartphone Apple iPhone 14 256Go Noir Midnight,2KINGS,920.3,2025-02-10 14:49:53,263a8b02-d9ae-4df4-a5cc-4c575a6b5d48,3,5.0,353.0,1496.0,0,0,0,0,0,0,0,0,0,0 days 00:31:22,1
199751,Smartphone Apple iPhone 14 256Go Noir Midnight,2KINGS,920.3,2025-02-10 15:21:14,263a8b02-d9ae-4df4-a5cc-4c575a6b5d48,3,5.0,353.0,1496.0,0,0,0,0,0,0,0,0,0,0 days 00:31:21,1
199845,Smartphone Apple iPhone 14 256Go Noir Midnight,2KINGS,920.3,2025-02-10 15:52:37,263a8b02-d9ae-4df4-a5cc-4c575a6b5d48,3,5.0,353.0,1496.0,0,0,0,0,0,0,0,0,0,0 days 00:31:23,1
199939,Smartphone Apple iPhone 14 256Go Noir Midnight,2KINGS,920.3,2025-02-10 16:23:59,263a8b02-d9ae-4df4-a5cc-4c575a6b5d48,3,5.0,353.0,1496.0,0,0,0,0,0,0,0,0,0,0 days 00:31:22,1
200033,Smartphone Apple iPhone 14 256Go Noir Midnight,2KINGS,920.3,2025-02-10 16:55:24,263a8b02-d9ae-4df4-a5cc-4c575a6b5d48,3,5.0,353.0,1496.0,0,0,0,0,0,0,0,0,0,0 days 00:31:25,1
200127,Smartphone Apple iPhone 14 256Go Noir Midnight,2KINGS,920.3,2025-02-10 17:26:45,263a8b02-d9ae-4df4-a5cc-4c575a6b5d48,3,5.0,353.0,1496.0,0,0,0,0,0,0,0,0,0,0 days 00:31:21,1
200221,Smartphone Apple iPhone 14 256Go Noir Midnight,2KINGS,920.3,2025-02-10 17:58:05,263a8b02-d9ae-4df4-a5cc-4c575a6b5d48,3,5.0,353.0,1496.0,0,0,0,0,0,0,0,0,0,0 days 00:31:20,1
200315,Smartphone Apple iPhone 14 256Go Noir Midnight,2KINGS,920.3,2025-02-10 18:29:24,263a8b02-d9ae-4df4-a5cc-4c575a6b5d48,3,5.0,353.0,1496.0,0,0,0,0,0,0,0,0,0,0 days 00:31:19,1
200409,Smartphone Apple iPhone 14 256Go Noir Midnight,2KINGS,920.3,2025-02-10 19:00:46,263a8b02-d9ae-4df4-a5cc-4c575a6b5d48,3,5.0,353.0,1496.0,0,0,0,0,0,0,0,0,0,0 days 00:31:22,1
200503,Smartphone Apple iPhone 14 256Go Noir Midnight,2KINGS,920.3,2025-02-10 19:32:05,263a8b02-d9ae-4df4-a5cc-4c575a6b5d48,3,5.0,353.0,1496.0,0,0,0,0,0,0,0,0,0,0 days 00:31:19,1
200597,Smartphone Apple iPhone 14 256Go Noir Midnight,2KINGS,920.3,2025-02-10 20:03:23,263a8b02-d9ae-4df4-a5cc-4c575a6b5d48,3,5.0,353.0,1496.0,0,0,0,0,0,0,0,0,0,0 days 00:31:18,1
200691,Smartphone Apple iPhone 14 256Go Noir Midnight,2KINGS,920.3,2025-02-10 20:34:43,263a8b02-d9ae-4df4-a5cc-4c575a6b5d48,3,5.0,353.0,1496.0,0,0,0,0,0,0,0,0,0,0 days 00:31:20,1
200785,Smartphone Apple iPhone 14 256Go Noir Midnight,2KINGS,920.3,2025-02-10 21:06:05,263a8b02-d9ae-4df4-a5cc-4c575a6b5d48,3,5.0,353.0,1496.0,0,0,0,0,0,0,0,0,0,0 days 00:31:22,1
200882,Smartphone Apple iPhone 14 256Go Noir Midnight,2KINGS,920.3,2025-02-10 21:37:23,263a8b02-d9ae-4df4-a5cc-4c575a6b5d48,3,5.0,353.0,1496.0,0,0,0,0,0,0,0,0,0,0 days 00:31:18,1
200980,Smartphone Apple iPhone 14 256Go Noir Midnight,2KINGS,920.3,2025-02-10 22:08:43,263a8b02-d9ae-4df4-a5cc-4c575a6b5d48,3,5.0,353.0,1496.0,0,0,0,0,0,0,0,0,0,0 days 00:31:20,1
201078,Smartphone Apple iPhone 14 256Go Noir Midnight,2KINGS,920.3,2025-02-10 22:40:02,263a8b02-d9ae-4df4-a5cc-4c575a6b5d48,3,5.0,353.0,1496.0,0,0,0,0,0,0,0,0,0,0 days 00:31:19,1
201176,Smartphone Apple iPhone 14 256Go Noir Midnight,2KINGS,920.3,2025-02-10 23:11:23,263a8b02-d9ae-4df4-a5cc-4c575a6b5d48,2,5.0,353.0,1496.0,0,0,0,0,0,0,0,0,0,0 days 00:31:21,1
201274,Smartphone Apple iPhone 14 256Go Noir Midnight,2KINGS,920.3,2025-02-10 23:42:41,263a8b02-d9ae-4df4-a5cc-4c575a6b5d48,2,5.0,353.0,1496.0,0,0,0,0,0,0,0,0,0,0 days 00:31:18,1
201372,Smartphone Apple iPhone 14 256Go Noir Midnight,2KINGS,920.3,2025-02-11 00:14:01,263a8b02-d9ae-4df4-a5cc-4c575a6b5d48,2,5.0,353.0,1497.0,0,0,0,0,0,0,0,0,0,0 days 00:31:20,1
201470,Smartphone Apple iPhone 14 256Go Noir Midnight,2KINGS,920.3,2025-02-11 00:45:19,263a8b02-d9ae-4df4-a5cc-4c575a6b5d48,2,5.0,353.0,1497.0,0,0,0,0,0,0,0,0,0,0 days 00:31:18,1
201568,Smartphone Apple iPhone 14 256Go Noir Midnight,2KINGS,920.3,2025-02-11 01:16:37,263a8b02-d9ae-4df4-a5cc-4c575a6b5d48,2,5.0,353.0,1497.0,0,0,0,0,0,0,0,0,0,0 days 00:31:18,1
201666,Smartphone Apple iPhone 14 256Go Noir Midnight,2KINGS,920.3,2025-02-11 01:47:52,263a8b02-d9ae-4df4-a5cc-4c575a6b5d48,2,5.0,353.0,1497.0,0,0,0,0,0,0,0,0,0,0 days 00:31:15,1
201764,Smartphone Apple iPhone 14 256Go Noir Midnight,2KINGS,920.3,2025-02-11 02:19:10,263a8b02-d9ae-4df4-a5cc-4c575a6b5d48,2,5.0,353.0,1497.0,0,0,0,0,0,0,0,0,0,0 days 00:31:18,1
201863,Smartphone Apple iPhone 14 256Go Noir Midnight,2KINGS,920.3,2025-02-11 02:50:29,263a8b02-d9ae-4df4-a5cc-4c575a6b5d48,2,5.0,353.0,1497.0,0,0,0,0,0,0,0,0,0,0 days 00:31:19,1
201962,Smartphone Apple iPhone 14 256Go Noir Midnight,2KINGS,920.3,2025-02-11 03:21:47,263a8b02-d9ae-4df4-a5cc-4c575a6b5d48,2,5.0,353.0,1497.0,0,0,0,0,0,0,0,0,0,0 days 00:31:18,1
202061,Smartphone Apple iPhone 14 256Go Noir Midnight,2KINGS,920.3,2025-02-11 03:53:04,263a8b02-d9ae-4df4-a5cc-4c575a6b5d48,2,5.0,353.0,1497.0,0,0,0,0,0,0,0,0,0,0 days 00:31:17,1
202160,Smartphone Apple iPhone 14 256Go Noir Midnight,2KINGS,920.3,2025-02-11 04:24:24,263a8b02-d9ae-4df4-a5cc-4c575a6b5d48,2,5.0,353.0,1497.0,0,0,0,0,0,0,0,0,0,0 days 00:31:20,1
202259,Smartphone Apple iPhone 14 256Go Noir Midnight,2KINGS,920.3,2025-02-11 04:55:42,263a8b02-d9ae-4df4-a5cc-4c575a6b5d48,2,5.0,353.0,1497.0,0,0,0,0,0,0,0,0,0,0 days 00:31:18,1
202357,Smartphone Apple iPhone 14 256Go Noir Midnight,2KINGS,920.3,2025-02-11 05:26:59,263a8b02-d9ae-4df4-a5cc-4c575a6b5d48,2,5.0,353.0,1497.0,0,0,0,0,0,0,0,0,0,0 days 00:31:17,1
202455,Smartphone Apple iPhone 14 256Go Noir Midnight,2KINGS,920.3,2025-02-11 05:58:18,263a8b02-d9ae-4df4-a5cc-4c575a6b5d48,2,5.0,353.0,1497.0,0,0,0,0,0,0,0,0,0,0 days 00:31:19,1
202553,Smartphone Apple iPhone 14 256Go Noir Midnight,2KINGS,920.3,2025-02-11 06:29:37,263a8b02-d9ae-4df4-a5cc-4c575a6b5d48,2,5.0,353.0,1497.0,0,0,0,0,0,0,0,0,0,0 days 00:31:19,1
202651,Smartphone Apple iPhone 14 256Go Noir Midnight,2KINGS,920.3,2025-02-11 07:00:57,263a8b02-d9ae-4df4-a5cc-4c575a6b5d48,5,5.0,353.0,1497.0,0,0,0,0,0,0,0,0,0,0 days 00:31:20,1
202749,Smartphone Apple iPhone 14 256Go Noir Midnight,2KINGS,920.3,2025-02-11 07:32:16,263a8b02-d9ae-4df4-a5cc-4c575a6b5d48,2,5.0,353.0,1497.0,0,0,0,0,0,0,0,0,0,0 days 00:31:19,1
186009,"Apple iPhone 16 Plus 17 cm (6.7"") Double SIM iOS 18 5G USB Type-C 128 Go Noir",Techstark,1019.99,2025-02-07 11:06:45,2fabc3b4-d603-46be-a300-e362a4c77097,3,4.0,318.0,913.0,0,0,0,0,0,0,0,0,0,0 days 00:00:00,0
202992,"Apple iPhone 16 Plus 17 cm (6.7"") Double SIM iOS 18 5G USB Type-C 128 Go Noir",Techstark,1019.99,2025-02-11 09:05:35,2fabc3b4-d603-46be-a300-e362a4c77097,2,4.0,318.0,917.0,0,0,0,0,0,0,0,0,0,3 days 21:58:50,1
203090,"Apple iPhone 16 Plus 17 cm (6.7"") Double SIM iOS 18 5G USB Type-C 128 Go Noir",Techstark,1019.99,2025-02-11 10:39:24,2fabc3b4-d603-46be-a300-e362a4c77097,2,4.0,318.0,917.0,0,0,0,0,0,0,0,0,0,0 days 01:33:49,1
203188,"Apple iPhone 16 Plus 17 cm (6.7"") Double SIM iOS 18 5G USB Type-C 128 Go Noir",Techstark,1019.99,2025-02-11 11:10:46,2fabc3b4-d603-46be-a300-e362a4c77097,2,4.0,318.0,917.0,0,0,0,0,0,0,0,0,0,0 days 00:31:22,1
203286,"Apple iPhone 16 Plus 17 cm (6.7"") Double SIM iOS 18 5G USB Type-C 128 Go Noir",Techstark,1019.99,2025-02-11 11:42:06,2fabc3b4-d603-46be-a300-e362a4c77097,2,4.0,318.0,917.0,0,0,0,0,0,0,0,0,0,0 days 00:31:20,1
203384,"Apple iPhone 16 Plus 17 cm (6.7"") Double SIM iOS 18 5G USB Type-C 128 Go Noir",Techstark,1019.99,2025-02-11 12:13:26,2fabc3b4-d603-46be-a300-e362a4c77097,2,4.0,318.0,917.0,0,0,0,0,0,0,0,0,0,0 days 00:31:20,1
203482,"Apple iPhone 16 Plus 17 cm (6.7"") Double SIM iOS 18 5G USB Type-C 128 Go Noir",Techstark,1019.99,2025-02-11 12:44:46,2fabc3b4-d603-46be-a300-e362a4c77097,2,4.0,318.0,917.0,0,0,0,0,0,0,0,0,0,0 days 00:31:20,1
78464,Smartphone Apple iPhone 15 128GB noir,Nest Green,639.0,2025-01-13 15:31:43,32d0f495-e04f-439a-b91d-09a3a38e54ab,3,3.0,4.0,363.0,1,0,0,0,0,0,0,0,0,1 days 23:03:41,2
78555,Smartphone Apple iPhone 15 128GB noir,Nest Green,639.0,2025-01-13 16:03:19,32d0f495-e04f-439a-b91d-09a3a38e54ab,3,3.0,4.0,363.0,1,0,0,0,0,0,0,0,0,0 days 00:31:36,2
169344,Smartphone Apple iPhone 15 128GB noir,Nest Green,619.0,2025-02-03 14:38:37,32d0f495-e04f-439a-b91d-09a3a38e54ab,3,3.0,4.0,384.0,1,0,0,0,0,0,0,0,0,2 days 18:53:59,5
169440,Smartphone Apple iPhone 15 128GB noir,Nest Green,619.0,2025-02-03 15:10:04,32d0f495-e04f-439a-b91d-09a3a38e54ab,3,3.0,4.0,384.0,1,0,0,0,0,0,0,0,0,0 days 00:31:27,5
169536,Smartphone Apple iPhone 15 128GB noir,Nest Green,619.0,2025-02-03 15:41:32,32d0f495-e04f-439a-b91d-09a3a38e54ab,3,3.0,4.0,384.0,1,0,0,0,0,0,0,0,0,0 days 00:31:28,5
169632,Smartphone Apple iPhone 15 128GB noir,Nest Green,619.0,2025-02-03 16:12:55,32d0f495-e04f-439a-b91d-09a3a38e54ab,3,3.0,4.0,384.0,1,0,0,0,0,0,0,0,0,0 days 00:31:23,5
169728,Smartphone Apple iPhone 15 128GB noir,Nest Green,619.0,2025-02-03 16:44:25,32d0f495-e04f-439a-b91d-09a3a38e54ab,3,3.0,4.0,384.0,1,0,0,0,0,0,0,0,0,0 days 00:31:30,5
169824,Smartphone Apple iPhone 15 128GB noir,Nest Green,619.0,2025-02-03 17:15:49,32d0f495-e04f-439a-b91d-09a3a38e54ab,3,3.0,4.0,384.0,1,0,0,0,0,0,0,0,0,0 days 00:31:24,5
169920,Smartphone Apple iPhone 15 128GB noir,Nest Green,619.0,2025-02-03 17:47:13,32d0f495-e04f-439a-b91d-09a3a38e54ab,3,3.0,4.0,384.0,1,0,0,0,0,0,0,0,0,0 days 00:31:24,5
173172,Smartphone Apple iPhone 15 128GB noir,Nest Green,619.0,2025-02-04 12:04:23,32d0f495-e04f-439a-b91d-09a3a38e54ab,2,3.0,4.0,385.0,1,0,0,0,0,0,0,0,0,0 days 18:17:10,5
173258,Smartphone Apple iPhone 15 128GB noir,Nest Green,619.0,2025-02-04 12:35:50,32d0f495-e04f-439a-b91d-09a3a38e54ab,2,3.0,4.0,385.0,1,0,0,0,0,0,0,0,0,0 days 00:31:27,5
173345,Smartphone Apple iPhone 15 128GB noir,Nest Green,619.0,2025-02-04 13:07:10,32d0f495-e04f-439a-b91d-09a3a38e54ab,2,3.0,4.0,385.0,1,0,0,0,0,0,0,0,0,0 days 00:31:20,5
169322,"Apple iPhone 16 Pro 16 cm (6.3"") Double SIM iOS 18 5G USB Type-C 1 To Noir",ZOOMICI,2699.79,2025-02-03 14:38:15,32e6ffa4-949b-413e-8aa2-6c67dba2188f,3,4.0,19.0,1463.0,0,0,0,0,0,0,0,0,0,4 days 03:20:16,1
169418,"Apple iPhone 16 Pro 16 cm (6.3"") Double SIM iOS 18 5G USB Type-C 1 To Noir",ZOOMICI,2699.79,2025-02-03 15:09:43,32e6ffa4-949b-413e-8aa2-6c67dba2188f,3,4.0,19.0,1463.0,0,0,0,0,0,0,0,0,0,0 days 00:31:28,1
169514,"Apple iPhone 16 Pro 16 cm (6.3"") Double SIM iOS 18 5G USB Type-C 1 To Noir",ZOOMICI,2699.79,2025-02-03 15:41:11,32e6ffa4-949b-413e-8aa2-6c67dba2188f,3,4.0,19.0,1463.0,0,0,0,0,0,0,0,0,0,0 days 00:31:28,1
169610,"Apple iPhone 16 Pro 16 cm (6.3"") Double SIM iOS 18 5G USB Type-C 1 To Noir",ZOOMICI,2699.79,2025-02-03 16:12:34,32e6ffa4-949b-413e-8aa2-6c67dba2188f,3,4.0,19.0,1463.0,0,0,0,0,0,0,0,0,0,0 days 00:31:23,1
169706,"Apple iPhone 16 Pro 16 cm (6.3"") Double SIM iOS 18 5G USB Type-C 1 To Noir",ZOOMICI,2699.79,2025-02-03 16:44:03,32e6ffa4-949b-413e-8aa2-6c67dba2188f,3,4.0,19.0,1463.0,0,0,0,0,0,0,0,0,0,0 days 00:31:29,1
169802,"Apple iPhone 16 Pro 16 cm (6.3"") Double SIM iOS 18 5G USB Type-C 1 To Noir",ZOOMICI,2699.79,2025-02-03 17:15:30,32e6ffa4-949b-413e-8aa2-6c67dba2188f,3,4.0,19.0,1463.0,0,0,0,0,0,0,0,0,0,0 days 00:31:27,1
169897,"Apple iPhone 16 Pro 16 cm (6.3"") Double SIM iOS 18 5G USB Type-C 1 To Noir",ZOOMICI,2699.79,2025-02-03 17:46:53,32e6ffa4-949b-413e-8aa2-6c67dba2188f,3,4.0,19.0,1463.0,0,0,0,0,0,0,0,0,0,0 days 00:31:23,1
169993,"Apple iPhone 16 Pro 16 cm (6.3"") Double SIM iOS 18 5G USB Type-C 1 To Noir",ZOOMICI,2699.79,2025-02-03 18:18:15,32e6ffa4-949b-413e-8aa2-6c67dba2188f,3,4.0,19.0,1463.0,0,0,0,0,0,0,0,0,0,0 days 00:31:22,1
170089,"Apple iPhone 16 Pro 16 cm (6.3"") Double SIM iOS 18 5G USB Type-C 1 To Noir",ZOOMICI,2699.79,2025-02-03 18:49:39,32e6ffa4-949b-413e-8aa2-6c67dba2188f,3,4.0,19.0,1463.0,0,0,0,0,0,0,0,0,0,0 days 00:31:24,1
187577,"Apple iPhone 16 Pro 16 cm (6.3"") Double SIM iOS 18 5G USB Type-C 1 To Noir",ZOOMICI,2699.82,2025-02-07 19:28:24,32e6ffa4-949b-413e-8aa2-6c67dba2188f,4,4.0,19.0,1467.0,0,0,0,0,0,0,0,0,0,4 days 00:38:45,2
187675,"Apple iPhone 16 Pro 16 cm (6.3"") Double SIM iOS 18 5G USB Type-C 1 To Noir",ZOOMICI,2699.82,2025-02-07 19:59:45,32e6ffa4-949b-413e-8aa2-6c67dba2188f,4,4.0,19.0,1467.0,0,0,0,0,0,0,0,0,0,0 days 00:31:21,2
187773,"Apple iPhone 16 Pro 16 cm (6.3"") Double SIM iOS 18 5G USB Type-C 1 To Noir",ZOOMICI,2699.82,2025-02-07 20:31:07,32e6ffa4-949b-413e-8aa2-6c67dba2188f,4,4.0,19.0,1467.0,0,0,0,0,0,0,0,0,0,0 days 00:31:22,2
187871,"Apple iPhone 16 Pro 16 cm (6.3"") Double SIM iOS 18 5G USB Type-C 1 To Noir",ZOOMICI,2699.82,2025-02-07 21:02:28,32e6ffa4-949b-413e-8aa2-6c67dba2188f,4,4.0,19.0,1467.0,0,0,0,0,0,0,0,0,0,0 days 00:31:21,2
187969,"Apple iPhone 16 Pro 16 cm (6.3"") Double SIM iOS 18 5G USB Type-C 1 To Noir",ZOOMICI,2699.82,2025-02-07 21:33:47,32e6ffa4-949b-413e-8aa2-6c67dba2188f,4,4.0,19.0,1467.0,0,0,0,0,0,0,0,0,0,0 days 00:31:19,2
188067,"Apple iPhone 16 Pro 16 cm (6.3"") Double SIM iOS 18 5G USB Type-C 1 To Noir",ZOOMICI,2699.82,2025-02-07 22:05:08,32e6ffa4-949b-413e-8aa2-6c67dba2188f,4,4.0,19.0,1467.0,0,0,0,0,0,0,0,0,0,0 days 00:31:21,2
188165,"Apple iPhone 16 Pro 16 cm (6.3"") Double SIM iOS 18 5G USB Type-C 1 To Noir",ZOOMICI,2699.82,2025-02-07 22:36:27,32e6ffa4-949b-413e-8aa2-6c67dba2188f,4,4.0,19.0,1467.0,0,0,0,0,0,0,0,0,0,0 days 00:31:19,2
188263,"Apple iPhone 16 Pro 16 cm (6.3"") Double SIM iOS 18 5G USB Type-C 1 To Noir",ZOOMICI,2699.82,2025-02-07 23:07:45,32e6ffa4-949b-413e-8aa2-6c67dba2188f,3,4.0,19.0,1467.0,0,0,0,0,0,0,0,0,0,0 days 00:31:18,2
188361,"Apple iPhone 16 Pro 16 cm (6.3"") Double SIM iOS 18 5G USB Type-C 1 To Noir",ZOOMICI,2699.82,2025-02-07 23:39:03,32e6ffa4-949b-413e-8aa2-6c67dba2188f,3,4.0,19.0,1467.0,0,0,0,0,0,0,0,0,0,0 days 00:31:18,2
188459,"Apple iPhone 16 Pro 16 cm (6.3"") Double SIM iOS 18 5G USB Type-C 1 To Noir",ZOOMICI,2699.82,2025-02-08 00:10:26,32e6ffa4-949b-413e-8aa2-6c67dba2188f,3,4.0,19.0,1468.0,0,0,0,0,0,0,0,0,0,0 days 00:31:23,2
188557,"Apple iPhone 16 Pro 16 cm (6.3"") Double SIM iOS 18 5G USB Type-C 1 To Noir",ZOOMICI,2699.82,2025-02-08 00:41:45,32e6ffa4-949b-413e-8aa2-6c67dba2188f,3,4.0,19.0,1468.0,0,0,0,0,0,0,0,0,0,0 days 00:31:19,2
188655,"Apple iPhone 16 Pro 16 cm (6.3"") Double SIM iOS 18 5G USB Type-C 1 To Noir",ZOOMICI,2699.82,2025-02-08 01:13:03,32e6ffa4-949b-413e-8aa2-6c67dba2188f,3,4.0,19.0,1468.0,0,0,0,0,0,0,0,0,0,0 days 00:31:18,2
188753,"Apple iPhone 16 Pro 16 cm (6.3"") Double SIM iOS 18 5G USB Type-C 1 To Noir",ZOOMICI,2699.82,2025-02-08 01:44:21,32e6ffa4-949b-413e-8aa2-6c67dba2188f,3,4.0,19.0,1468.0,0,0,0,0,0,0,0,0,0,0 days 00:31:18,2
200903,"Apple iPhone 16 15,5 cm (6.1"") Double SIM iOS 18 5G USB Type-C 256 Go Noir",MercatoXL,1150.04,2025-02-10 22:07:36,3c840e3f-ac99-4124-9e02-d8bab78f57ec,3,3.0,38.0,955.0,0,0,0,0,0,0,1,0,0,2 days 14:08:12,2
201001,"Apple iPhone 16 15,5 cm (6.1"") Double SIM iOS 18 5G USB Type-C 256 Go Noir",MercatoXL,1150.04,2025-02-10 22:38:56,3c840e3f-ac99-4124-9e02-d8bab78f57ec,3,3.0,38.0,955.0,0,0,0,0,0,0,1,0,0,0 days 00:31:20,2
201099,"Apple iPhone 16 15,5 cm (6.1"") Double SIM iOS 18 5G USB Type-C 256 Go Noir",MercatoXL,1150.04,2025-02-10 23:10:17,3c840e3f-ac99-4124-9e02-d8bab78f57ec,2,3.0,38.0,955.0,0,0,0,0,0,0,1,0,0,0 days 00:31:21,2
201197,"Apple iPhone 16 15,5 cm (6.1"") Double SIM iOS 18 5G USB Type-C 256 Go Noir",MercatoXL,1150.04,2025-02-10 23:41:36,3c840e3f-ac99-4124-9e02-d8bab78f57ec,2,3.0,38.0,955.0,0,0,0,0,0,0,1,0,0,0 days 00:31:19,2
201295,"Apple iPhone 16 15,5 cm (6.1"") Double SIM iOS 18 5G USB Type-C 256 Go Noir",MercatoXL,1150.04,2025-02-11 00:12:55,3c840e3f-ac99-4124-9e02-d8bab78f57ec,2,3.0,38.0,956.0,0,0,0,0,0,0,1,0,0,0 days 00:31:19,2
201393,"Apple iPhone 16 15,5 cm (6.1"") Double SIM iOS 18 5G USB Type-C 256 Go Noir",MercatoXL,1150.04,2025-02-11 00:44:14,3c840e3f-ac99-4124-9e02-d8bab78f57ec,2,3.0,38.0,956.0,0,0,0,0,0,0,1,0,0,0 days 00:31:19,2
201491,"Apple iPhone 16 15,5 cm (6.1"") Double SIM iOS 18 5G USB Type-C 256 Go Noir",MercatoXL,1150.04,2025-02-11 01:15:32,3c840e3f-ac99-4124-9e02-d8bab78f57ec,2,3.0,38.0,956.0,0,0,0,0,0,0,1,0,0,0 days 00:31:18,2
201589,"Apple iPhone 16 15,5 cm (6.1"") Double SIM iOS 18 5G USB Type-C 256 Go Noir",MercatoXL,1150.04,2025-02-11 01:46:49,3c840e3f-ac99-4124-9e02-d8bab78f57ec,2,3.0,38.0,956.0,0,0,0,0,0,0,1,0,0,0 days 00:31:17,2
201687,"Apple iPhone 16 15,5 cm (6.1"") Double SIM iOS 18 5G USB Type-C 256 Go Noir",MercatoXL,1150.04,2025-02-11 02:18:05,3c840e3f-ac99-4124-9e02-d8bab78f57ec,2,3.0,38.0,956.0,0,0,0,0,0,0,1,0,0,0 days 00:31:16,2
201785,"Apple iPhone 16 15,5 cm (6.1"") Double SIM iOS 18 5G USB Type-C 256 Go Noir",MercatoXL,1150.04,2025-02-11 02:49:23,3c840e3f-ac99-4124-9e02-d8bab78f57ec,2,3.0,38.0,956.0,0,0,0,0,0,0,1,0,0,0 days 00:31:18,2
201884,"Apple iPhone 16 15,5 cm (6.1"") Double SIM iOS 18 5G USB Type-C 256 Go Noir",MercatoXL,1150.04,2025-02-11 03:20:42,3c840e3f-ac99-4124-9e02-d8bab78f57ec,2,3.0,38.0,956.0,0,0,0,0,0,0,1,0,0,0 days 00:31:19,2
201983,"Apple iPhone 16 15,5 cm (6.1"") Double SIM iOS 18 5G USB Type-C 256 Go Noir",MercatoXL,1150.04,2025-02-11 03:51:59,3c840e3f-ac99-4124-9e02-d8bab78f57ec,2,3.0,38.0,956.0,0,0,0,0,0,0,1,0,0,0 days 00:31:17,2
202082,"Apple iPhone 16 15,5 cm (6.1"") Double SIM iOS 18 5G USB Type-C 256 Go Noir",MercatoXL,1150.04,2025-02-11 04:23:16,3c840e3f-ac99-4124-9e02-d8bab78f57ec,2,3.0,38.0,956.0,0,0,0,0,0,0,1,0,0,0 days 00:31:17,2
202181,"Apple iPhone 16 15,5 cm (6.1"") Double SIM iOS 18 5G USB Type-C 256 Go Noir",MercatoXL,1150.04,2025-02-11 04:54:36,3c840e3f-ac99-4124-9e02-d8bab78f57ec,2,3.0,38.0,956.0,0,0,0,0,0,0,1,0,0,0 days 00:31:20,2
202280,"Apple iPhone 16 15,5 cm (6.1"") Double SIM iOS 18 5G USB Type-C 256 Go Noir",MercatoXL,1150.04,2025-02-11 05:25:56,3c840e3f-ac99-4124-9e02-d8bab78f57ec,2,3.0,38.0,956.0,0,0,0,0,0,0,1,0,0,0 days 00:31:20,2
202378,"Apple iPhone 16 15,5 cm (6.1"") Double SIM iOS 18 5G USB Type-C 256 Go Noir",MercatoXL,1150.04,2025-02-11 05:57:12,3c840e3f-ac99-4124-9e02-d8bab78f57ec,2,3.0,38.0,956.0,0,0,0,0,0,0,1,0,0,0 days 00:31:16,2
202476,"Apple iPhone 16 15,5 cm (6.1"") Double SIM iOS 18 5G USB Type-C 256 Go Noir",MercatoXL,1150.04,2025-02-11 06:28:32,3c840e3f-ac99-4124-9e02-d8bab78f57ec,2,3.0,38.0,956.0,0,0,0,0,0,0,1,0,0,0 days 00:31:20,2
202574,"Apple iPhone 16 15,5 cm (6.1"") Double SIM iOS 18 5G USB Type-C 256 Go Noir",MercatoXL,1150.04,2025-02-11 06:59:49,3c840e3f-ac99-4124-9e02-d8bab78f57ec,2,3.0,38.0,956.0,0,0,0,0,0,0,1,0,0,0 days 00:31:17,2
202672,"Apple iPhone 16 15,5 cm (6.1"") Double SIM iOS 18 5G USB Type-C 256 Go Noir",MercatoXL,1150.04,2025-02-11 07:31:10,3c840e3f-ac99-4124-9e02-d8bab78f57ec,2,3.0,38.0,956.0,0,0,0,0,0,0,1,0,0,0 days 00:31:21,2
202770,"Apple iPhone 16 15,5 cm (6.1"") Double SIM iOS 18 5G USB Type-C 256 Go Noir",MercatoXL,1150.04,2025-02-11 08:02:29,3c840e3f-ac99-4124-9e02-d8bab78f57ec,2,3.0,38.0,956.0,0,0,0,0,0,0,1,0,0,0 days 00:31:19,2
202868,"Apple iPhone 16 15,5 cm (6.1"") Double SIM iOS 18 5G USB Type-C 256 Go Noir",MercatoXL,1150.04,2025-02-11 08:33:47,3c840e3f-ac99-4124-9e02-d8bab78f57ec,2,3.0,38.0,956.0,0,0,0,0,0,0,1,0,0,0 days 00:31:18,2
202969,"Apple iPhone 16 15,5 cm (6.1"") Double SIM iOS 18 5G USB Type-C 256 Go Noir",MercatoXL,1217.96,2025-02-11 09:05:09,3c840e3f-ac99-4124-9e02-d8bab78f57ec,2,3.0,38.0,956.0,0,0,0,0,0,0,1,0,0,0 days 00:31:22,2
203064,"Apple iPhone 16 15,5 cm (6.1"") Double SIM iOS 18 5G USB Type-C 256 Go Noir",MercatoXL,1150.04,2025-02-11 10:38:54,3c840e3f-ac99-4124-9e02-d8bab78f57ec,2,3.0,38.0,956.0,0,0,0,0,0,0,1,0,0,0 days 01:33:45,2
203162,"Apple iPhone 16 15,5 cm (6.1"") Double SIM iOS 18 5G USB Type-C 256 Go Noir",MercatoXL,1150.04,2025-02-11 11:10:19,3c840e3f-ac99-4124-9e02-d8bab78f57ec,2,3.0,38.0,956.0,0,0,0,0,0,0,1,0,0,0 days 00:31:25,2
203260,"Apple iPhone 16 15,5 cm (6.1"") Double SIM iOS 18 5G USB Type-C 256 Go Noir",MercatoXL,1150.04,2025-02-11 11:41:39,3c840e3f-ac99-4124-9e02-d8bab78f57ec,2,3.0,38.0,956.0,0,0,0,0,0,0,1,0,0,0 days 00:31:20,2
203358,"Apple iPhone 16 15,5 cm (6.1"") Double SIM iOS 18 5G USB Type-C 256 Go Noir",MercatoXL,1150.04,2025-02-11 12:12:59,3c840e3f-ac99-4124-9e02-d8bab78f57ec,2,3.0,38.0,956.0,0,0,0,0,0,0,1,0,0,0 days 00:31:20,2
203456,"Apple iPhone 16 15,5 cm (6.1"") Double SIM iOS 18 5G USB Type-C 256 Go Noir",MercatoXL,1150.04,2025-02-11 12:44:20,3c840e3f-ac99-4124-9e02-d8bab78f57ec,2,3.0,38.0,956.0,0,0,0,0,0,0,1,0,0,0 days 00:31:21,2
195493,"Apple iPhone 16 Pro 16 cm (6.3"") Double SIM iOS 18 5G USB Type-C 1 To Noir",MercatoXL,2499.49,2025-02-09 15:51:05,445cc34e-f92c-4a17-8707-9d2491cbedf7,3,3.0,38.0,954.0,0,0,0,0,0,0,1,0,0,1 days 07:51:09,1
195581,"Apple iPhone 16 Pro 16 cm (6.3"") Double SIM iOS 18 5G USB Type-C 1 To Noir",MercatoXL,2243.53,2025-02-09 16:22:22,445cc34e-f92c-4a17-8707-9d2491cbedf7,3,3.0,38.0,954.0,0,0,0,0,0,0,1,0,0,0 days 00:31:17,1
195674,"Apple iPhone 16 Pro 16 cm (6.3"") Double SIM iOS 18 5G USB Type-C 1 To Noir",MercatoXL,2243.53,2025-02-09 16:53:41,445cc34e-f92c-4a17-8707-9d2491cbedf7,3,3.0,38.0,954.0,0,0,0,0,0,0,1,0,0,0 days 00:31:19,1
195768,"Apple iPhone 16 Pro 16 cm (6.3"") Double SIM iOS 18 5G USB Type-C 1 To Noir",MercatoXL,2243.53,2025-02-09 17:24:59,445cc34e-f92c-4a17-8707-9d2491cbedf7,3,3.0,38.0,954.0,0,0,0,0,0,0,1,0,0,0 days 00:31:18,1
195862,"Apple iPhone 16 Pro 16 cm (6.3"") Double SIM iOS 18 5G USB Type-C 1 To Noir",MercatoXL,2243.53,2025-02-09 17:56:18,445cc34e-f92c-4a17-8707-9d2491cbedf7,3,3.0,38.0,954.0,0,0,0,0,0,0,1,0,0,0 days 00:31:19,1
195956,"Apple iPhone 16 Pro 16 cm (6.3"") Double SIM iOS 18 5G USB Type-C 1 To Noir",MercatoXL,2243.53,2025-02-09 18:27:36,445cc34e-f92c-4a17-8707-9d2491cbedf7,3,3.0,38.0,954.0,0,0,0,0,0,0,1,0,0,0 days 00:31:18,1
196050,"Apple iPhone 16 Pro 16 cm (6.3"") Double SIM iOS 18 5G USB Type-C 1 To Noir",MercatoXL,2243.53,2025-02-09 18:58:55,445cc34e-f92c-4a17-8707-9d2491cbedf7,3,3.0,38.0,954.0,0,0,0,0,0,0,1,0,0,0 days 00:31:19,1
196144,"Apple iPhone 16 Pro 16 cm (6.3"") Double SIM iOS 18 5G USB Type-C 1 To Noir",MercatoXL,2243.53,2025-02-09 19:30:18,445cc34e-f92c-4a17-8707-9d2491cbedf7,3,3.0,38.0,954.0,0,0,0,0,0,0,1,0,0,0 days 00:31:23,1
196238,"Apple iPhone 16 Pro 16 cm (6.3"") Double SIM iOS 18 5G USB Type-C 1 To Noir",MercatoXL,2243.53,2025-02-09 20:01:38,445cc34e-f92c-4a17-8707-9d2491cbedf7,3,3.0,38.0,954.0,0,0,0,0,0,0,1,0,0,0 days 00:31:20,1
196332,"Apple iPhone 16 Pro 16 cm (6.3"") Double SIM iOS 18 5G USB Type-C 1 To Noir",MercatoXL,2243.53,2025-02-09 20:32:56,445cc34e-f92c-4a17-8707-9d2491cbedf7,3,3.0,38.0,954.0,0,0,0,0,0,0,1,0,0,0 days 00:31:18,1
196426,"Apple iPhone 16 Pro 16 cm (6.3"") Double SIM iOS 18 5G USB Type-C 1 To Noir",MercatoXL,2243.53,2025-02-09 21:04:15,445cc34e-f92c-4a17-8707-9d2491cbedf7,3,3.0,38.0,954.0,0,0,0,0,0,0,1,0,0,0 days 00:31:19,1
196520,"Apple iPhone 16 Pro 16 cm (6.3"") Double SIM iOS 18 5G USB Type-C 1 To Noir",MercatoXL,2243.53,2025-02-09 21:35:35,445cc34e-f92c-4a17-8707-9d2491cbedf7,3,3.0,38.0,954.0,0,0,0,0,0,0,1,0,0,0 days 00:31:20,1
196614,"Apple iPhone 16 Pro 16 cm (6.3"") Double SIM iOS 18 5G USB Type-C 1 To Noir",MercatoXL,2243.53,2025-02-09 22:06:54,445cc34e-f92c-4a17-8707-9d2491cbedf7,3,3.0,38.0,954.0,0,0,0,0,0,0,1,0,0,0 days 00:31:19,1
196708,"Apple iPhone 16 Pro 16 cm (6.3"") Double SIM iOS 18 5G USB Type-C 1 To Noir",MercatoXL,2243.53,2025-02-09 22:38:15,445cc34e-f92c-4a17-8707-9d2491cbedf7,3,3.0,38.0,954.0,0,0,0,0,0,0,1,0,0,0 days 00:31:21,1
196802,"Apple iPhone 16 Pro 16 cm (6.3"") Double SIM iOS 18 5G USB Type-C 1 To Noir",MercatoXL,2243.53,2025-02-09 23:09:33,445cc34e-f92c-4a17-8707-9d2491cbedf7,2,3.0,38.0,954.0,0,0,0,0,0,0,1,0,0,0 days 00:31:18,1
196896,"Apple iPhone 16 Pro 16 cm (6.3"") Double SIM iOS 18 5G USB Type-C 1 To Noir",MercatoXL,2243.53,2025-02-09 23:40:52,445cc34e-f92c-4a17-8707-9d2491cbedf7,2,3.0,38.0,954.0,0,0,0,0,0,0,1,0,0,0 days 00:31:19,1
196990,"Apple iPhone 16 Pro 16 cm (6.3"") Double SIM iOS 18 5G USB Type-C 1 To Noir",MercatoXL,2243.53,2025-02-10 00:12:11,445cc34e-f92c-4a17-8707-9d2491cbedf7,2,3.0,38.0,955.0,0,0,0,0,0,0,1,0,0,0 days 00:31:19,1
197084,"Apple iPhone 16 Pro 16 cm (6.3"") Double SIM iOS 18 5G USB Type-C 1 To Noir",MercatoXL,2243.53,2025-02-10 00:43:28,445cc34e-f92c-4a17-8707-9d2491cbedf7,2,3.0,38.0,955.0,0,0,0,0,0,0,1,0,0,0 days 00:31:17,1
197178,"Apple iPhone 16 Pro 16 cm (6.3"") Double SIM iOS 18 5G USB Type-C 1 To Noir",MercatoXL,2243.53,2025-02-10 01:14:45,445cc34e-f92c-4a17-8707-9d2491cbedf7,2,3.0,38.0,955.0,0,0,0,0,0,0,1,0,0,0 days 00:31:17,1
197272,"Apple iPhone 16 Pro 16 cm (6.3"") Double SIM iOS 18 5G USB Type-C 1 To Noir",MercatoXL,2243.53,2025-02-10 01:46:04,445cc34e-f92c-4a17-8707-9d2491cbedf7,2,3.0,38.0,955.0,0,0,0,0,0,0,1,0,0,0 days 00:31:19,1
197366,"Apple iPhone 16 Pro 16 cm (6.3"") Double SIM iOS 18 5G USB Type-C 1 To Noir",MercatoXL,2243.53,2025-02-10 02:17:20,445cc34e-f92c-4a17-8707-9d2491cbedf7,2,3.0,38.0,955.0,0,0,0,0,0,0,1,0,0,0 days 00:31:16,1
197460,"Apple iPhone 16 Pro 16 cm (6.3"") Double SIM iOS 18 5G USB Type-C 1 To Noir",MercatoXL,2243.53,2025-02-10 02:48:37,445cc34e-f92c-4a17-8707-9d2491cbedf7,2,3.0,38.0,955.0,0,0,0,0,0,0,1,0,0,0 days 00:31:17,1
197554,"Apple iPhone 16 Pro 16 cm (6.3"") Double SIM iOS 18 5G USB Type-C 1 To Noir",MercatoXL,2243.53,2025-02-10 03:19:55,445cc34e-f92c-4a17-8707-9d2491cbedf7,2,3.0,38.0,955.0,0,0,0,0,0,0,1,0,0,0 days 00:31:18,1
197648,"Apple iPhone 16 Pro 16 cm (6.3"") Double SIM iOS 18 5G USB Type-C 1 To Noir",MercatoXL,2243.53,2025-02-10 03:51:15,445cc34e-f92c-4a17-8707-9d2491cbedf7,2,3.0,38.0,955.0,0,0,0,0,0,0,1,0,0,0 days 00:31:20,1
197742,"Apple iPhone 16 Pro 16 cm (6.3"") Double SIM iOS 18 5G USB Type-C 1 To Noir",MercatoXL,2243.53,2025-02-10 04:22:32,445cc34e-f92c-4a17-8707-9d2491cbedf7,2,3.0,38.0,955.0,0,0,0,0,0,0,1,0,0,0 days 00:31:17,1
197836,"Apple iPhone 16 Pro 16 cm (6.3"") Double SIM iOS 18 5G USB Type-C 1 To Noir",MercatoXL,2243.53,2025-02-10 04:53:48,445cc34e-f92c-4a17-8707-9d2491cbedf7,2,3.0,38.0,955.0,0,0,0,0,0,0,1,0,0,0 days 00:31:16,1
197930,"Apple iPhone 16 Pro 16 cm (6.3"") Double SIM iOS 18 5G USB Type-C 1 To Noir",MercatoXL,2243.53,2025-02-10 05:25:05,445cc34e-f92c-4a17-8707-9d2491cbedf7,2,3.0,38.0,955.0,0,0,0,0,0,0,1,0,0,0 days 00:31:17,1
198024,"Apple iPhone 16 Pro 16 cm (6.3"") Double SIM iOS 18 5G USB Type-C 1 To Noir",MercatoXL,2243.53,2025-02-10 05:56:22,445cc34e-f92c-4a17-8707-9d2491cbedf7,2,3.0,38.0,955.0,0,0,0,0,0,0,1,0,0,0 days 00:31:17,1
198118,"Apple iPhone 16 Pro 16 cm (6.3"") Double SIM iOS 18 5G USB Type-C 1 To Noir",MercatoXL,2243.53,2025-02-10 06:27:39,445cc34e-f92c-4a17-8707-9d2491cbedf7,2,3.0,38.0,955.0,0,0,0,0,0,0,1,0,0,0 days 00:31:17,1
198212,"Apple iPhone 16 Pro 16 cm (6.3"") Double SIM iOS 18 5G USB Type-C 1 To Noir",MercatoXL,2243.53,2025-02-10 06:58:59,445cc34e-f92c-4a17-8707-9d2491cbedf7,2,3.0,38.0,955.0,0,0,0,0,0,0,1,0,0,0 days 00:31:20,1
198306,"Apple iPhone 16 Pro 16 cm (6.3"") Double SIM iOS 18 5G USB Type-C 1 To Noir",MercatoXL,2243.53,2025-02-10 07:30:19,445cc34e-f92c-4a17-8707-9d2491cbedf7,2,3.0,38.0,955.0,0,0,0,0,0,0,1,0,0,0 days 00:31:20,1
198400,"Apple iPhone 16 Pro 16 cm (6.3"") Double SIM iOS 18 5G USB Type-C 1 To Noir",MercatoXL,2243.53,2025-02-10 08:01:37,445cc34e-f92c-4a17-8707-9d2491cbedf7,2,3.0,38.0,955.0,0,0,0,0,0,0,1,0,0,0 days 00:31:18,1
198494,"Apple iPhone 16 Pro 16 cm (6.3"") Double SIM iOS 18 5G USB Type-C 1 To Noir",MercatoXL,2243.53,2025-02-10 08:32:56,445cc34e-f92c-4a17-8707-9d2491cbedf7,2,3.0,38.0,955.0,0,0,0,0,0,0,1,0,0,0 days 00:31:19,1
198588,"Apple iPhone 16 Pro 16 cm (6.3"") Double SIM iOS 18 5G USB Type-C 1 To Noir",MercatoXL,2243.53,2025-02-10 09:04:14,445cc34e-f92c-4a17-8707-9d2491cbedf7,2,3.0,38.0,955.0,0,0,0,0,0,0,1,0,0,0 days 00:31:18,1
198682,"Apple iPhone 16 Pro 16 cm (6.3"") Double SIM iOS 18 5G USB Type-C 1 To Noir",MercatoXL,2243.53,2025-02-10 09:35:35,445cc34e-f92c-4a17-8707-9d2491cbedf7,2,3.0,38.0,955.0,0,0,0,0,0,0,1,0,0,0 days 00:31:21,1
198776,"Apple iPhone 16 Pro 16 cm (6.3"") Double SIM iOS 18 5G USB Type-C 1 To Noir",MercatoXL,2243.53,2025-02-10 10:06:57,445cc34e-f92c-4a17-8707-9d2491cbedf7,2,3.0,38.0,955.0,0,0,0,0,0,0,1,0,0,0 days 00:31:22,1
198870,"Apple iPhone 16 Pro 16 cm (6.3"") Double SIM iOS 18 5G USB Type-C 1 To Noir",MercatoXL,2243.53,2025-02-10 10:38:17,445cc34e-f92c-4a17-8707-9d2491cbedf7,2,3.0,38.0,955.0,0,0,0,0,0,0,1,0,0,0 days 00:31:20,1
198964,"Apple iPhone 16 Pro 16 cm (6.3"") Double SIM iOS 18 5G USB Type-C 1 To Noir",MercatoXL,2243.53,2025-02-10 11:09:38,445cc34e-f92c-4a17-8707-9d2491cbedf7,2,3.0,38.0,955.0,0,0,0,0,0,0,1,0,0,0 days 00:31:21,1
199058,"Apple iPhone 16 Pro 16 cm (6.3"") Double SIM iOS 18 5G USB Type-C 1 To Noir",MercatoXL,2243.53,2025-02-10 11:41:04,445cc34e-f92c-4a17-8707-9d2491cbedf7,2,3.0,38.0,955.0,0,0,0,0,0,0,1,0,0,0 days 00:31:26,1
199152,"Apple iPhone 16 Pro 16 cm (6.3"") Double SIM iOS 18 5G USB Type-C 1 To Noir",MercatoXL,2243.53,2025-02-10 12:12:28,445cc34e-f92c-4a17-8707-9d2491cbedf7,2,3.0,38.0,955.0,0,0,0,0,0,0,1,0,0,0 days 00:31:24,1
199246,"Apple iPhone 16 Pro 16 cm (6.3"") Double SIM iOS 18 5G USB Type-C 1 To Noir",MercatoXL,2243.53,2025-02-10 12:43:50,445cc34e-f92c-4a17-8707-9d2491cbedf7,2,3.0,38.0,955.0,0,0,0,0,0,0,1,0,0,0 days 00:31:22,1
199340,"Apple iPhone 16 Pro 16 cm (6.3"") Double SIM iOS 18 5G USB Type-C 1 To Noir",MercatoXL,2243.53,2025-02-10 13:15:12,445cc34e-f92c-4a17-8707-9d2491cbedf7,2,3.0,38.0,955.0,0,0,0,0,0,0,1,0,0,0 days 00:31:22,1
199434,"Apple iPhone 16 Pro 16 cm (6.3"") Double SIM iOS 18 5G USB Type-C 1 To Noir",MercatoXL,2243.53,2025-02-10 13:46:34,445cc34e-f92c-4a17-8707-9d2491cbedf7,2,3.0,38.0,955.0,0,0,0,0,0,0,1,0,0,0 days 00:31:22,1
199528,"Apple iPhone 16 Pro 16 cm (6.3"") Double SIM iOS 18 5G USB Type-C 1 To Noir",MercatoXL,2243.53,2025-02-10 14:17:56,445cc34e-f92c-4a17-8707-9d2491cbedf7,3,3.0,38.0,955.0,0,0,0,0,0,0,1,0,0,0 days 00:31:22,1
199622,"Apple iPhone 16 Pro 16 cm (6.3"") Double SIM iOS 18 5G USB Type-C 1 To Noir",MercatoXL,2243.53,2025-02-10 14:49:18,445cc34e-f92c-4a17-8707-9d2491cbedf7,3,3.0,38.0,955.0,0,0,0,0,0,0,1,0,0,0 days 00:31:22,1
199716,"Apple iPhone 16 Pro 16 cm (6.3"") Double SIM iOS 18 5G USB Type-C 1 To Noir",MercatoXL,2243.53,2025-02-10 15:20:41,445cc34e-f92c-4a17-8707-9d2491cbedf7,3,3.0,38.0,955.0,0,0,0,0,0,0,1,0,0,0 days 00:31:23,1
199810,"Apple iPhone 16 Pro 16 cm (6.3"") Double SIM iOS 18 5G USB Type-C 1 To Noir",MercatoXL,2243.53,2025-02-10 15:52:02,445cc34e-f92c-4a17-8707-9d2491cbedf7,3,3.0,38.0,955.0,0,0,0,0,0,0,1,0,0,0 days 00:31:21,1
199904,"Apple iPhone 16 Pro 16 cm (6.3"") Double SIM iOS 18 5G USB Type-C 1 To Noir",MercatoXL,2243.53,2025-02-10 16:23:25,445cc34e-f92c-4a17-8707-9d2491cbedf7,3,3.0,38.0,955.0,0,0,0,0,0,0,1,0,0,0 days 00:31:23,1
199998,"Apple iPhone 16 Pro 16 cm (6.3"") Double SIM iOS 18 5G USB Type-C 1 To Noir",MercatoXL,2243.53,2025-02-10 16:54:48,445cc34e-f92c-4a17-8707-9d2491cbedf7,3,3.0,38.0,955.0,0,0,0,0,0,0,1,0,0,0 days 00:31:23,1
200092,"Apple iPhone 16 Pro 16 cm (6.3"") Double SIM iOS 18 5G USB Type-C 1 To Noir",MercatoXL,2243.53,2025-02-10 17:26:12,445cc34e-f92c-4a17-8707-9d2491cbedf7,3,3.0,38.0,955.0,0,0,0,0,0,0,1,0,0,0 days 00:31:24,1
200186,"Apple iPhone 16 Pro 16 cm (6.3"") Double SIM iOS 18 5G USB Type-C 1 To Noir",MercatoXL,2243.53,2025-02-10 17:57:32,445cc34e-f92c-4a17-8707-9d2491cbedf7,3,3.0,38.0,955.0,0,0,0,0,0,0,1,0,0,0 days 00:31:20,1
200280,"Apple iPhone 16 Pro 16 cm (6.3"") Double SIM iOS 18 5G USB Type-C 1 To Noir",MercatoXL,2243.53,2025-02-10 18:28:52,445cc34e-f92c-4a17-8707-9d2491cbedf7,3,3.0,38.0,955.0,0,0,0,0,0,0,1,0,0,0 days 00:31:20,1
200374,"Apple iPhone 16 Pro 16 cm (6.3"") Double SIM iOS 18 5G USB Type-C 1 To Noir",MercatoXL,2499.49,2025-02-10 19:00:13,445cc34e-f92c-4a17-8707-9d2491cbedf7,3,3.0,38.0,955.0,0,0,0,0,0,0,1,0,0,0 days 00:31:21,1
200468,"Apple iPhone 16 Pro 16 cm (6.3"") Double SIM iOS 18 5G USB Type-C 1 To Noir",MercatoXL,2243.53,2025-02-10 19:31:33,445cc34e-f92c-4a17-8707-9d2491cbedf7,3,3.0,38.0,955.0,0,0,0,0,0,0,1,0,0,0 days 00:31:20,1
200562,"Apple iPhone 16 Pro 16 cm (6.3"") Double SIM iOS 18 5G USB Type-C 1 To Noir",MercatoXL,2243.53,2025-02-10 20:02:50,445cc34e-f92c-4a17-8707-9d2491cbedf7,3,3.0,38.0,955.0,0,0,0,0,0,0,1,0,0,0 days 00:31:17,1
200656,"Apple iPhone 16 Pro 16 cm (6.3"") Double SIM iOS 18 5G USB Type-C 1 To Noir",MercatoXL,2243.53,2025-02-10 20:34:11,445cc34e-f92c-4a17-8707-9d2491cbedf7,3,3.0,38.0,955.0,0,0,0,0,0,0,1,0,0,0 days 00:31:21,1
200750,"Apple iPhone 16 Pro 16 cm (6.3"") Double SIM iOS 18 5G USB Type-C 1 To Noir",MercatoXL,2243.53,2025-02-10 21:05:32,445cc34e-f92c-4a17-8707-9d2491cbedf7,3,3.0,38.0,955.0,0,0,0,0,0,0,1,0,0,0 days 00:31:21,1
200847,"Apple iPhone 16 Pro 16 cm (6.3"") Double SIM iOS 18 5G USB Type-C 1 To Noir",MercatoXL,2243.53,2025-02-10 21:36:51,445cc34e-f92c-4a17-8707-9d2491cbedf7,3,3.0,38.0,955.0,0,0,0,0,0,0,1,0,0,0 days 00:31:19,1
200945,"Apple iPhone 16 Pro 16 cm (6.3"") Double SIM iOS 18 5G USB Type-C 1 To Noir",MercatoXL,2243.53,2025-02-10 22:08:09,445cc34e-f92c-4a17-8707-9d2491cbedf7,3,3.0,38.0,955.0,0,0,0,0,0,0,1,0,0,0 days 00:31:18,1
201043,"Apple iPhone 16 Pro 16 cm (6.3"") Double SIM iOS 18 5G USB Type-C 1 To Noir",MercatoXL,2243.53,2025-02-10 22:39:29,445cc34e-f92c-4a17-8707-9d2491cbedf7,3,3.0,38.0,955.0,0,0,0,0,0,0,1,0,0,0 days 00:31:20,1
201141,"Apple iPhone 16 Pro 16 cm (6.3"") Double SIM iOS 18 5G USB Type-C 1 To Noir",MercatoXL,2243.53,2025-02-10 23:10:51,445cc34e-f92c-4a17-8707-9d2491cbedf7,2,3.0,38.0,955.0,0,0,0,0,0,0,1,0,0,0 days 00:31:22,1
201239,"Apple iPhone 16 Pro 16 cm (6.3"") Double SIM iOS 18 5G USB Type-C 1 To Noir",MercatoXL,2243.53,2025-02-10 23:42:10,445cc34e-f92c-4a17-8707-9d2491cbedf7,2,3.0,38.0,955.0,0,0,0,0,0,0,1,0,0,0 days 00:31:19,1
201337,"Apple iPhone 16 Pro 16 cm (6.3"") Double SIM iOS 18 5G USB Type-C 1 To Noir",MercatoXL,2243.53,2025-02-11 00:13:29,445cc34e-f92c-4a17-8707-9d2491cbedf7,2,3.0,38.0,956.0,0,0,0,0,0,0,1,0,0,0 days 00:31:19,1
201435,"Apple iPhone 16 Pro 16 cm (6.3"") Double SIM iOS 18 5G USB Type-C 1 To Noir",MercatoXL,2243.53,2025-02-11 00:44:47,445cc34e-f92c-4a17-8707-9d2491cbedf7,2,3.0,38.0,956.0,0,0,0,0,0,0,1,0,0,0 days 00:31:18,1
201533,"Apple iPhone 16 Pro 16 cm (6.3"") Double SIM iOS 18 5G USB Type-C 1 To Noir",MercatoXL,2243.53,2025-02-11 01:16:04,445cc34e-f92c-4a17-8707-9d2491cbedf7,2,3.0,38.0,956.0,0,0,0,0,0,0,1,0,0,0 days 00:31:17,1
201631,"Apple iPhone 16 Pro 16 cm (6.3"") Double SIM iOS 18 5G USB Type-C 1 To Noir",MercatoXL,2243.53,2025-02-11 01:47:21,445cc34e-f92c-4a17-8707-9d2491cbedf7,2,3.0,38.0,956.0,0,0,0,0,0,0,1,0,0,0 days 00:31:17,1
201729,"Apple iPhone 16 Pro 16 cm (6.3"") Double SIM iOS 18 5G USB Type-C 1 To Noir",MercatoXL,2243.53,2025-02-11 02:18:37,445cc34e-f92c-4a17-8707-9d2491cbedf7,2,3.0,38.0,956.0,0,0,0,0,0,0,1,0,0,0 days 00:31:16,1
201827,"Apple iPhone 16 Pro 16 cm (6.3"") Double SIM iOS 18 5G USB Type-C 1 To Noir",MercatoXL,2243.53,2025-02-11 02:49:55,445cc34e-f92c-4a17-8707-9d2491cbedf7,2,3.0,38.0,956.0,0,0,0,0,0,0,1,0,0,0 days 00:31:18,1
201926,"Apple iPhone 16 Pro 16 cm (6.3"") Double SIM iOS 18 5G USB Type-C 1 To Noir",MercatoXL,2243.53,2025-02-11 03:21:14,445cc34e-f92c-4a17-8707-9d2491cbedf7,2,3.0,38.0,956.0,0,0,0,0,0,0,1,0,0,0 days 00:31:19,1
202025,"Apple iPhone 16 Pro 16 cm (6.3"") Double SIM iOS 18 5G USB Type-C 1 To Noir",MercatoXL,2243.53,2025-02-11 03:52:31,445cc34e-f92c-4a17-8707-9d2491cbedf7,2,3.0,38.0,956.0,0,0,0,0,0,0,1,0,0,0 days 00:31:17,1
202124,"Apple iPhone 16 Pro 16 cm (6.3"") Double SIM iOS 18 5G USB Type-C 1 To Noir",MercatoXL,2243.53,2025-02-11 04:23:50,445cc34e-f92c-4a17-8707-9d2491cbedf7,2,3.0,38.0,956.0,0,0,0,0,0,0,1,0,0,0 days 00:31:19,1
202223,"Apple iPhone 16 Pro 16 cm (6.3"") Double SIM iOS 18 5G USB Type-C 1 To Noir",MercatoXL,2243.53,2025-02-11 04:55:10,445cc34e-f92c-4a17-8707-9d2491cbedf7,2,3.0,38.0,956.0,0,0,0,0,0,0,1,0,0,0 days 00:31:20,1
202322,"Apple iPhone 16 Pro 16 cm (6.3"") Double SIM iOS 18 5G USB Type-C 1 To Noir",MercatoXL,2243.53,2025-02-11 05:26:28,445cc34e-f92c-4a17-8707-9d2491cbedf7,2,3.0,38.0,956.0,0,0,0,0,0,0,1,0,0,0 days 00:31:18,1
202420,"Apple iPhone 16 Pro 16 cm (6.3"") Double SIM iOS 18 5G USB Type-C 1 To Noir",MercatoXL,2243.53,2025-02-11 05:57:44,445cc34e-f92c-4a17-8707-9d2491cbedf7,2,3.0,38.0,956.0,0,0,0,0,0,0,1,0,0,0 days 00:31:16,1
202518,"Apple iPhone 16 Pro 16 cm (6.3"") Double SIM iOS 18 5G USB Type-C 1 To Noir",MercatoXL,2243.53,2025-02-11 06:29:04,445cc34e-f92c-4a17-8707-9d2491cbedf7,2,3.0,38.0,956.0,0,0,0,0,0,0,1,0,0,0 days 00:31:20,1
202616,"Apple iPhone 16 Pro 16 cm (6.3"") Double SIM iOS 18 5G USB Type-C 1 To Noir",MercatoXL,2243.53,2025-02-11 07:00:25,445cc34e-f92c-4a17-8707-9d2491cbedf7,2,3.0,38.0,956.0,0,0,0,0,0,0,1,0,0,0 days 00:31:21,1
202714,"Apple iPhone 16 Pro 16 cm (6.3"") Double SIM iOS 18 5G USB Type-C 1 To Noir",MercatoXL,2243.53,2025-02-11 07:31:43,445cc34e-f92c-4a17-8707-9d2491cbedf7,2,3.0,38.0,956.0,0,0,0,0,0,0,1,0,0,0 days 00:31:18,1
202812,"Apple iPhone 16 Pro 16 cm (6.3"") Double SIM iOS 18 5G USB Type-C 1 To Noir",MercatoXL,2243.53,2025-02-11 08:03:02,445cc34e-f92c-4a17-8707-9d2491cbedf7,2,3.0,38.0,956.0,0,0,0,0,0,0,1,0,0,0 days 00:31:19,1
202910,"Apple iPhone 16 Pro 16 cm (6.3"") Double SIM iOS 18 5G USB Type-C 1 To Noir",MercatoXL,2243.53,2025-02-11 08:34:21,445cc34e-f92c-4a17-8707-9d2491cbedf7,2,3.0,38.0,956.0,0,0,0,0,0,0,1,0,0,0 days 00:31:19,1
203008,"Apple iPhone 16 Pro 16 cm (6.3"") Double SIM iOS 18 5G USB Type-C 1 To Noir",MercatoXL,2243.53,2025-02-11 09:05:42,445cc34e-f92c-4a17-8707-9d2491cbedf7,2,3.0,38.0,956.0,0,0,0,0,0,0,1,0,0,0 days 00:31:21,1
203106,"Apple iPhone 16 Pro 16 cm (6.3"") Double SIM iOS 18 5G USB Type-C 1 To Noir",MercatoXL,2243.53,2025-02-11 10:39:31,445cc34e-f92c-4a17-8707-9d2491cbedf7,2,3.0,38.0,956.0,0,0,0,0,0,0,1,0,0,0 days 01:33:49,1
203204,"Apple iPhone 16 Pro 16 cm (6.3"") Double SIM iOS 18 5G USB Type-C 1 To Noir",MercatoXL,2243.53,2025-02-11 11:10:53,445cc34e-f92c-4a17-8707-9d2491cbedf7,2,3.0,38.0,956.0,0,0,0,0,0,0,1,0,0,0 days 00:31:22,1
203302,"Apple iPhone 16 Pro 16 cm (6.3"") Double SIM iOS 18 5G USB Type-C 1 To Noir",MercatoXL,2243.53,2025-02-11 11:42:13,445cc34e-f92c-4a17-8707-9d2491cbedf7,2,3.0,38.0,956.0,0,0,0,0,0,0,1,0,0,0 days 00:31:20,1
203400,"Apple iPhone 16 Pro 16 cm (6.3"") Double SIM iOS 18 5G USB Type-C 1 To Noir",MercatoXL,2243.53,2025-02-11 12:13:33,445cc34e-f92c-4a17-8707-9d2491cbedf7,2,3.0,38.0,956.0,0,0,0,0,0,0,1,0,0,0 days 00:31:20,1
203498,"Apple iPhone 16 Pro 16 cm (6.3"") Double SIM iOS 18 5G USB Type-C 1 To Noir",MercatoXL,2243.53,2025-02-11 12:44:53,445cc34e-f92c-4a17-8707-9d2491cbedf7,2,3.0,38.0,956.0,0,0,0,0,0,0,1,0,0,0 days 00:31:20,1
6681,Smartphone Apple iPhone 15 128GB noir,ZOOMICI,1211.35,2024-12-27 23:47:09,47a73ffd-bee9-488f-b95d-4e2bb6d745ee,8,4.0,19.0,1425.0,0,0,0,0,0,0,0,0,0,0 days 00:00:00,0
6775,Smartphone Apple iPhone 15 128GB noir,ZOOMICI,1211.35,2024-12-28 00:18:28,47a73ffd-bee9-488f-b95d-4e2bb6d745ee,9,4.0,19.0,1426.0,0,0,0,0,0,0,0,0,0,0 days 00:31:19,0
6869,Smartphone Apple iPhone 15 128GB noir,ZOOMICI,1211.35,2024-12-28 00:49:46,47a73ffd-bee9-488f-b95d-4e2bb6d745ee,9,4.0,19.0,1426.0,0,0,0,0,0,0,0,0,0,0 days 00:31:18,0
6963,Smartphone Apple iPhone 15 128GB noir,ZOOMICI,1211.35,2024-12-28 01:21:05,47a73ffd-bee9-488f-b95d-4e2bb6d745ee,9,4.0,19.0,1426.0,0,0,0,0,0,0,0,0,0,0 days 00:31:19,0
25438,Smartphone Apple iPhone 15 128GB noir,ZOOMICI,1219.71,2025-01-01 07:43:35,47a73ffd-bee9-488f-b95d-4e2bb6d745ee,5,4.0,19.0,1430.0,0,0,0,0,0,0,0,0,0,4 days 06:22:30,1
25534,Smartphone Apple iPhone 15 128GB noir,ZOOMICI,1219.71,2025-01-01 08:14:54,47a73ffd-bee9-488f-b95d-4e2bb6d745ee,5,4.0,19.0,1430.0,0,0,0,0,0,0,0,0,0,0 days 00:31:19,1
25630,Smartphone Apple iPhone 15 128GB noir,ZOOMICI,1219.71,2025-01-01 08:46:14,47a73ffd-bee9-488f-b95d-4e2bb6d745ee,5,4.0,19.0,1430.0,0,0,0,0,0,0,0,0,0,0 days 00:31:20,1
25726,Smartphone Apple iPhone 15 128GB noir,ZOOMICI,1219.71,2025-01-01 09:17:35,47a73ffd-bee9-488f-b95d-4e2bb6d745ee,5,4.0,19.0,1430.0,0,0,0,0,0,0,0,0,0,0 days 00:31:21,1
25820,Smartphone Apple iPhone 15 128GB noir,ZOOMICI,1219.71,2025-01-01 09:48:55,47a73ffd-bee9-488f-b95d-4e2bb6d745ee,5,4.0,19.0,1430.0,0,0,0,0,0,0,0,0,0,0 days 00:31:20,1
25914,Smartphone Apple iPhone 15 128GB noir,ZOOMICI,1219.71,2025-01-01 10:20:16,47a73ffd-bee9-488f-b95d-4e2bb6d745ee,5,4.0,19.0,1430.0,0,0,0,0,0,0,0,0,0,0 days 00:31:21,1
26008,Smartphone Apple iPhone 15 128GB noir,ZOOMICI,1219.71,2025-01-01 10:51:37,47a73ffd-bee9-488f-b95d-4e2bb6d745ee,5,4.0,19.0,1430.0,0,0,0,0,0,0,0,0,0,0 days 00:31:21,1
26102,Smartphone Apple iPhone 15 128GB noir,ZOOMICI,1219.71,2025-01-01 11:22:58,47a73ffd-bee9-488f-b95d-4e2bb6d745ee,5,4.0,19.0,1430.0,0,0,0,0,0,0,0,0,0,0 days 00:31:21,1
26196,Smartphone Apple iPhone 15 128GB noir,ZOOMICI,1219.71,2025-01-01 11:54:17,47a73ffd-bee9-488f-b95d-4e2bb6d745ee,5,4.0,19.0,1430.0,0,0,0,0,0,0,0,0,0,0 days 00:31:19,1
26290,Smartphone Apple iPhone 15 128GB noir,ZOOMICI,1219.71,2025-01-01 12:25:36,47a73ffd-bee9-488f-b95d-4e2bb6d745ee,5,4.0,19.0,1430.0,0,0,0,0,0,0,0,0,0,0 days 00:31:19,1
26384,Smartphone Apple iPhone 15 128GB noir,ZOOMICI,1219.71,2025-01-01 12:56:56,47a73ffd-bee9-488f-b95d-4e2bb6d745ee,5,4.0,19.0,1430.0,0,0,0,0,0,0,0,0,0,0 days 00:31:20,1
26478,Smartphone Apple iPhone 15 128GB noir,ZOOMICI,1214.84,2025-01-01 13:28:16,47a73ffd-bee9-488f-b95d-4e2bb6d745ee,5,4.0,19.0,1430.0,0,0,0,0,0,0,0,0,0,0 days 00:31:20,1
26572,Smartphone Apple iPhone 15 128GB noir,ZOOMICI,1214.84,2025-01-01 13:59:36,47a73ffd-bee9-488f-b95d-4e2bb6d745ee,5,4.0,19.0,1430.0,0,0,0,0,0,0,0,0,0,0 days 00:31:20,1
26666,Smartphone Apple iPhone 15 128GB noir,ZOOMICI,1214.84,2025-01-01 14:30:57,47a73ffd-bee9-488f-b95d-4e2bb6d745ee,6,4.0,19.0,1430.0,0,0,0,0,0,0,0,0,0,0 days 00:31:21,1
26760,Smartphone Apple iPhone 15 128GB noir,ZOOMICI,1214.84,2025-01-01 15:02:15,47a73ffd-bee9-488f-b95d-4e2bb6d745ee,6,4.0,19.0,1430.0,0,0,0,0,0,0,0,0,0,0 days 00:31:18,1
26854,Smartphone Apple iPhone 15 128GB noir,ZOOMICI,1214.84,2025-01-01 15:33:33,47a73ffd-bee9-488f-b95d-4e2bb6d745ee,6,4.0,19.0,1430.0,0,0,0,0,0,0,0,0,0,0 days 00:31:18,1
26948,Smartphone Apple iPhone 15 128GB noir,ZOOMICI,1214.84,2025-01-01 16:04:54,47a73ffd-bee9-488f-b95d-4e2bb6d745ee,6,4.0,19.0,1430.0,0,0,0,0,0,0,0,0,0,0 days 00:31:21,1
27042,Smartphone Apple iPhone 15 128GB noir,ZOOMICI,1214.84,2025-01-01 16:36:14,47a73ffd-bee9-488f-b95d-4e2bb6d745ee,6,4.0,19.0,1430.0,0,0,0,0,0,0,0,0,0,0 days 00:31:20,1
27136,Smartphone Apple iPhone 15 128GB noir,ZOOMICI,1214.84,2025-01-01 17:07:33,47a73ffd-bee9-488f-b95d-4e2bb6d745ee,6,4.0,19.0,1430.0,0,0,0,0,0,0,0,0,0,0 days 00:31:19,1
27229,Smartphone Apple iPhone 15 128GB noir,ZOOMICI,1214.84,2025-01-01 17:38:53,47a73ffd-bee9-488f-b95d-4e2bb6d745ee,6,4.0,19.0,1430.0,0,0,0,0,0,0,0,0,0,0 days 00:31:20,1
27322,Smartphone Apple iPhone 15 128GB noir,ZOOMICI,1214.84,2025-01-01 18:10:12,47a73ffd-bee9-488f-b95d-4e2bb6d745ee,6,4.0,19.0,1430.0,0,0,0,0,0,0,0,0,0,0 days 00:31:19,1
27415,Smartphone Apple iPhone 15 128GB noir,ZOOMICI,1214.84,2025-01-01 18:41:32,47a73ffd-bee9-488f-b95d-4e2bb6d745ee,6,4.0,19.0,1430.0,0,0,0,0,0,0,0,0,0,0 days 00:31:20,1
27508,Smartphone Apple iPhone 15 128GB noir,ZOOMICI,1214.84,2025-01-01 19:12:53,47a73ffd-bee9-488f-b95d-4e2bb6d745ee,5,4.0,19.0,1430.0,0,0,0,0,0,0,0,0,0,0 days 00:31:21,1
27601,Smartphone Apple iPhone 15 128GB noir,ZOOMICI,1214.84,2025-01-01 19:44:13,47a73ffd-bee9-488f-b95d-4e2bb6d745ee,5,4.0,19.0,1430.0,0,0,0,0,0,0,0,0,0,0 days 00:31:20,1
27694,Smartphone Apple iPhone 15 128GB noir,ZOOMICI,1214.84,2025-01-01 20:15:33,47a73ffd-bee9-488f-b95d-4e2bb6d745ee,5,4.0,19.0,1430.0,0,0,0,0,0,0,0,0,0,0 days 00:31:20,1
27787,Smartphone Apple iPhone 15 128GB noir,ZOOMICI,1214.84,2025-01-01 20:46:53,47a73ffd-bee9-488f-b95d-4e2bb6d745ee,5,4.0,19.0,1430.0,0,0,0,0,0,0,0,0,0,0 days 00:31:20,1
27880,Smartphone Apple iPhone 15 128GB noir,ZOOMICI,1214.84,2025-01-01 21:18:12,47a73ffd-bee9-488f-b95d-4e2bb6d745ee,5,4.0,19.0,1430.0,0,0,0,0,0,0,0,0,0,0 days 00:31:19,1
27973,Smartphone Apple iPhone 15 128GB noir,ZOOMICI,1214.84,2025-01-01 21:49:33,47a73ffd-bee9-488f-b95d-4e2bb6d745ee,5,4.0,19.0,1430.0,0,0,0,0,0,0,0,0,0,0 days 00:31:21,1
28066,Smartphone Apple iPhone 15 128GB noir,ZOOMICI,1214.84,2025-01-01 22:20:52,47a73ffd-bee9-488f-b95d-4e2bb6d745ee,5,4.0,19.0,1430.0,0,0,0,0,0,0,0,0,0,0 days 00:31:19,1
28159,Smartphone Apple iPhone 15 128GB noir,ZOOMICI,1214.84,2025-01-01 22:52:13,47a73ffd-bee9-488f-b95d-4e2bb6d745ee,5,4.0,19.0,1430.0,0,0,0,0,0,0,0,0,0,0 days 00:31:21,1
28252,Smartphone Apple iPhone 15 128GB noir,ZOOMICI,1214.84,2025-01-01 23:23:32,47a73ffd-bee9-488f-b95d-4e2bb6d745ee,3,4.0,19.0,1430.0,0,0,0,0,0,0,0,0,0,0 days 00:31:19,1
28345,Smartphone Apple iPhone 15 128GB noir,ZOOMICI,1214.84,2025-01-01 23:54:50,47a73ffd-bee9-488f-b95d-4e2bb6d745ee,3,4.0,19.0,1430.0,0,0,0,0,0,0,0,0,0,0 days 00:31:18,1
28438,Smartphone Apple iPhone 15 128GB noir,ZOOMICI,1214.84,2025-01-02 00:26:09,47a73ffd-bee9-488f-b95d-4e2bb6d745ee,4,4.0,19.0,1431.0,0,0,0,0,0,0,0,0,0,0 days 00:31:19,1
28531,Smartphone Apple iPhone 15 128GB noir,ZOOMICI,1214.84,2025-01-02 00:57:31,47a73ffd-bee9-488f-b95d-4e2bb6d745ee,4,4.0,19.0,1431.0,0,0,0,0,0,0,0,0,0,0 days 00:31:22,1
28624,Smartphone Apple iPhone 15 128GB noir,ZOOMICI,1214.84,2025-01-02 01:28:49,47a73ffd-bee9-488f-b95d-4e2bb6d745ee,4,4.0,19.0,1431.0,0,0,0,0,0,0,0,0,0,0 days 00:31:18,1
28717,Smartphone Apple iPhone 15 128GB noir,ZOOMICI,1214.84,2025-01-02 02:00:08,47a73ffd-bee9-488f-b95d-4e2bb6d745ee,4,4.0,19.0,1431.0,0,0,0,0,0,0,0,0,0,0 days 00:31:19,1
28810,Smartphone Apple iPhone 15 128GB noir,ZOOMICI,1214.44,2025-01-02 02:31:26,47a73ffd-bee9-488f-b95d-4e2bb6d745ee,4,4.0,19.0,1431.0,0,0,0,0,0,0,0,0,0,0 days 00:31:18,1
28903,Smartphone Apple iPhone 15 128GB noir,ZOOMICI,1214.44,2025-01-02 03:02:46,47a73ffd-bee9-488f-b95d-4e2bb6d745ee,4,4.0,19.0,1431.0,0,0,0,0,0,0,0,0,0,0 days 00:31:20,1
28996,Smartphone Apple iPhone 15 128GB noir,ZOOMICI,1214.44,2025-01-02 03:34:05,47a73ffd-bee9-488f-b95d-4e2bb6d745ee,4,4.0,19.0,1431.0,0,0,0,0,0,0,0,0,0,0 days 00:31:19,1
29090,Smartphone Apple iPhone 15 128GB noir,ZOOMICI,1214.44,2025-01-02 04:05:25,47a73ffd-bee9-488f-b95d-4e2bb6d745ee,4,4.0,19.0,1431.0,0,0,0,0,0,0,0,0,0,0 days 00:31:20,1
29184,Smartphone Apple iPhone 15 128GB noir,ZOOMICI,1214.44,2025-01-02 04:36:44,47a73ffd-bee9-488f-b95d-4e2bb6d745ee,4,4.0,19.0,1431.0,0,0,0,0,0,0,0,0,0,0 days 00:31:19,1
29278,Smartphone Apple iPhone 15 128GB noir,ZOOMICI,1214.44,2025-01-02 05:08:02,47a73ffd-bee9-488f-b95d-4e2bb6d745ee,4,4.0,19.0,1431.0,0,0,0,0,0,0,0,0,0,0 days 00:31:18,1
33508,Smartphone Apple iPhone 15 128GB noir,ZOOMICI,1081.19,2025-01-03 04:38:17,47a73ffd-bee9-488f-b95d-4e2bb6d745ee,3,4.0,19.0,1432.0,0,0,0,0,0,0,0,0,0,0 days 23:30:15,1
33604,Smartphone Apple iPhone 15 128GB noir,ZOOMICI,1081.19,2025-01-03 05:09:35,47a73ffd-bee9-488f-b95d-4e2bb6d745ee,3,4.0,19.0,1432.0,0,0,0,0,0,0,0,0,0,0 days 00:31:18,1
33700,Smartphone Apple iPhone 15 128GB noir,ZOOMICI,1081.19,2025-01-03 05:40:55,47a73ffd-bee9-488f-b95d-4e2bb6d745ee,3,4.0,19.0,1432.0,0,0,0,0,0,0,0,0,0,0 days 00:31:20,1
33796,Smartphone Apple iPhone 15 128GB noir,ZOOMICI,1081.19,2025-01-03 06:12:17,47a73ffd-bee9-488f-b95d-4e2bb6d745ee,3,4.0,19.0,1432.0,0,0,0,0,0,0,0,0,0,0 days 00:31:22,1
33892,Smartphone Apple iPhone 15 128GB noir,ZOOMICI,1081.19,2025-01-03 06:43:37,47a73ffd-bee9-488f-b95d-4e2bb6d745ee,3,4.0,19.0,1432.0,0,0,0,0,0,0,0,0,0,0 days 00:31:20,1
33988,Smartphone Apple iPhone 15 128GB noir,ZOOMICI,1081.19,2025-01-03 07:14:55,47a73ffd-bee9-488f-b95d-4e2bb6d745ee,3,4.0,19.0,1432.0,0,0,0,0,0,0,0,0,0,0 days 00:31:18,1
54608,Smartphone Apple iPhone 15 128GB noir,ZOOMICI,1190.96,2025-01-08 00:37:13,47a73ffd-bee9-488f-b95d-4e2bb6d745ee,2,4.0,19.0,1437.0,0,0,0,0,0,0,0,0,0,4 days 17:22:18,2
54705,Smartphone Apple iPhone 15 128GB noir,ZOOMICI,1190.96,2025-01-08 01:08:31,47a73ffd-bee9-488f-b95d-4e2bb6d745ee,2,4.0,19.0,1437.0,0,0,0,0,0,0,0,0,0,0 days 00:31:18,2
54802,Smartphone Apple iPhone 15 128GB noir,ZOOMICI,1190.96,2025-01-08 01:39:50,47a73ffd-bee9-488f-b95d-4e2bb6d745ee,2,4.0,19.0,1437.0,0,0,0,0,0,0,0,0,0,0 days 00:31:19,2
54899,Smartphone Apple iPhone 15 128GB noir,ZOOMICI,1190.96,2025-01-08 02:11:11,47a73ffd-bee9-488f-b95d-4e2bb6d745ee,2,4.0,19.0,1437.0,0,0,0,0,0,0,0,0,0,0 days 00:31:21,2
54995,Smartphone Apple iPhone 15 128GB noir,ZOOMICI,1190.96,2025-01-08 02:42:29,47a73ffd-bee9-488f-b95d-4e2bb6d745ee,2,4.0,19.0,1437.0,0,0,0,0,0,0,0,0,0,0 days 00:31:18,2
55090,Smartphone Apple iPhone 15 128GB noir,ZOOMICI,1190.96,2025-01-08 03:13:49,47a73ffd-bee9-488f-b95d-4e2bb6d745ee,2,4.0,19.0,1437.0,0,0,0,0,0,0,0,0,0,0 days 00:31:20,2
55185,Smartphone Apple iPhone 15 128GB noir,ZOOMICI,1190.96,2025-01-08 03:45:10,47a73ffd-bee9-488f-b95d-4e2bb6d745ee,2,4.0,19.0,1437.0,0,0,0,0,0,0,0,0,0,0 days 00:31:21,2
55280,Smartphone Apple iPhone 15 128GB noir,ZOOMICI,1190.96,2025-01-08 04:16:32,47a73ffd-bee9-488f-b95d-4e2bb6d745ee,2,4.0,19.0,1437.0,0,0,0,0,0,0,0,0,0,0 days 00:31:22,2
55375,Smartphone Apple iPhone 15 128GB noir,ZOOMICI,1190.96,2025-01-08 04:47:53,47a73ffd-bee9-488f-b95d-4e2bb6d745ee,2,4.0,19.0,1437.0,0,0,0,0,0,0,0,0,0,0 days 00:31:21,2
55470,Smartphone Apple iPhone 15 128GB noir,ZOOMICI,1190.96,2025-01-08 05:19:15,47a73ffd-bee9-488f-b95d-4e2bb6d745ee,2,4.0,19.0,1437.0,0,0,0,0,0,0,0,0,0,0 days 00:31:22,2
55565,Smartphone Apple iPhone 15 128GB noir,ZOOMICI,1190.96,2025-01-08 05:50:37,47a73ffd-bee9-488f-b95d-4e2bb6d745ee,2,4.0,19.0,1437.0,0,0,0,0,0,0,0,0,0,0 days 00:31:22,2
55660,Smartphone Apple iPhone 15 128GB noir,ZOOMICI,1190.96,2025-01-08 06:21:56,47a73ffd-bee9-488f-b95d-4e2bb6d745ee,2,4.0,19.0,1437.0,0,0,0,0,0,0,0,0,0,0 days 00:31:19,2
55755,Smartphone Apple iPhone 15 128GB noir,ZOOMICI,1190.96,2025-01-08 06:53:15,47a73ffd-bee9-488f-b95d-4e2bb6d745ee,2,4.0,19.0,1437.0,0,0,0,0,0,0,0,0,0,0 days 00:31:19,2
56391,Smartphone Apple iPhone 15 128GB noir,ZOOMICI,1114.79,2025-01-08 10:32:52,47a73ffd-bee9-488f-b95d-4e2bb6d745ee,2,4.0,19.0,1437.0,0,0,0,0,0,0,0,0,0,0 days 03:39:37,2
56487,Smartphone Apple iPhone 15 128GB noir,ZOOMICI,1114.79,2025-01-08 11:04:16,47a73ffd-bee9-488f-b95d-4e2bb6d745ee,2,4.0,19.0,1437.0,0,0,0,0,0,0,0,0,0,0 days 00:31:24,2
56584,Smartphone Apple iPhone 15 128GB noir,ZOOMICI,1114.79,2025-01-08 11:35:38,47a73ffd-bee9-488f-b95d-4e2bb6d745ee,2,4.0,19.0,1437.0,0,0,0,0,0,0,0,0,0,0 days 00:31:22,2
56680,Smartphone Apple iPhone 15 128GB noir,ZOOMICI,1114.79,2025-01-08 12:07:00,47a73ffd-bee9-488f-b95d-4e2bb6d745ee,2,4.0,19.0,1437.0,0,0,0,0,0,0,0,0,0,0 days 00:31:22,2
56776,Smartphone Apple iPhone 15 128GB noir,ZOOMICI,1114.79,2025-01-08 12:38:21,47a73ffd-bee9-488f-b95d-4e2bb6d745ee,2,4.0,19.0,1437.0,0,0,0,0,0,0,0,0,0,0 days 00:31:21,2
56873,Smartphone Apple iPhone 15 128GB noir,ZOOMICI,1114.79,2025-01-08 13:09:48,47a73ffd-bee9-488f-b95d-4e2bb6d745ee,2,4.0,19.0,1437.0,0,0,0,0,0,0,0,0,0,0 days 00:31:27,2
56969,Smartphone Apple iPhone 15 128GB noir,ZOOMICI,1114.79,2025-01-08 13:41:15,47a73ffd-bee9-488f-b95d-4e2bb6d745ee,2,4.0,19.0,1437.0,0,0,0,0,0,0,0,0,0,0 days 00:31:27,2
57065,Smartphone Apple iPhone 15 128GB noir,ZOOMICI,1114.79,2025-01-08 14:12:36,47a73ffd-bee9-488f-b95d-4e2bb6d745ee,3,4.0,19.0,1437.0,0,0,0,0,0,0,0,0,0,0 days 00:31:21,2
74481,Smartphone Apple iPhone 15 128GB noir,ZOOMICI,1273.03,2025-01-12 16:31:20,47a73ffd-bee9-488f-b95d-4e2bb6d745ee,3,4.0,19.0,1441.0,0,0,0,0,0,0,0,0,0,4 days 02:18:44,3
74572,Smartphone Apple iPhone 15 128GB noir,ZOOMICI,1273.03,2025-01-12 17:02:42,47a73ffd-bee9-488f-b95d-4e2bb6d745ee,3,4.0,19.0,1441.0,0,0,0,0,0,0,0,0,0,0 days 00:31:22,3
74663,Smartphone Apple iPhone 15 128GB noir,ZOOMICI,1273.03,2025-01-12 17:34:03,47a73ffd-bee9-488f-b95d-4e2bb6d745ee,3,4.0,19.0,1441.0,0,0,0,0,0,0,0,0,0,0 days 00:31:21,3
74754,Smartphone Apple iPhone 15 128GB noir,ZOOMICI,1273.03,2025-01-12 18:05:23,47a73ffd-bee9-488f-b95d-4e2bb6d745ee,3,4.0,19.0,1441.0,0,0,0,0,0,0,0,0,0,0 days 00:31:20,3
74845,Smartphone Apple iPhone 15 128GB noir,ZOOMICI,1273.03,2025-01-12 18:36:44,47a73ffd-bee9-488f-b95d-4e2bb6d745ee,3,4.0,19.0,1441.0,0,0,0,0,0,0,0,0,0,0 days 00:31:21,3
74936,Smartphone Apple iPhone 15 128GB noir,ZOOMICI,1273.03,2025-01-12 19:08:09,47a73ffd-bee9-488f-b95d-4e2bb6d745ee,3,4.0,19.0,1441.0,0,0,0,0,0,0,0,0,0,0 days 00:31:25,3
93136,Smartphone Apple iPhone 15 128GB noir,ZOOMICI,1273.03,2025-01-17 03:02:40,47a73ffd-bee9-488f-b95d-4e2bb6d745ee,3,4.0,19.0,1446.0,0,0,0,0,0,0,0,0,0,4 days 07:54:31,4
93230,Smartphone Apple iPhone 15 128GB noir,ZOOMICI,1273.03,2025-01-17 03:33:56,47a73ffd-bee9-488f-b95d-4e2bb6d745ee,3,4.0,19.0,1446.0,0,0,0,0,0,0,0,0,0,0 days 00:31:16,4
93324,Smartphone Apple iPhone 15 128GB noir,ZOOMICI,1273.03,2025-01-17 04:05:16,47a73ffd-bee9-488f-b95d-4e2bb6d745ee,3,4.0,19.0,1446.0,0,0,0,0,0,0,0,0,0,0 days 00:31:20,4
93418,Smartphone Apple iPhone 15 128GB noir,ZOOMICI,1273.03,2025-01-17 04:36:35,47a73ffd-bee9-488f-b95d-4e2bb6d745ee,3,4.0,19.0,1446.0,0,0,0,0,0,0,0,0,0,0 days 00:31:19,4
93512,Smartphone Apple iPhone 15 128GB noir,ZOOMICI,1273.03,2025-01-17 05:07:52,47a73ffd-bee9-488f-b95d-4e2bb6d745ee,3,4.0,19.0,1446.0,0,0,0,0,0,0,0,0,0,0 days 00:31:17,4
93606,Smartphone Apple iPhone 15 128GB noir,ZOOMICI,1273.03,2025-01-17 05:39:10,47a73ffd-bee9-488f-b95d-4e2bb6d745ee,3,4.0,19.0,1446.0,0,0,0,0,0,0,0,0,0,0 days 00:31:18,4
93700,Smartphone Apple iPhone 15 128GB noir,ZOOMICI,1273.03,2025-01-17 06:10:28,47a73ffd-bee9-488f-b95d-4e2bb6d745ee,3,4.0,19.0,1446.0,0,0,0,0,0,0,0,0,0,0 days 00:31:18,4
93794,Smartphone Apple iPhone 15 128GB noir,ZOOMICI,1273.03,2025-01-17 06:41:46,47a73ffd-bee9-488f-b95d-4e2bb6d745ee,3,4.0,19.0,1446.0,0,0,0,0,0,0,0,0,0,0 days 00:31:18,4
112110,Smartphone Apple iPhone 15 128GB noir,ZOOMICI,1273.03,2025-01-21 13:34:49,47a73ffd-bee9-488f-b95d-4e2bb6d745ee,2,4.0,19.0,1450.0,0,0,0,0,0,0,0,0,0,4 days 06:53:03,5
112203,Smartphone Apple iPhone 15 128GB noir,ZOOMICI,1273.03,2025-01-21 14:06:12,47a73ffd-bee9-488f-b95d-4e2bb6d745ee,3,4.0,19.0,1450.0,0,0,0,0,0,0,0,0,0,0 days 00:31:23,5
112296,Smartphone Apple iPhone 15 128GB noir,ZOOMICI,1273.03,2025-01-21 14:37:33,47a73ffd-bee9-488f-b95d-4e2bb6d745ee,3,4.0,19.0,1450.0,0,0,0,0,0,0,0,0,0,0 days 00:31:21,5
112389,Smartphone Apple iPhone 15 128GB noir,ZOOMICI,1273.03,2025-01-21 15:08:54,47a73ffd-bee9-488f-b95d-4e2bb6d745ee,3,4.0,19.0,1450.0,0,0,0,0,0,0,0,0,0,0 days 00:31:21,5
112483,Smartphone Apple iPhone 15 128GB noir,ZOOMICI,1273.03,2025-01-21 15:40:19,47a73ffd-bee9-488f-b95d-4e2bb6d745ee,3,4.0,19.0,1450.0,0,0,0,0,0,0,0,0,0,0 days 00:31:25,5
112577,Smartphone Apple iPhone 15 128GB noir,ZOOMICI,1273.03,2025-01-21 16:11:45,47a73ffd-bee9-488f-b95d-4e2bb6d745ee,3,4.0,19.0,1450.0,0,0,0,0,0,0,0,0,0,0 days 00:31:26,5
112672,Smartphone Apple iPhone 15 128GB noir,ZOOMICI,1273.03,2025-01-21 16:43:07,47a73ffd-bee9-488f-b95d-4e2bb6d745ee,3,4.0,19.0,1450.0,0,0,0,0,0,0,0,0,0,0 days 00:31:22,5
112767,Smartphone Apple iPhone 15 128GB noir,ZOOMICI,1273.03,2025-01-21 17:14:29,47a73ffd-bee9-488f-b95d-4e2bb6d745ee,3,4.0,19.0,1450.0,0,0,0,0,0,0,0,0,0,0 days 00:31:22,5
112862,Smartphone Apple iPhone 15 128GB noir,ZOOMICI,1273.03,2025-01-21 17:45:53,47a73ffd-bee9-488f-b95d-4e2bb6d745ee,3,4.0,19.0,1450.0,0,0,0,0,0,0,0,0,0,0 days 00:31:24,5
112957,Smartphone Apple iPhone 15 128GB noir,ZOOMICI,1273.03,2025-01-21 18:17:15,47a73ffd-bee9-488f-b95d-4e2bb6d745ee,3,4.0,19.0,1450.0,0,0,0,0,0,0,0,0,0,0 days 00:31:22,5
113052,Smartphone Apple iPhone 15 128GB noir,ZOOMICI,1273.03,2025-01-21 18:48:36,47a73ffd-bee9-488f-b95d-4e2bb6d745ee,3,4.0,19.0,1450.0,0,0,0,0,0,0,0,0,0,0 days 00:31:21,5
113147,Smartphone Apple iPhone 15 128GB noir,ZOOMICI,1273.03,2025-01-21 19:19:58,47a73ffd-bee9-488f-b95d-4e2bb6d745ee,3,4.0,19.0,1450.0,0,0,0,0,0,0,0,0,0,0 days 00:31:22,5
170207,Smartphone Apple iPhone 15 128GB noir,ZOOMICI,1273.03,2025-02-03 19:21:26,47a73ffd-bee9-488f-b95d-4e2bb6d745ee,3,4.0,19.0,1463.0,0,0,0,0,0,0,0,0,0,4 days 02:17:38,7
170302,Smartphone Apple iPhone 15 128GB noir,ZOOMICI,1273.03,2025-02-03 19:52:45,47a73ffd-bee9-488f-b95d-4e2bb6d745ee,3,4.0,19.0,1463.0,0,0,0,0,0,0,0,0,0,0 days 00:31:19,7
170397,Smartphone Apple iPhone 15 128GB noir,ZOOMICI,1273.03,2025-02-03 20:24:04,47a73ffd-bee9-488f-b95d-4e2bb6d745ee,3,4.0,19.0,1463.0,0,0,0,0,0,0,0,0,0,0 days 00:31:19,7
170492,Smartphone Apple iPhone 15 128GB noir,ZOOMICI,1273.03,2025-02-03 20:55:25,47a73ffd-bee9-488f-b95d-4e2bb6d745ee,3,4.0,19.0,1463.0,0,0,0,0,0,0,0,0,0,0 days 00:31:21,7
170587,Smartphone Apple iPhone 15 128GB noir,ZOOMICI,1273.03,2025-02-03 21:26:45,47a73ffd-bee9-488f-b95d-4e2bb6d745ee,3,4.0,19.0,1463.0,0,0,0,0,0,0,0,0,0,0 days 00:31:20,7
170682,Smartphone Apple iPhone 15 128GB noir,ZOOMICI,1273.03,2025-02-03 21:58:05,47a73ffd-bee9-488f-b95d-4e2bb6d745ee,3,4.0,19.0,1463.0,0,0,0,0,0,0,0,0,0,0 days 00:31:20,7
170777,Smartphone Apple iPhone 15 128GB noir,ZOOMICI,1273.03,2025-02-03 22:29:25,47a73ffd-bee9-488f-b95d-4e2bb6d745ee,3,4.0,19.0,1463.0,0,0,0,0,0,0,0,0,0,0 days 00:31:20,7
170872,Smartphone Apple iPhone 15 128GB noir,ZOOMICI,1273.03,2025-02-03 23:00:49,47a73ffd-bee9-488f-b95d-4e2bb6d745ee,2,4.0,19.0,1463.0,0,0,0,0,0,0,0,0,0,0 days 00:31:24,7
170967,Smartphone Apple iPhone 15 128GB noir,ZOOMICI,1273.03,2025-02-03 23:32:09,47a73ffd-bee9-488f-b95d-4e2bb6d745ee,2,4.0,19.0,1463.0,0,0,0,0,0,0,0,0,0,0 days 00:31:20,7
171062,Smartphone Apple iPhone 15 128GB noir,ZOOMICI,1273.03,2025-02-04 00:03:31,47a73ffd-bee9-488f-b95d-4e2bb6d745ee,2,4.0,19.0,1464.0,0,0,0,0,0,0,0,0,0,0 days 00:31:22,7
171157,Smartphone Apple iPhone 15 128GB noir,ZOOMICI,1273.03,2025-02-04 00:34:51,47a73ffd-bee9-488f-b95d-4e2bb6d745ee,2,4.0,19.0,1464.0,0,0,0,0,0,0,0,0,0,0 days 00:31:20,7
171252,Smartphone Apple iPhone 15 128GB noir,ZOOMICI,1273.03,2025-02-04 01:06:14,47a73ffd-bee9-488f-b95d-4e2bb6d745ee,2,4.0,19.0,1464.0,0,0,0,0,0,0,0,0,0,0 days 00:31:23,7
171347,Smartphone Apple iPhone 15 128GB noir,ZOOMICI,1273.03,2025-02-04 01:37:33,47a73ffd-bee9-488f-b95d-4e2bb6d745ee,2,4.0,19.0,1464.0,0,0,0,0,0,0,0,0,0,0 days 00:31:19,7
189648,Smartphone Apple iPhone 15 128GB noir,ZOOMICI,1151.15,2025-02-08 06:26:21,47a73ffd-bee9-488f-b95d-4e2bb6d745ee,3,4.0,19.0,1468.0,0,0,0,0,0,0,0,0,0,4 days 04:48:48,8
189745,Smartphone Apple iPhone 15 128GB noir,ZOOMICI,1151.15,2025-02-08 06:57:39,47a73ffd-bee9-488f-b95d-4e2bb6d745ee,3,4.0,19.0,1468.0,0,0,0,0,0,0,0,0,0,0 days 00:31:18,8
189842,Smartphone Apple iPhone 15 128GB noir,ZOOMICI,1151.15,2025-02-08 07:28:58,47a73ffd-bee9-488f-b95d-4e2bb6d745ee,3,4.0,19.0,1468.0,0,0,0,0,0,0,0,0,0,0 days 00:31:19,8
189939,Smartphone Apple iPhone 15 128GB noir,ZOOMICI,1151.15,2025-02-08 08:00:18,47a73ffd-bee9-488f-b95d-4e2bb6d745ee,3,4.0,19.0,1468.0,0,0,0,0,0,0,0,0,0,0 days 00:31:20,8
190030,Smartphone Apple iPhone 15 128GB noir,ZOOMICI,1151.15,2025-02-08 08:31:37,47a73ffd-bee9-488f-b95d-4e2bb6d745ee,3,4.0,19.0,1468.0,0,0,0,0,0,0,0,0,0,0 days 00:31:19,8
190122,Smartphone Apple iPhone 15 128GB noir,ZOOMICI,1151.15,2025-02-08 09:02:57,47a73ffd-bee9-488f-b95d-4e2bb6d745ee,3,4.0,19.0,1468.0,0,0,0,0,0,0,0,0,0,0 days 00:31:20,8
190214,Smartphone Apple iPhone 15 128GB noir,ZOOMICI,1151.15,2025-02-08 09:34:16,47a73ffd-bee9-488f-b95d-4e2bb6d745ee,3,4.0,19.0,1468.0,0,0,0,0,0,0,0,0,0,0 days 00:31:19,8
190307,Smartphone Apple iPhone 15 128GB noir,ZOOMICI,1151.15,2025-02-08 10:05:37,47a73ffd-bee9-488f-b95d-4e2bb6d745ee,3,4.0,19.0,1468.0,0,0,0,0,0,0,0,0,0,0 days 00:31:21,8
190400,Smartphone Apple iPhone 15 128GB noir,ZOOMICI,1151.15,2025-02-08 10:37:00,47a73ffd-bee9-488f-b95d-4e2bb6d745ee,3,4.0,19.0,1468.0,0,0,0,0,0,0,0,0,0,0 days 00:31:23,8
190493,Smartphone Apple iPhone 15 128GB noir,ZOOMICI,1151.15,2025-02-08 11:08:21,47a73ffd-bee9-488f-b95d-4e2bb6d745ee,3,4.0,19.0,1468.0,0,0,0,0,0,0,0,0,0,0 days 00:31:21,8
190586,Smartphone Apple iPhone 15 128GB noir,ZOOMICI,1151.15,2025-02-08 11:39:41,47a73ffd-bee9-488f-b95d-4e2bb6d745ee,3,4.0,19.0,1468.0,0,0,0,0,0,0,0,0,0,0 days 00:31:20,8
190679,Smartphone Apple iPhone 15 128GB noir,ZOOMICI,1151.15,2025-02-08 12:11:05,47a73ffd-bee9-488f-b95d-4e2bb6d745ee,3,4.0,19.0,1468.0,0,0,0,0,0,0,0,0,0,0 days 00:31:24,8
190772,Smartphone Apple iPhone 15 128GB noir,ZOOMICI,1151.15,2025-02-08 12:42:26,47a73ffd-bee9-488f-b95d-4e2bb6d745ee,3,4.0,19.0,1468.0,0,0,0,0,0,0,0,0,0,0 days 00:31:21,8
190865,Smartphone Apple iPhone 15 128GB noir,ZOOMICI,1151.15,2025-02-08 13:13:46,47a73ffd-bee9-488f-b95d-4e2bb6d745ee,3,4.0,19.0,1468.0,0,0,0,0,0,0,0,0,0,0 days 00:31:20,8
97,"Apple iPhone 16 15,5 cm (6.1"") Double SIM iOS 18 5G USB Type-C 512 Go Noir",Maxmovil,1432.28,2024-12-26 11:43:48,5e16f708-0b47-4d88-9e49-ef4d3dd29796,4,4.0,14.0,1280.0,0,0,0,0,0,1,0,0,0,0 days 00:00:00,0
191,"Apple iPhone 16 15,5 cm (6.1"") Double SIM iOS 18 5G USB Type-C 512 Go Noir",Maxmovil,1432.28,2024-12-26 12:15:10,5e16f708-0b47-4d88-9e49-ef4d3dd29796,4,4.0,14.0,1280.0,0,0,0,0,0,1,0,0,0,0 days 00:31:22,0
285,"Apple iPhone 16 15,5 cm (6.1"") Double SIM iOS 18 5G USB Type-C 512 Go Noir",Maxmovil,1432.28,2024-12-26 12:46:32,5e16f708-0b47-4d88-9e49-ef4d3dd29796,4,4.0,14.0,1280.0,0,0,0,0,0,1,0,0,0,0 days 00:31:22,0
379,"Apple iPhone 16 15,5 cm (6.1"") Double SIM iOS 18 5G USB Type-C 512 Go Noir",Maxmovil,1432.28,2024-12-26 13:17:52,5e16f708-0b47-4d88-9e49-ef4d3dd29796,4,4.0,14.0,1280.0,0,0,0,0,0,1,0,0,0,0 days 00:31:20,0
473,"Apple iPhone 16 15,5 cm (6.1"") Double SIM iOS 18 5G USB Type-C 512 Go Noir",Maxmovil,1432.28,2024-12-26 13:49:11,5e16f708-0b47-4d88-9e49-ef4d3dd29796,4,4.0,14.0,1280.0,0,0,0,0,0,1,0,0,0,0 days 00:31:19,0
567,"Apple iPhone 16 15,5 cm (6.1"") Double SIM iOS 18 5G USB Type-C 512 Go Noir",Maxmovil,1432.28,2024-12-26 14:20:31,5e16f708-0b47-4d88-9e49-ef4d3dd29796,5,4.0,14.0,1280.0,0,0,0,0,0,1,0,0,0,0 days 00:31:20,0
661,"Apple iPhone 16 15,5 cm (6.1"") Double SIM iOS 18 5G USB Type-C 512 Go Noir",Maxmovil,1432.28,2024-12-26 14:51:52,5e16f708-0b47-4d88-9e49-ef4d3dd29796,5,4.0,14.0,1280.0,0,0,0,0,0,1,0,0,0,0 days 00:31:21,0
755,"Apple iPhone 16 15,5 cm (6.1"") Double SIM iOS 18 5G USB Type-C 512 Go Noir",Maxmovil,1432.28,2024-12-26 15:23:13,5e16f708-0b47-4d88-9e49-ef4d3dd29796,5,4.0,14.0,1280.0,0,0,0,0,0,1,0,0,0,0 days 00:31:21,0
849,"Apple iPhone 16 15,5 cm (6.1"") Double SIM iOS 18 5G USB Type-C 512 Go Noir",Maxmovil,1432.28,2024-12-26 15:54:31,5e16f708-0b47-4d88-9e49-ef4d3dd29796,5,4.0,14.0,1280.0,0,0,0,0,0,1,0,0,0,0 days 00:31:18,0
943,"Apple iPhone 16 15,5 cm (6.1"") Double SIM iOS 18 5G USB Type-C 512 Go Noir",Maxmovil,1432.28,2024-12-26 16:25:50,5e16f708-0b47-4d88-9e49-ef4d3dd29796,5,4.0,14.0,1280.0,0,0,0,0,0,1,0,0,0,0 days 00:31:19,0
1037,"Apple iPhone 16 15,5 cm (6.1"") Double SIM iOS 18 5G USB Type-C 512 Go Noir",Maxmovil,1432.28,2024-12-26 16:57:09,5e16f708-0b47-4d88-9e49-ef4d3dd29796,5,4.0,14.0,1280.0,0,0,0,0,0,1,0,0,0,0 days 00:31:19,0
1131,"Apple iPhone 16 15,5 cm (6.1"") Double SIM iOS 18 5G USB Type-C 512 Go Noir",Maxmovil,1432.28,2024-12-26 17:28:27,5e16f708-0b47-4d88-9e49-ef4d3dd29796,5,4.0,14.0,1280.0,0,0,0,0,0,1,0,0,0,0 days 00:31:18,0
1225,"Apple iPhone 16 15,5 cm (6.1"") Double SIM iOS 18 5G USB Type-C 512 Go Noir",Maxmovil,1432.28,2024-12-26 17:59:46,5e16f708-0b47-4d88-9e49-ef4d3dd29796,5,4.0,14.0,1280.0,0,0,0,0,0,1,0,0,0,0 days 00:31:19,0
1319,"Apple iPhone 16 15,5 cm (6.1"") Double SIM iOS 18 5G USB Type-C 512 Go Noir",Maxmovil,1432.28,2024-12-26 18:31:06,5e16f708-0b47-4d88-9e49-ef4d3dd29796,5,4.0,14.0,1280.0,0,0,0,0,0,1,0,0,0,0 days 00:31:20,0
1413,"Apple iPhone 16 15,5 cm (6.1"") Double SIM iOS 18 5G USB Type-C 512 Go Noir",Maxmovil,1432.28,2024-12-26 19:02:26,5e16f708-0b47-4d88-9e49-ef4d3dd29796,5,4.0,14.0,1280.0,0,0,0,0,0,1,0,0,0,0 days 00:31:20,0
1507,"Apple iPhone 16 15,5 cm (6.1"") Double SIM iOS 18 5G USB Type-C 512 Go Noir",Maxmovil,1432.28,2024-12-26 19:33:44,5e16f708-0b47-4d88-9e49-ef4d3dd29796,5,4.0,14.0,1280.0,0,0,0,0,0,1,0,0,0,0 days 00:31:18,0
1601,"Apple iPhone 16 15,5 cm (6.1"") Double SIM iOS 18 5G USB Type-C 512 Go Noir",Maxmovil,1432.28,2024-12-26 20:05:07,5e16f708-0b47-4d88-9e49-ef4d3dd29796,5,4.0,14.0,1280.0,0,0,0,0,0,1,0,0,0,0 days 00:31:23,0
1695,"Apple iPhone 16 15,5 cm (6.1"") Double SIM iOS 18 5G USB Type-C 512 Go Noir",Maxmovil,1432.28,2024-12-26 20:36:28,5e16f708-0b47-4d88-9e49-ef4d3dd29796,5,4.0,14.0,1280.0,0,0,0,0,0,1,0,0,0,0 days 00:31:21,0
1789,"Apple iPhone 16 15,5 cm (6.1"") Double SIM iOS 18 5G USB Type-C 512 Go Noir",Maxmovil,1432.28,2024-12-26 21:07:46,5e16f708-0b47-4d88-9e49-ef4d3dd29796,5,4.0,14.0,1280.0,0,0,0,0,0,1,0,0,0,0 days 00:31:18,0
1883,"Apple iPhone 16 15,5 cm (6.1"") Double SIM iOS 18 5G USB Type-C 512 Go Noir",Maxmovil,1432.28,2024-12-26 21:39:04,5e16f708-0b47-4d88-9e49-ef4d3dd29796,5,4.0,14.0,1280.0,0,0,0,0,0,1,0,0,0,0 days 00:31:18,0
1977,"Apple iPhone 16 15,5 cm (6.1"") Double SIM iOS 18 5G USB Type-C 512 Go Noir",Maxmovil,1432.28,2024-12-26 22:10:23,5e16f708-0b47-4d88-9e49-ef4d3dd29796,5,4.0,14.0,1280.0,0,0,0,0,0,1,0,0,0,0 days 00:31:19,0
2071,"Apple iPhone 16 15,5 cm (6.1"") Double SIM iOS 18 5G USB Type-C 512 Go Noir",Maxmovil,1432.28,2024-12-26 22:41:42,5e16f708-0b47-4d88-9e49-ef4d3dd29796,5,4.0,14.0,1280.0,0,0,0,0,0,1,0,0,0,0 days 00:31:19,0
2165,"Apple iPhone 16 15,5 cm (6.1"") Double SIM iOS 18 5G USB Type-C 512 Go Noir",Maxmovil,1432.28,2024-12-26 23:13:00,5e16f708-0b47-4d88-9e49-ef4d3dd29796,4,4.0,14.0,1280.0,0,0,0,0,0,1,0,0,0,0 days 00:31:18,0
2259,"Apple iPhone 16 15,5 cm (6.1"") Double SIM iOS 18 5G USB Type-C 512 Go Noir",Maxmovil,1432.28,2024-12-26 23:44:19,5e16f708-0b47-4d88-9e49-ef4d3dd29796,4,4.0,14.0,1280.0,0,0,0,0,0,1,0,0,0,0 days 00:31:19,0
2353,"Apple iPhone 16 15,5 cm (6.1"") Double SIM iOS 18 5G USB Type-C 512 Go Noir",Maxmovil,1432.28,2024-12-27 00:15:40,5e16f708-0b47-4d88-9e49-ef4d3dd29796,4,4.0,14.0,1281.0,0,0,0,0,0,1,0,0,0,0 days 00:31:21,0
2447,"Apple iPhone 16 15,5 cm (6.1"") Double SIM iOS 18 5G USB Type-C 512 Go Noir",Maxmovil,1432.28,2024-12-27 00:46:59,5e16f708-0b47-4d88-9e49-ef4d3dd29796,4,4.0,14.0,1281.0,0,0,0,0,0,1,0,0,0,0 days 00:31:19,0
2541,"Apple iPhone 16 15,5 cm (6.1"") Double SIM iOS 18 5G USB Type-C 512 Go Noir",Maxmovil,1432.28,2024-12-27 01:18:20,5e16f708-0b47-4d88-9e49-ef4d3dd29796,4,4.0,14.0,1281.0,0,0,0,0,0,1,0,0,0,0 days 00:31:21,0
2635,"Apple iPhone 16 15,5 cm (6.1"") Double SIM iOS 18 5G USB Type-C 512 Go Noir",Maxmovil,1432.28,2024-12-27 01:49:42,5e16f708-0b47-4d88-9e49-ef4d3dd29796,4,4.0,14.0,1281.0,0,0,0,0,0,1,0,0,0,0 days 00:31:22,0
2729,"Apple iPhone 16 15,5 cm (6.1"") Double SIM iOS 18 5G USB Type-C 512 Go Noir",Maxmovil,1432.28,2024-12-27 02:21:02,5e16f708-0b47-4d88-9e49-ef4d3dd29796,4,4.0,14.0,1281.0,0,0,0,0,0,1,0,0,0,0 days 00:31:20,0
2823,"Apple iPhone 16 15,5 cm (6.1"") Double SIM iOS 18 5G USB Type-C 512 Go Noir",Maxmovil,1432.28,2024-12-27 02:52:21,5e16f708-0b47-4d88-9e49-ef4d3dd29796,4,4.0,14.0,1281.0,0,0,0,0,0,1,0,0,0,0 days 00:31:19,0
2917,"Apple iPhone 16 15,5 cm (6.1"") Double SIM iOS 18 5G USB Type-C 512 Go Noir",Maxmovil,1432.28,2024-12-27 03:23:38,5e16f708-0b47-4d88-9e49-ef4d3dd29796,4,4.0,14.0,1281.0,0,0,0,0,0,1,0,0,0,0 days 00:31:17,0
3011,"Apple iPhone 16 15,5 cm (6.1"") Double SIM iOS 18 5G USB Type-C 512 Go Noir",Maxmovil,1432.28,2024-12-27 03:54:59,5e16f708-0b47-4d88-9e49-ef4d3dd29796,4,4.0,14.0,1281.0,0,0,0,0,0,1,0,0,0,0 days 00:31:21,0
3105,"Apple iPhone 16 15,5 cm (6.1"") Double SIM iOS 18 5G USB Type-C 512 Go Noir",Maxmovil,1432.28,2024-12-27 04:26:17,5e16f708-0b47-4d88-9e49-ef4d3dd29796,4,4.0,14.0,1281.0,0,0,0,0,0,1,0,0,0,0 days 00:31:18,0
3199,"Apple iPhone 16 15,5 cm (6.1"") Double SIM iOS 18 5G USB Type-C 512 Go Noir",Maxmovil,1432.28,2024-12-27 04:57:35,5e16f708-0b47-4d88-9e49-ef4d3dd29796,4,4.0,14.0,1281.0,0,0,0,0,0,1,0,0,0,0 days 00:31:18,0
3293,"Apple iPhone 16 15,5 cm (6.1"") Double SIM iOS 18 5G USB Type-C 512 Go Noir",Maxmovil,1432.28,2024-12-27 05:28:55,5e16f708-0b47-4d88-9e49-ef4d3dd29796,4,4.0,14.0,1281.0,0,0,0,0,0,1,0,0,0,0 days 00:31:20,0
3388,"Apple iPhone 16 15,5 cm (6.1"") Double SIM iOS 18 5G USB Type-C 512 Go Noir",Maxmovil,1432.28,2024-12-27 06:00:18,5e16f708-0b47-4d88-9e49-ef4d3dd29796,4,4.0,14.0,1281.0,0,0,0,0,0,1,0,0,0,0 days 00:31:23,0
3483,"Apple iPhone 16 15,5 cm (6.1"") Double SIM iOS 18 5G USB Type-C 512 Go Noir",Maxmovil,1432.28,2024-12-27 06:31:37,5e16f708-0b47-4d88-9e49-ef4d3dd29796,4,4.0,14.0,1281.0,0,0,0,0,0,1,0,0,0,0 days 00:31:19,0
3578,"Apple iPhone 16 15,5 cm (6.1"") Double SIM iOS 18 5G USB Type-C 512 Go Noir",Maxmovil,1432.28,2024-12-27 07:02:56,5e16f708-0b47-4d88-9e49-ef4d3dd29796,4,4.0,14.0,1281.0,0,0,0,0,0,1,0,0,0,0 days 00:31:19,0
3673,"Apple iPhone 16 15,5 cm (6.1"") Double SIM iOS 18 5G USB Type-C 512 Go Noir",Maxmovil,1432.28,2024-12-27 07:34:24,5e16f708-0b47-4d88-9e49-ef4d3dd29796,4,4.0,14.0,1281.0,0,0,0,0,0,1,0,0,0,0 days 00:31:28,0
3768,"Apple iPhone 16 15,5 cm (6.1"") Double SIM iOS 18 5G USB Type-C 512 Go Noir",Maxmovil,1432.28,2024-12-27 08:05:44,5e16f708-0b47-4d88-9e49-ef4d3dd29796,4,4.0,14.0,1281.0,0,0,0,0,0,1,0,0,0,0 days 00:31:20,0
3863,"Apple iPhone 16 15,5 cm (6.1"") Double SIM iOS 18 5G USB Type-C 512 Go Noir",Maxmovil,1432.28,2024-12-27 08:37:05,5e16f708-0b47-4d88-9e49-ef4d3dd29796,4,4.0,14.0,1281.0,0,0,0,0,0,1,0,0,0,0 days 00:31:21,0
3958,"Apple iPhone 16 15,5 cm (6.1"") Double SIM iOS 18 5G USB Type-C 512 Go Noir",Maxmovil,1432.28,2024-12-27 09:08:27,5e16f708-0b47-4d88-9e49-ef4d3dd29796,4,4.0,14.0,1281.0,0,0,0,0,0,1,0,0,0,0 days 00:31:22,0
4053,"Apple iPhone 16 15,5 cm (6.1"") Double SIM iOS 18 5G USB Type-C 512 Go Noir",Maxmovil,1432.28,2024-12-27 09:39:48,5e16f708-0b47-4d88-9e49-ef4d3dd29796,4,4.0,14.0,1281.0,0,0,0,0,0,1,0,0,0,0 days 00:31:21,0
4148,"Apple iPhone 16 15,5 cm (6.1"") Double SIM iOS 18 5G USB Type-C 512 Go Noir",Maxmovil,1432.28,2024-12-27 10:11:10,5e16f708-0b47-4d88-9e49-ef4d3dd29796,8,4.0,14.0,1281.0,0,0,0,0,0,1,0,0,0,0 days 00:31:22,0
4243,"Apple iPhone 16 15,5 cm (6.1"") Double SIM iOS 18 5G USB Type-C 512 Go Noir",Maxmovil,1432.28,2024-12-27 10:42:30,5e16f708-0b47-4d88-9e49-ef4d3dd29796,8,4.0,14.0,1281.0,0,0,0,0,0,1,0,0,0,0 days 00:31:20,0
4338,"Apple iPhone 16 15,5 cm (6.1"") Double SIM iOS 18 5G USB Type-C 512 Go Noir",Maxmovil,1432.28,2024-12-27 11:13:50,5e16f708-0b47-4d88-9e49-ef4d3dd29796,8,4.0,14.0,1281.0,0,0,0,0,0,1,0,0,0,0 days 00:31:20,0
4432,"Apple iPhone 16 15,5 cm (6.1"") Double SIM iOS 18 5G USB Type-C 512 Go Noir",Maxmovil,1432.28,2024-12-27 11:45:11,5e16f708-0b47-4d88-9e49-ef4d3dd29796,8,4.0,14.0,1281.0,0,0,0,0,0,1,0,0,0,0 days 00:31:21,0
4527,"Apple iPhone 16 15,5 cm (6.1"") Double SIM iOS 18 5G USB Type-C 512 Go Noir",Maxmovil,1432.28,2024-12-27 12:16:33,5e16f708-0b47-4d88-9e49-ef4d3dd29796,8,4.0,14.0,1281.0,0,0,0,0,0,1,0,0,0,0 days 00:31:22,0
4622,"Apple iPhone 16 15,5 cm (6.1"") Double SIM iOS 18 5G USB Type-C 512 Go Noir",Maxmovil,1432.28,2024-12-27 12:47:54,5e16f708-0b47-4d88-9e49-ef4d3dd29796,8,4.0,14.0,1281.0,0,0,0,0,0,1,0,0,0,0 days 00:31:21,0
4717,"Apple iPhone 16 15,5 cm (6.1"") Double SIM iOS 18 5G USB Type-C 512 Go Noir",Maxmovil,1432.28,2024-12-27 13:19:15,5e16f708-0b47-4d88-9e49-ef4d3dd29796,8,4.0,14.0,1281.0,0,0,0,0,0,1,0,0,0,0 days 00:31:21,0
4812,"Apple iPhone 16 15,5 cm (6.1"") Double SIM iOS 18 5G USB Type-C 512 Go Noir",Maxmovil,1432.28,2024-12-27 13:50:39,5e16f708-0b47-4d88-9e49-ef4d3dd29796,8,4.0,14.0,1281.0,0,0,0,0,0,1,0,0,0,0 days 00:31:24,0
4908,"Apple iPhone 16 15,5 cm (6.1"") Double SIM iOS 18 5G USB Type-C 512 Go Noir",Maxmovil,1432.28,2024-12-27 14:22:01,5e16f708-0b47-4d88-9e49-ef4d3dd29796,10,4.0,14.0,1281.0,0,0,0,0,0,1,0,0,0,0 days 00:31:22,0
5003,"Apple iPhone 16 15,5 cm (6.1"") Double SIM iOS 18 5G USB Type-C 512 Go Noir",Maxmovil,1432.28,2024-12-27 14:53:22,5e16f708-0b47-4d88-9e49-ef4d3dd29796,10,4.0,14.0,1281.0,0,0,0,0,0,1,0,0,0,0 days 00:31:21,0
5098,"Apple iPhone 16 15,5 cm (6.1"") Double SIM iOS 18 5G USB Type-C 512 Go Noir",Maxmovil,1432.28,2024-12-27 15:24:44,5e16f708-0b47-4d88-9e49-ef4d3dd29796,10,4.0,14.0,1281.0,0,0,0,0,0,1,0,0,0,0 days 00:31:22,0
5193,"Apple iPhone 16 15,5 cm (6.1"") Double SIM iOS 18 5G USB Type-C 512 Go Noir",Maxmovil,1432.28,2024-12-27 15:56:06,5e16f708-0b47-4d88-9e49-ef4d3dd29796,10,4.0,14.0,1281.0,0,0,0,0,0,1,0,0,0,0 days 00:31:22,0
5288,"Apple iPhone 16 15,5 cm (6.1"") Double SIM iOS 18 5G USB Type-C 512 Go Noir",Maxmovil,1432.28,2024-12-27 16:27:23,5e16f708-0b47-4d88-9e49-ef4d3dd29796,10,4.0,14.0,1281.0,0,0,0,0,0,1,0,0,0,0 days 00:31:17,0
5383,"Apple iPhone 16 15,5 cm (6.1"") Double SIM iOS 18 5G USB Type-C 512 Go Noir",Maxmovil,1432.28,2024-12-27 16:58:42,5e16f708-0b47-4d88-9e49-ef4d3dd29796,10,4.0,14.0,1281.0,0,0,0,0,0,1,0,0,0,0 days 00:31:19,0
5478,"Apple iPhone 16 15,5 cm (6.1"") Double SIM iOS 18 5G USB Type-C 512 Go Noir",Maxmovil,1432.28,2024-12-27 17:30:03,5e16f708-0b47-4d88-9e49-ef4d3dd29796,10,4.0,14.0,1281.0,0,0,0,0,0,1,0,0,0,0 days 00:31:21,0
5573,"Apple iPhone 16 15,5 cm (6.1"") Double SIM iOS 18 5G USB Type-C 512 Go Noir",Maxmovil,1432.28,2024-12-27 18:01:24,5e16f708-0b47-4d88-9e49-ef4d3dd29796,10,4.0,14.0,1281.0,0,0,0,0,0,1,0,0,0,0 days 00:31:21,0
5668,"Apple iPhone 16 15,5 cm (6.1"") Double SIM iOS 18 5G USB Type-C 512 Go Noir",Maxmovil,1432.28,2024-12-27 18:32:44,5e16f708-0b47-4d88-9e49-ef4d3dd29796,10,4.0,14.0,1281.0,0,0,0,0,0,1,0,0,0,0 days 00:31:20,0
5763,"Apple iPhone 16 15,5 cm (6.1"") Double SIM iOS 18 5G USB Type-C 512 Go Noir",Maxmovil,1432.28,2024-12-27 19:04:03,5e16f708-0b47-4d88-9e49-ef4d3dd29796,10,4.0,14.0,1281.0,0,0,0,0,0,1,0,0,0,0 days 00:31:19,0
82732,Smartphone Apple iPhone 15 256GB noir,Alloccaz,782.0,2025-01-14 16:03:52,5e4d2bcb-b698-4a5c-9580-2127d4cd0fda,3,4.0,30.0,616.0,0,0,0,1,0,0,0,0,0,1 days 00:32:15,2
82824,Smartphone Apple iPhone 15 256GB noir,Alloccaz,782.0,2025-01-14 16:35:10,5e4d2bcb-b698-4a5c-9580-2127d4cd0fda,3,4.0,30.0,616.0,0,0,0,1,0,0,0,0,0,0 days 00:31:18,2
82916,Smartphone Apple iPhone 15 256GB noir,Alloccaz,782.0,2025-01-14 17:06:29,5e4d2bcb-b698-4a5c-9580-2127d4cd0fda,3,4.0,30.0,616.0,0,0,0,1,0,0,0,0,0,0 days 00:31:19,2
83008,Smartphone Apple iPhone 15 256GB noir,Alloccaz,782.0,2025-01-14 17:37:50,5e4d2bcb-b698-4a5c-9580-2127d4cd0fda,3,4.0,30.0,616.0,0,0,0,1,0,0,0,0,0,0 days 00:31:21,2
83100,Smartphone Apple iPhone 15 256GB noir,Alloccaz,782.0,2025-01-14 18:09:09,5e4d2bcb-b698-4a5c-9580-2127d4cd0fda,3,4.0,30.0,616.0,0,0,0,1,0,0,0,0,0,0 days 00:31:19,2
83192,Smartphone Apple iPhone 15 256GB noir,Alloccaz,782.0,2025-01-14 18:40:30,5e4d2bcb-b698-4a5c-9580-2127d4cd0fda,3,4.0,30.0,616.0,0,0,0,1,0,0,0,0,0,0 days 00:31:21,2
83284,Smartphone Apple iPhone 15 256GB noir,Alloccaz,782.0,2025-01-14 19:11:50,5e4d2bcb-b698-4a5c-9580-2127d4cd0fda,3,4.0,30.0,616.0,0,0,0,1,0,0,0,0,0,0 days 00:31:20,2
83376,Smartphone Apple iPhone 15 256GB noir,Alloccaz,782.0,2025-01-14 19:43:08,5e4d2bcb-b698-4a5c-9580-2127d4cd0fda,3,4.0,30.0,616.0,0,0,0,1,0,0,0,0,0,0 days 00:31:18,2
83468,Smartphone Apple iPhone 15 256GB noir,Alloccaz,782.0,2025-01-14 20:14:31,5e4d2bcb-b698-4a5c-9580-2127d4cd0fda,3,4.0,30.0,616.0,0,0,0,1,0,0,0,0,0,0 days 00:31:23,2
83560,Smartphone Apple iPhone 15 256GB noir,Alloccaz,782.0,2025-01-14 20:45:56,5e4d2bcb-b698-4a5c-9580-2127d4cd0fda,3,4.0,30.0,616.0,0,0,0,1,0,0,0,0,0,0 days 00:31:25,2
83652,Smartphone Apple iPhone 15 256GB noir,Alloccaz,782.0,2025-01-14 21:17:24,5e4d2bcb-b698-4a5c-9580-2127d4cd0fda,3,4.0,30.0,616.0,0,0,0,1,0,0,0,0,0,0 days 00:31:28,2
83744,Smartphone Apple iPhone 15 256GB noir,Alloccaz,782.0,2025-01-14 21:48:50,5e4d2bcb-b698-4a5c-9580-2127d4cd0fda,3,4.0,30.0,616.0,0,0,0,1,0,0,0,0,0,0 days 00:31:26,2
83836,Smartphone Apple iPhone 15 256GB noir,Alloccaz,782.0,2025-01-14 22:20:20,5e4d2bcb-b698-4a5c-9580-2127d4cd0fda,3,4.0,30.0,616.0,0,0,0,1,0,0,0,0,0,0 days 00:31:30,2
83928,Smartphone Apple iPhone 15 256GB noir,Alloccaz,782.0,2025-01-14 22:51:46,5e4d2bcb-b698-4a5c-9580-2127d4cd0fda,3,4.0,30.0,616.0,0,0,0,1,0,0,0,0,0,0 days 00:31:26,2
84020,Smartphone Apple iPhone 15 256GB noir,Alloccaz,782.0,2025-01-14 23:23:08,5e4d2bcb-b698-4a5c-9580-2127d4cd0fda,2,4.0,30.0,616.0,0,0,0,1,0,0,0,0,0,0 days 00:31:22,2
84111,Smartphone Apple iPhone 15 256GB noir,Alloccaz,782.0,2025-01-14 23:54:33,5e4d2bcb-b698-4a5c-9580-2127d4cd0fda,2,4.0,30.0,616.0,0,0,0,1,0,0,0,0,0,0 days 00:31:25,2
84202,Smartphone Apple iPhone 15 256GB noir,Alloccaz,782.0,2025-01-15 00:26:02,5e4d2bcb-b698-4a5c-9580-2127d4cd0fda,2,4.0,30.0,617.0,0,0,0,1,0,0,0,0,0,0 days 00:31:29,2
84293,Smartphone Apple iPhone 15 256GB noir,Alloccaz,782.0,2025-01-15 00:57:26,5e4d2bcb-b698-4a5c-9580-2127d4cd0fda,2,4.0,30.0,617.0,0,0,0,1,0,0,0,0,0,0 days 00:31:24,2
84384,Smartphone Apple iPhone 15 256GB noir,Alloccaz,782.0,2025-01-15 01:28:46,5e4d2bcb-b698-4a5c-9580-2127d4cd0fda,2,4.0,30.0,617.0,0,0,0,1,0,0,0,0,0,0 days 00:31:20,2
84475,Smartphone Apple iPhone 15 256GB noir,Alloccaz,782.0,2025-01-15 02:00:04,5e4d2bcb-b698-4a5c-9580-2127d4cd0fda,2,4.0,30.0,617.0,0,0,0,1,0,0,0,0,0,0 days 00:31:18,2
84566,Smartphone Apple iPhone 15 256GB noir,Alloccaz,782.0,2025-01-15 02:31:21,5e4d2bcb-b698-4a5c-9580-2127d4cd0fda,2,4.0,30.0,617.0,0,0,0,1,0,0,0,0,0,0 days 00:31:17,2
84657,Smartphone Apple iPhone 15 256GB noir,Alloccaz,782.0,2025-01-15 03:02:41,5e4d2bcb-b698-4a5c-9580-2127d4cd0fda,2,4.0,30.0,617.0,0,0,0,1,0,0,0,0,0,0 days 00:31:20,2
84748,Smartphone Apple iPhone 15 256GB noir,Alloccaz,782.0,2025-01-15 03:34:00,5e4d2bcb-b698-4a5c-9580-2127d4cd0fda,2,4.0,30.0,617.0,0,0,0,1,0,0,0,0,0,0 days 00:31:19,2
84839,Smartphone Apple iPhone 15 256GB noir,Alloccaz,782.0,2025-01-15 04:05:21,5e4d2bcb-b698-4a5c-9580-2127d4cd0fda,2,4.0,30.0,617.0,0,0,0,1,0,0,0,0,0,0 days 00:31:21,2
84930,Smartphone Apple iPhone 15 256GB noir,Alloccaz,782.0,2025-01-15 04:36:41,5e4d2bcb-b698-4a5c-9580-2127d4cd0fda,2,4.0,30.0,617.0,0,0,0,1,0,0,0,0,0,0 days 00:31:20,2
85021,Smartphone Apple iPhone 15 256GB noir,Alloccaz,782.0,2025-01-15 05:08:01,5e4d2bcb-b698-4a5c-9580-2127d4cd0fda,2,4.0,30.0,617.0,0,0,0,1,0,0,0,0,0,0 days 00:31:20,2
85112,Smartphone Apple iPhone 15 256GB noir,Alloccaz,782.0,2025-01-15 05:39:23,5e4d2bcb-b698-4a5c-9580-2127d4cd0fda,2,4.0,30.0,617.0,0,0,0,1,0,0,0,0,0,0 days 00:31:22,2
85203,Smartphone Apple iPhone 15 256GB noir,Alloccaz,782.0,2025-01-15 06:10:44,5e4d2bcb-b698-4a5c-9580-2127d4cd0fda,2,4.0,30.0,617.0,0,0,0,1,0,0,0,0,0,0 days 00:31:21,2
85294,Smartphone Apple iPhone 15 256GB noir,Alloccaz,782.0,2025-01-15 06:42:02,5e4d2bcb-b698-4a5c-9580-2127d4cd0fda,2,4.0,30.0,617.0,0,0,0,1,0,0,0,0,0,0 days 00:31:18,2
85385,Smartphone Apple iPhone 15 256GB noir,Alloccaz,782.0,2025-01-15 07:13:20,5e4d2bcb-b698-4a5c-9580-2127d4cd0fda,2,4.0,30.0,617.0,0,0,0,1,0,0,0,0,0,0 days 00:31:18,2
85476,Smartphone Apple iPhone 15 256GB noir,Alloccaz,782.0,2025-01-15 07:44:38,5e4d2bcb-b698-4a5c-9580-2127d4cd0fda,2,4.0,30.0,617.0,0,0,0,1,0,0,0,0,0,0 days 00:31:18,2
85567,Smartphone Apple iPhone 15 256GB noir,Alloccaz,782.0,2025-01-15 08:15:57,5e4d2bcb-b698-4a5c-9580-2127d4cd0fda,2,4.0,30.0,617.0,0,0,0,1,0,0,0,0,0,0 days 00:31:19,2
85658,Smartphone Apple iPhone 15 256GB noir,Alloccaz,782.0,2025-01-15 08:47:15,5e4d2bcb-b698-4a5c-9580-2127d4cd0fda,2,4.0,30.0,617.0,0,0,0,1,0,0,0,0,0,0 days 00:31:18,2
85749,Smartphone Apple iPhone 15 256GB noir,Alloccaz,782.0,2025-01-15 09:18:33,5e4d2bcb-b698-4a5c-9580-2127d4cd0fda,2,4.0,30.0,617.0,0,0,0,1,0,0,0,0,0,0 days 00:31:18,2
85840,Smartphone Apple iPhone 15 256GB noir,Alloccaz,782.0,2025-01-15 09:49:50,5e4d2bcb-b698-4a5c-9580-2127d4cd0fda,2,4.0,30.0,617.0,0,0,0,1,0,0,0,0,0,0 days 00:31:17,2
85931,Smartphone Apple iPhone 15 256GB noir,Alloccaz,782.0,2025-01-15 10:21:09,5e4d2bcb-b698-4a5c-9580-2127d4cd0fda,2,4.0,30.0,617.0,0,0,0,1,0,0,0,0,0,0 days 00:31:19,2
86022,Smartphone Apple iPhone 15 256GB noir,Alloccaz,782.0,2025-01-15 10:52:28,5e4d2bcb-b698-4a5c-9580-2127d4cd0fda,2,4.0,30.0,617.0,0,0,0,1,0,0,0,0,0,0 days 00:31:19,2
86113,Smartphone Apple iPhone 15 256GB noir,Alloccaz,782.0,2025-01-15 11:23:47,5e4d2bcb-b698-4a5c-9580-2127d4cd0fda,2,4.0,30.0,617.0,0,0,0,1,0,0,0,0,0,0 days 00:31:19,2
86204,Smartphone Apple iPhone 15 256GB noir,Alloccaz,782.0,2025-01-15 11:55:05,5e4d2bcb-b698-4a5c-9580-2127d4cd0fda,2,4.0,30.0,617.0,0,0,0,1,0,0,0,0,0,0 days 00:31:18,2
86295,Smartphone Apple iPhone 15 256GB noir,Alloccaz,782.0,2025-01-15 12:26:25,5e4d2bcb-b698-4a5c-9580-2127d4cd0fda,2,4.0,30.0,617.0,0,0,0,1,0,0,0,0,0,0 days 00:31:20,2
86386,Smartphone Apple iPhone 15 256GB noir,Alloccaz,782.0,2025-01-15 12:57:41,5e4d2bcb-b698-4a5c-9580-2127d4cd0fda,2,4.0,30.0,617.0,0,0,0,1,0,0,0,0,0,0 days 00:31:16,2
86478,Smartphone Apple iPhone 15 256GB noir,Alloccaz,782.0,2025-01-15 13:29:01,5e4d2bcb-b698-4a5c-9580-2127d4cd0fda,2,4.0,30.0,617.0,0,0,0,1,0,0,0,0,0,0 days 00:31:20,2
86570,Smartphone Apple iPhone 15 256GB noir,Alloccaz,782.0,2025-01-15 14:00:23,5e4d2bcb-b698-4a5c-9580-2127d4cd0fda,3,4.0,30.0,617.0,0,0,0,1,0,0,0,0,0,0 days 00:31:22,2
86662,Smartphone Apple iPhone 15 256GB noir,Alloccaz,782.0,2025-01-15 14:31:43,5e4d2bcb-b698-4a5c-9580-2127d4cd0fda,3,4.0,30.0,617.0,0,0,0,1,0,0,0,0,0,0 days 00:31:20,2
86754,Smartphone Apple iPhone 15 256GB noir,Alloccaz,782.0,2025-01-15 15:03:01,5e4d2bcb-b698-4a5c-9580-2127d4cd0fda,3,4.0,30.0,617.0,0,0,0,1,0,0,0,0,0,0 days 00:31:18,2
86845,Smartphone Apple iPhone 15 256GB noir,Alloccaz,782.0,2025-01-15 15:34:20,5e4d2bcb-b698-4a5c-9580-2127d4cd0fda,3,4.0,30.0,617.0,0,0,0,1,0,0,0,0,0,0 days 00:31:19,2
86936,Smartphone Apple iPhone 15 256GB noir,Alloccaz,782.0,2025-01-15 16:05:37,5e4d2bcb-b698-4a5c-9580-2127d4cd0fda,3,4.0,30.0,617.0,0,0,0,1,0,0,0,0,0,0 days 00:31:17,2
87027,Smartphone Apple iPhone 15 256GB noir,Alloccaz,782.0,2025-01-15 16:36:55,5e4d2bcb-b698-4a5c-9580-2127d4cd0fda,3,4.0,30.0,617.0,0,0,0,1,0,0,0,0,0,0 days 00:31:18,2
87118,Smartphone Apple iPhone 15 256GB noir,Alloccaz,782.0,2025-01-15 17:08:14,5e4d2bcb-b698-4a5c-9580-2127d4cd0fda,3,4.0,30.0,617.0,0,0,0,1,0,0,0,0,0,0 days 00:31:19,2
87209,Smartphone Apple iPhone 15 256GB noir,Alloccaz,782.0,2025-01-15 17:39:31,5e4d2bcb-b698-4a5c-9580-2127d4cd0fda,3,4.0,30.0,617.0,0,0,0,1,0,0,0,0,0,0 days 00:31:17,2
87301,Smartphone Apple iPhone 15 256GB noir,Alloccaz,782.0,2025-01-15 18:10:50,5e4d2bcb-b698-4a5c-9580-2127d4cd0fda,3,4.0,30.0,617.0,0,0,0,1,0,0,0,0,0,0 days 00:31:19,2
87392,Smartphone Apple iPhone 15 256GB noir,Alloccaz,782.0,2025-01-15 18:42:08,5e4d2bcb-b698-4a5c-9580-2127d4cd0fda,3,4.0,30.0,617.0,0,0,0,1,0,0,0,0,0,0 days 00:31:18,2
87483,Smartphone Apple iPhone 15 256GB noir,Alloccaz,782.0,2025-01-15 19:13:25,5e4d2bcb-b698-4a5c-9580-2127d4cd0fda,3,4.0,30.0,617.0,0,0,0,1,0,0,0,0,0,0 days 00:31:17,2
87574,Smartphone Apple iPhone 15 256GB noir,Alloccaz,782.0,2025-01-15 19:44:43,5e4d2bcb-b698-4a5c-9580-2127d4cd0fda,3,4.0,30.0,617.0,0,0,0,1,0,0,0,0,0,0 days 00:31:18,2
87665,Smartphone Apple iPhone 15 256GB noir,Alloccaz,782.0,2025-01-15 20:16:01,5e4d2bcb-b698-4a5c-9580-2127d4cd0fda,3,4.0,30.0,617.0,0,0,0,1,0,0,0,0,0,0 days 00:31:18,2
87756,Smartphone Apple iPhone 15 256GB noir,Alloccaz,782.0,2025-01-15 20:47:19,5e4d2bcb-b698-4a5c-9580-2127d4cd0fda,3,4.0,30.0,617.0,0,0,0,1,0,0,0,0,0,0 days 00:31:18,2
87847,Smartphone Apple iPhone 15 256GB noir,Alloccaz,782.0,2025-01-15 21:18:36,5e4d2bcb-b698-4a5c-9580-2127d4cd0fda,3,4.0,30.0,617.0,0,0,0,1,0,0,0,0,0,0 days 00:31:17,2
87938,Smartphone Apple iPhone 15 256GB noir,Alloccaz,782.0,2025-01-15 21:49:55,5e4d2bcb-b698-4a5c-9580-2127d4cd0fda,3,4.0,30.0,617.0,0,0,0,1,0,0,0,0,0,0 days 00:31:19,2
88029,Smartphone Apple iPhone 15 256GB noir,Alloccaz,782.0,2025-01-15 22:21:13,5e4d2bcb-b698-4a5c-9580-2127d4cd0fda,3,4.0,30.0,617.0,0,0,0,1,0,0,0,0,0,0 days 00:31:18,2
88121,Smartphone Apple iPhone 15 256GB noir,Alloccaz,782.0,2025-01-15 22:52:29,5e4d2bcb-b698-4a5c-9580-2127d4cd0fda,3,4.0,30.0,617.0,0,0,0,1,0,0,0,0,0,0 days 00:31:16,2
88213,Smartphone Apple iPhone 15 256GB noir,Alloccaz,782.0,2025-01-15 23:23:46,5e4d2bcb-b698-4a5c-9580-2127d4cd0fda,2,4.0,30.0,617.0,0,0,0,1,0,0,0,0,0,0 days 00:31:17,2
88305,Smartphone Apple iPhone 15 256GB noir,Alloccaz,782.0,2025-01-15 23:55:03,5e4d2bcb-b698-4a5c-9580-2127d4cd0fda,2,4.0,30.0,617.0,0,0,0,1,0,0,0,0,0,0 days 00:31:17,2
88397,Smartphone Apple iPhone 15 256GB noir,Alloccaz,782.0,2025-01-16 00:26:20,5e4d2bcb-b698-4a5c-9580-2127d4cd0fda,2,4.0,30.0,618.0,0,0,0,1,0,0,0,0,0,0 days 00:31:17,2
88489,Smartphone Apple iPhone 15 256GB noir,Alloccaz,782.0,2025-01-16 00:57:36,5e4d2bcb-b698-4a5c-9580-2127d4cd0fda,2,4.0,30.0,618.0,0,0,0,1,0,0,0,0,0,0 days 00:31:16,2
88581,Smartphone Apple iPhone 15 256GB noir,Alloccaz,782.0,2025-01-16 01:28:53,5e4d2bcb-b698-4a5c-9580-2127d4cd0fda,2,4.0,30.0,618.0,0,0,0,1,0,0,0,0,0,0 days 00:31:17,2
88673,Smartphone Apple iPhone 15 256GB noir,Alloccaz,782.0,2025-01-16 02:00:10,5e4d2bcb-b698-4a5c-9580-2127d4cd0fda,2,4.0,30.0,618.0,0,0,0,1,0,0,0,0,0,0 days 00:31:17,2
79109,Smartphone Apple iPhone 14 256Go Noir Midnight,Maxmovil,867.79,2025-01-13 19:11:42,62f20f07-f667-41c5-a3c3-ace3d2871b99,3,4.0,14.0,1298.0,0,0,0,0,0,1,0,0,0,10 days 02:32:02,1
79200,Smartphone Apple iPhone 14 256Go Noir Midnight,Maxmovil,877.62,2025-01-13 19:43:10,62f20f07-f667-41c5-a3c3-ace3d2871b99,3,4.0,14.0,1298.0,0,0,0,0,0,1,0,0,0,0 days 00:31:28,1
79291,Smartphone Apple iPhone 14 256Go Noir Midnight,Maxmovil,877.62,2025-01-13 20:14:27,62f20f07-f667-41c5-a3c3-ace3d2871b99,3,4.0,14.0,1298.0,0,0,0,0,0,1,0,0,0,0 days 00:31:17,1
79382,Smartphone Apple iPhone 14 256Go Noir Midnight,Maxmovil,877.62,2025-01-13 20:45:43,62f20f07-f667-41c5-a3c3-ace3d2871b99,3,4.0,14.0,1298.0,0,0,0,0,0,1,0,0,0,0 days 00:31:16,1
79473,Smartphone Apple iPhone 14 256Go Noir Midnight,Maxmovil,877.62,2025-01-13 21:17:01,62f20f07-f667-41c5-a3c3-ace3d2871b99,3,4.0,14.0,1298.0,0,0,0,0,0,1,0,0,0,0 days 00:31:18,1
79564,Smartphone Apple iPhone 14 256Go Noir Midnight,Maxmovil,877.62,2025-01-13 21:48:17,62f20f07-f667-41c5-a3c3-ace3d2871b99,3,4.0,14.0,1298.0,0,0,0,0,0,1,0,0,0,0 days 00:31:16,1
79655,Smartphone Apple iPhone 14 256Go Noir Midnight,Maxmovil,877.62,2025-01-13 22:19:33,62f20f07-f667-41c5-a3c3-ace3d2871b99,3,4.0,14.0,1298.0,0,0,0,0,0,1,0,0,0,0 days 00:31:16,1
79746,Smartphone Apple iPhone 14 256Go Noir Midnight,Maxmovil,877.62,2025-01-13 22:50:49,62f20f07-f667-41c5-a3c3-ace3d2871b99,3,4.0,14.0,1298.0,0,0,0,0,0,1,0,0,0,0 days 00:31:16,1
79837,Smartphone Apple iPhone 14 256Go Noir Midnight,Maxmovil,877.62,2025-01-13 23:22:06,62f20f07-f667-41c5-a3c3-ace3d2871b99,2,4.0,14.0,1298.0,0,0,0,0,0,1,0,0,0,0 days 00:31:17,1
79927,Smartphone Apple iPhone 14 256Go Noir Midnight,Maxmovil,877.62,2025-01-13 23:53:21,62f20f07-f667-41c5-a3c3-ace3d2871b99,2,4.0,14.0,1298.0,0,0,0,0,0,1,0,0,0,0 days 00:31:15,1
80017,Smartphone Apple iPhone 14 256Go Noir Midnight,Maxmovil,877.62,2025-01-14 00:24:40,62f20f07-f667-41c5-a3c3-ace3d2871b99,2,4.0,14.0,1299.0,0,0,0,0,0,1,0,0,0,0 days 00:31:19,1
80108,Smartphone Apple iPhone 14 256Go Noir Midnight,Maxmovil,877.62,2025-01-14 00:55:56,62f20f07-f667-41c5-a3c3-ace3d2871b99,2,4.0,14.0,1299.0,0,0,0,0,0,1,0,0,0,0 days 00:31:16,1
80199,Smartphone Apple iPhone 14 256Go Noir Midnight,Maxmovil,877.62,2025-01-14 01:27:15,62f20f07-f667-41c5-a3c3-ace3d2871b99,2,4.0,14.0,1299.0,0,0,0,0,0,1,0,0,0,0 days 00:31:19,1
80289,Smartphone Apple iPhone 14 256Go Noir Midnight,Maxmovil,877.62,2025-01-14 01:58:31,62f20f07-f667-41c5-a3c3-ace3d2871b99,2,4.0,14.0,1299.0,0,0,0,0,0,1,0,0,0,0 days 00:31:16,1
80379,Smartphone Apple iPhone 14 256Go Noir Midnight,Maxmovil,877.62,2025-01-14 02:29:47,62f20f07-f667-41c5-a3c3-ace3d2871b99,2,4.0,14.0,1299.0,0,0,0,0,0,1,0,0,0,0 days 00:31:16,1
80470,Smartphone Apple iPhone 14 256Go Noir Midnight,Maxmovil,877.62,2025-01-14 03:01:04,62f20f07-f667-41c5-a3c3-ace3d2871b99,2,4.0,14.0,1299.0,0,0,0,0,0,1,0,0,0,0 days 00:31:17,1
80561,Smartphone Apple iPhone 14 256Go Noir Midnight,Maxmovil,877.62,2025-01-14 03:32:20,62f20f07-f667-41c5-a3c3-ace3d2871b99,2,4.0,14.0,1299.0,0,0,0,0,0,1,0,0,0,0 days 00:31:16,1
80652,Smartphone Apple iPhone 14 256Go Noir Midnight,Maxmovil,877.62,2025-01-14 04:03:37,62f20f07-f667-41c5-a3c3-ace3d2871b99,2,4.0,14.0,1299.0,0,0,0,0,0,1,0,0,0,0 days 00:31:17,1
80743,Smartphone Apple iPhone 14 256Go Noir Midnight,Maxmovil,877.62,2025-01-14 04:34:53,62f20f07-f667-41c5-a3c3-ace3d2871b99,2,4.0,14.0,1299.0,0,0,0,0,0,1,0,0,0,0 days 00:31:16,1
80834,Smartphone Apple iPhone 14 256Go Noir Midnight,Maxmovil,877.62,2025-01-14 05:06:09,62f20f07-f667-41c5-a3c3-ace3d2871b99,2,4.0,14.0,1299.0,0,0,0,0,0,1,0,0,0,0 days 00:31:16,1
80925,Smartphone Apple iPhone 14 256Go Noir Midnight,Maxmovil,877.62,2025-01-14 05:37:26,62f20f07-f667-41c5-a3c3-ace3d2871b99,2,4.0,14.0,1299.0,0,0,0,0,0,1,0,0,0,0 days 00:31:17,1
81016,Smartphone Apple iPhone 14 256Go Noir Midnight,Maxmovil,877.62,2025-01-14 06:08:44,62f20f07-f667-41c5-a3c3-ace3d2871b99,2,4.0,14.0,1299.0,0,0,0,0,0,1,0,0,0,0 days 00:31:18,1
81107,Smartphone Apple iPhone 14 256Go Noir Midnight,Maxmovil,877.62,2025-01-14 06:40:03,62f20f07-f667-41c5-a3c3-ace3d2871b99,2,4.0,14.0,1299.0,0,0,0,0,0,1,0,0,0,0 days 00:31:19,1
81198,Smartphone Apple iPhone 14 256Go Noir Midnight,Maxmovil,877.62,2025-01-14 07:11:25,62f20f07-f667-41c5-a3c3-ace3d2871b99,2,4.0,14.0,1299.0,0,0,0,0,0,1,0,0,0,0 days 00:31:22,1
81289,Smartphone Apple iPhone 14 256Go Noir Midnight,Maxmovil,877.62,2025-01-14 07:42:44,62f20f07-f667-41c5-a3c3-ace3d2871b99,2,4.0,14.0,1299.0,0,0,0,0,0,1,0,0,0,0 days 00:31:19,1
81380,Smartphone Apple iPhone 14 256Go Noir Midnight,Maxmovil,877.62,2025-01-14 08:14:05,62f20f07-f667-41c5-a3c3-ace3d2871b99,2,4.0,14.0,1299.0,0,0,0,0,0,1,0,0,0,0 days 00:31:21,1
81471,Smartphone Apple iPhone 14 256Go Noir Midnight,Maxmovil,877.62,2025-01-14 08:45:25,62f20f07-f667-41c5-a3c3-ace3d2871b99,2,4.0,14.0,1299.0,0,0,0,0,0,1,0,0,0,0 days 00:31:20,1
81561,Smartphone Apple iPhone 14 256Go Noir Midnight,Maxmovil,877.62,2025-01-14 09:16:43,62f20f07-f667-41c5-a3c3-ace3d2871b99,2,4.0,14.0,1299.0,0,0,0,0,0,1,0,0,0,0 days 00:31:18,1
81652,Smartphone Apple iPhone 14 256Go Noir Midnight,Maxmovil,877.62,2025-01-14 09:48:06,62f20f07-f667-41c5-a3c3-ace3d2871b99,2,4.0,14.0,1299.0,0,0,0,0,0,1,0,0,0,0 days 00:31:23,1
81743,Smartphone Apple iPhone 14 256Go Noir Midnight,Maxmovil,877.62,2025-01-14 10:19:30,62f20f07-f667-41c5-a3c3-ace3d2871b99,2,4.0,14.0,1299.0,0,0,0,0,0,1,0,0,0,0 days 00:31:24,1
81834,Smartphone Apple iPhone 14 256Go Noir Midnight,Maxmovil,877.62,2025-01-14 10:50:55,62f20f07-f667-41c5-a3c3-ace3d2871b99,2,4.0,14.0,1299.0,0,0,0,0,0,1,0,0,0,0 days 00:31:25,1
81925,Smartphone Apple iPhone 14 256Go Noir Midnight,Maxmovil,877.62,2025-01-14 11:22:13,62f20f07-f667-41c5-a3c3-ace3d2871b99,2,4.0,14.0,1299.0,0,0,0,0,0,1,0,0,0,0 days 00:31:18,1
82017,Smartphone Apple iPhone 14 256Go Noir Midnight,Maxmovil,877.62,2025-01-14 11:53:31,62f20f07-f667-41c5-a3c3-ace3d2871b99,2,4.0,14.0,1299.0,0,0,0,0,0,1,0,0,0,0 days 00:31:18,1
82109,Smartphone Apple iPhone 14 256Go Noir Midnight,Maxmovil,877.62,2025-01-14 12:24:51,62f20f07-f667-41c5-a3c3-ace3d2871b99,2,4.0,14.0,1299.0,0,0,0,0,0,1,0,0,0,0 days 00:31:20,1
82201,Smartphone Apple iPhone 14 256Go Noir Midnight,Maxmovil,877.62,2025-01-14 12:56:15,62f20f07-f667-41c5-a3c3-ace3d2871b99,2,4.0,14.0,1299.0,0,0,0,0,0,1,0,0,0,0 days 00:31:24,1
82293,Smartphone Apple iPhone 14 256Go Noir Midnight,Maxmovil,877.62,2025-01-14 13:27:35,62f20f07-f667-41c5-a3c3-ace3d2871b99,2,4.0,14.0,1299.0,0,0,0,0,0,1,0,0,0,0 days 00:31:20,1
82385,Smartphone Apple iPhone 14 256Go Noir Midnight,Maxmovil,877.62,2025-01-14 13:58:54,62f20f07-f667-41c5-a3c3-ace3d2871b99,2,4.0,14.0,1299.0,0,0,0,0,0,1,0,0,0,0 days 00:31:19,1
82477,Smartphone Apple iPhone 14 256Go Noir Midnight,Maxmovil,877.62,2025-01-14 14:30:13,62f20f07-f667-41c5-a3c3-ace3d2871b99,3,4.0,14.0,1299.0,0,0,0,0,0,1,0,0,0,0 days 00:31:19,1
82570,Smartphone Apple iPhone 14 256Go Noir Midnight,Maxmovil,877.62,2025-01-14 15:01:33,62f20f07-f667-41c5-a3c3-ace3d2871b99,3,4.0,14.0,1299.0,0,0,0,0,0,1,0,0,0,0 days 00:31:20,1
82662,Smartphone Apple iPhone 14 256Go Noir Midnight,Maxmovil,877.62,2025-01-14 15:32:52,62f20f07-f667-41c5-a3c3-ace3d2871b99,3,4.0,14.0,1299.0,0,0,0,0,0,1,0,0,0,0 days 00:31:19,1
82754,Smartphone Apple iPhone 14 256Go Noir Midnight,Maxmovil,877.62,2025-01-14 16:04:11,62f20f07-f667-41c5-a3c3-ace3d2871b99,3,4.0,14.0,1299.0,0,0,0,0,0,1,0,0,0,0 days 00:31:19,1
82846,Smartphone Apple iPhone 14 256Go Noir Midnight,Maxmovil,877.62,2025-01-14 16:35:29,62f20f07-f667-41c5-a3c3-ace3d2871b99,3,4.0,14.0,1299.0,0,0,0,0,0,1,0,0,0,0 days 00:31:18,1
82938,Smartphone Apple iPhone 14 256Go Noir Midnight,Maxmovil,877.62,2025-01-14 17:06:49,62f20f07-f667-41c5-a3c3-ace3d2871b99,3,4.0,14.0,1299.0,0,0,0,0,0,1,0,0,0,0 days 00:31:20,1
83030,Smartphone Apple iPhone 14 256Go Noir Midnight,Maxmovil,877.62,2025-01-14 17:38:09,62f20f07-f667-41c5-a3c3-ace3d2871b99,3,4.0,14.0,1299.0,0,0,0,0,0,1,0,0,0,0 days 00:31:20,1
83122,Smartphone Apple iPhone 14 256Go Noir Midnight,Maxmovil,877.62,2025-01-14 18:09:29,62f20f07-f667-41c5-a3c3-ace3d2871b99,3,4.0,14.0,1299.0,0,0,0,0,0,1,0,0,0,0 days 00:31:20,1
83214,Smartphone Apple iPhone 14 256Go Noir Midnight,Maxmovil,877.62,2025-01-14 18:40:49,62f20f07-f667-41c5-a3c3-ace3d2871b99,3,4.0,14.0,1299.0,0,0,0,0,0,1,0,0,0,0 days 00:31:20,1
83306,Smartphone Apple iPhone 14 256Go Noir Midnight,Maxmovil,877.62,2025-01-14 19:12:09,62f20f07-f667-41c5-a3c3-ace3d2871b99,3,4.0,14.0,1299.0,0,0,0,0,0,1,0,0,0,0 days 00:31:20,1
83398,Smartphone Apple iPhone 14 256Go Noir Midnight,Maxmovil,877.62,2025-01-14 19:43:27,62f20f07-f667-41c5-a3c3-ace3d2871b99,3,4.0,14.0,1299.0,0,0,0,0,0,1,0,0,0,0 days 00:31:18,1
83490,Smartphone Apple iPhone 14 256Go Noir Midnight,Maxmovil,877.62,2025-01-14 20:14:52,62f20f07-f667-41c5-a3c3-ace3d2871b99,3,4.0,14.0,1299.0,0,0,0,0,0,1,0,0,0,0 days 00:31:25,1
83582,Smartphone Apple iPhone 14 256Go Noir Midnight,Maxmovil,877.62,2025-01-14 20:46:17,62f20f07-f667-41c5-a3c3-ace3d2871b99,3,4.0,14.0,1299.0,0,0,0,0,0,1,0,0,0,0 days 00:31:25,1
83674,Smartphone Apple iPhone 14 256Go Noir Midnight,Maxmovil,877.62,2025-01-14 21:17:45,62f20f07-f667-41c5-a3c3-ace3d2871b99,3,4.0,14.0,1299.0,0,0,0,0,0,1,0,0,0,0 days 00:31:28,1
83766,Smartphone Apple iPhone 14 256Go Noir Midnight,Maxmovil,877.62,2025-01-14 21:49:11,62f20f07-f667-41c5-a3c3-ace3d2871b99,3,4.0,14.0,1299.0,0,0,0,0,0,1,0,0,0,0 days 00:31:26,1
83858,Smartphone Apple iPhone 14 256Go Noir Midnight,Maxmovil,877.62,2025-01-14 22:20:42,62f20f07-f667-41c5-a3c3-ace3d2871b99,3,4.0,14.0,1299.0,0,0,0,0,0,1,0,0,0,0 days 00:31:31,1
83950,Smartphone Apple iPhone 14 256Go Noir Midnight,Maxmovil,877.62,2025-01-14 22:52:06,62f20f07-f667-41c5-a3c3-ace3d2871b99,3,4.0,14.0,1299.0,0,0,0,0,0,1,0,0,0,0 days 00:31:24,1
84042,Smartphone Apple iPhone 14 256Go Noir Midnight,Maxmovil,877.62,2025-01-14 23:23:28,62f20f07-f667-41c5-a3c3-ace3d2871b99,2,4.0,14.0,1299.0,0,0,0,0,0,1,0,0,0,0 days 00:31:22,1
84133,Smartphone Apple iPhone 14 256Go Noir Midnight,Maxmovil,877.62,2025-01-14 23:54:54,62f20f07-f667-41c5-a3c3-ace3d2871b99,2,4.0,14.0,1299.0,0,0,0,0,0,1,0,0,0,0 days 00:31:26,1
84224,Smartphone Apple iPhone 14 256Go Noir Midnight,Maxmovil,877.62,2025-01-15 00:26:23,62f20f07-f667-41c5-a3c3-ace3d2871b99,2,4.0,14.0,1300.0,0,0,0,0,0,1,0,0,0,0 days 00:31:29,1
84315,Smartphone Apple iPhone 14 256Go Noir Midnight,Maxmovil,877.62,2025-01-15 00:57:47,62f20f07-f667-41c5-a3c3-ace3d2871b99,2,4.0,14.0,1300.0,0,0,0,0,0,1,0,0,0,0 days 00:31:24,1
84406,Smartphone Apple iPhone 14 256Go Noir Midnight,Maxmovil,877.62,2025-01-15 01:29:06,62f20f07-f667-41c5-a3c3-ace3d2871b99,2,4.0,14.0,1300.0,0,0,0,0,0,1,0,0,0,0 days 00:31:19,1
84497,Smartphone Apple iPhone 14 256Go Noir Midnight,Maxmovil,877.62,2025-01-15 02:00:23,62f20f07-f667-41c5-a3c3-ace3d2871b99,2,4.0,14.0,1300.0,0,0,0,0,0,1,0,0,0,0 days 00:31:17,1
84588,Smartphone Apple iPhone 14 256Go Noir Midnight,Maxmovil,877.62,2025-01-15 02:31:40,62f20f07-f667-41c5-a3c3-ace3d2871b99,2,4.0,14.0,1300.0,0,0,0,0,0,1,0,0,0,0 days 00:31:17,1
84679,Smartphone Apple iPhone 14 256Go Noir Midnight,Maxmovil,877.62,2025-01-15 03:03:02,62f20f07-f667-41c5-a3c3-ace3d2871b99,2,4.0,14.0,1300.0,0,0,0,0,0,1,0,0,0,0 days 00:31:22,1
84770,Smartphone Apple iPhone 14 256Go Noir Midnight,Maxmovil,877.62,2025-01-15 03:34:19,62f20f07-f667-41c5-a3c3-ace3d2871b99,2,4.0,14.0,1300.0,0,0,0,0,0,1,0,0,0,0 days 00:31:17,1
84861,Smartphone Apple iPhone 14 256Go Noir Midnight,Maxmovil,877.62,2025-01-15 04:05:42,62f20f07-f667-41c5-a3c3-ace3d2871b99,2,4.0,14.0,1300.0,0,0,0,0,0,1,0,0,0,0 days 00:31:23,1
84952,Smartphone Apple iPhone 14 256Go Noir Midnight,Maxmovil,877.62,2025-01-15 04:37:00,62f20f07-f667-41c5-a3c3-ace3d2871b99,2,4.0,14.0,1300.0,0,0,0,0,0,1,0,0,0,0 days 00:31:18,1
85043,Smartphone Apple iPhone 14 256Go Noir Midnight,Maxmovil,877.62,2025-01-15 05:08:22,62f20f07-f667-41c5-a3c3-ace3d2871b99,2,4.0,14.0,1300.0,0,0,0,0,0,1,0,0,0,0 days 00:31:22,1
85134,Smartphone Apple iPhone 14 256Go Noir Midnight,Maxmovil,877.62,2025-01-15 05:39:42,62f20f07-f667-41c5-a3c3-ace3d2871b99,2,4.0,14.0,1300.0,0,0,0,0,0,1,0,0,0,0 days 00:31:20,1
85225,Smartphone Apple iPhone 14 256Go Noir Midnight,Maxmovil,877.62,2025-01-15 06:11:02,62f20f07-f667-41c5-a3c3-ace3d2871b99,2,4.0,14.0,1300.0,0,0,0,0,0,1,0,0,0,0 days 00:31:20,1
85316,Smartphone Apple iPhone 14 256Go Noir Midnight,Maxmovil,877.62,2025-01-15 06:42:22,62f20f07-f667-41c5-a3c3-ace3d2871b99,2,4.0,14.0,1300.0,0,0,0,0,0,1,0,0,0,0 days 00:31:20,1
85407,Smartphone Apple iPhone 14 256Go Noir Midnight,Maxmovil,877.62,2025-01-15 07:13:40,62f20f07-f667-41c5-a3c3-ace3d2871b99,2,4.0,14.0,1300.0,0,0,0,0,0,1,0,0,0,0 days 00:31:18,1
85498,Smartphone Apple iPhone 14 256Go Noir Midnight,Maxmovil,877.62,2025-01-15 07:44:57,62f20f07-f667-41c5-a3c3-ace3d2871b99,2,4.0,14.0,1300.0,0,0,0,0,0,1,0,0,0,0 days 00:31:17,1
85589,Smartphone Apple iPhone 14 256Go Noir Midnight,Maxmovil,877.62,2025-01-15 08:16:16,62f20f07-f667-41c5-a3c3-ace3d2871b99,2,4.0,14.0,1300.0,0,0,0,0,0,1,0,0,0,0 days 00:31:19,1
85680,Smartphone Apple iPhone 14 256Go Noir Midnight,Maxmovil,877.62,2025-01-15 08:47:34,62f20f07-f667-41c5-a3c3-ace3d2871b99,2,4.0,14.0,1300.0,0,0,0,0,0,1,0,0,0,0 days 00:31:18,1
85771,Smartphone Apple iPhone 14 256Go Noir Midnight,Maxmovil,877.62,2025-01-15 09:18:52,62f20f07-f667-41c5-a3c3-ace3d2871b99,2,4.0,14.0,1300.0,0,0,0,0,0,1,0,0,0,0 days 00:31:18,1
85862,Smartphone Apple iPhone 14 256Go Noir Midnight,Maxmovil,877.62,2025-01-15 09:50:10,62f20f07-f667-41c5-a3c3-ace3d2871b99,2,4.0,14.0,1300.0,0,0,0,0,0,1,0,0,0,0 days 00:31:18,1
85953,Smartphone Apple iPhone 14 256Go Noir Midnight,Maxmovil,877.62,2025-01-15 10:21:28,62f20f07-f667-41c5-a3c3-ace3d2871b99,2,4.0,14.0,1300.0,0,0,0,0,0,1,0,0,0,0 days 00:31:18,1
86044,Smartphone Apple iPhone 14 256Go Noir Midnight,Maxmovil,877.62,2025-01-15 10:52:47,62f20f07-f667-41c5-a3c3-ace3d2871b99,2,4.0,14.0,1300.0,0,0,0,0,0,1,0,0,0,0 days 00:31:19,1
86135,Smartphone Apple iPhone 14 256Go Noir Midnight,Maxmovil,877.62,2025-01-15 11:24:06,62f20f07-f667-41c5-a3c3-ace3d2871b99,2,4.0,14.0,1300.0,0,0,0,0,0,1,0,0,0,0 days 00:31:19,1
86226,Smartphone Apple iPhone 14 256Go Noir Midnight,Maxmovil,877.62,2025-01-15 11:55:24,62f20f07-f667-41c5-a3c3-ace3d2871b99,2,4.0,14.0,1300.0,0,0,0,0,0,1,0,0,0,0 days 00:31:18,1
86317,Smartphone Apple iPhone 14 256Go Noir Midnight,Maxmovil,877.62,2025-01-15 12:26:44,62f20f07-f667-41c5-a3c3-ace3d2871b99,2,4.0,14.0,1300.0,0,0,0,0,0,1,0,0,0,0 days 00:31:20,1
86408,Smartphone Apple iPhone 14 256Go Noir Midnight,Maxmovil,877.62,2025-01-15 12:58:01,62f20f07-f667-41c5-a3c3-ace3d2871b99,2,4.0,14.0,1300.0,0,0,0,0,0,1,0,0,0,0 days 00:31:17,1
86500,Smartphone Apple iPhone 14 256Go Noir Midnight,Maxmovil,877.62,2025-01-15 13:29:22,62f20f07-f667-41c5-a3c3-ace3d2871b99,2,4.0,14.0,1300.0,0,0,0,0,0,1,0,0,0,0 days 00:31:21,1
86592,Smartphone Apple iPhone 14 256Go Noir Midnight,Maxmovil,877.62,2025-01-15 14:00:42,62f20f07-f667-41c5-a3c3-ace3d2871b99,3,4.0,14.0,1300.0,0,0,0,0,0,1,0,0,0,0 days 00:31:20,1
86684,Smartphone Apple iPhone 14 256Go Noir Midnight,Maxmovil,877.62,2025-01-15 14:32:02,62f20f07-f667-41c5-a3c3-ace3d2871b99,3,4.0,14.0,1300.0,0,0,0,0,0,1,0,0,0,0 days 00:31:20,1
86776,Smartphone Apple iPhone 14 256Go Noir Midnight,Maxmovil,877.62,2025-01-15 15:03:21,62f20f07-f667-41c5-a3c3-ace3d2871b99,3,4.0,14.0,1300.0,0,0,0,0,0,1,0,0,0,0 days 00:31:19,1
86867,Smartphone Apple iPhone 14 256Go Noir Midnight,Maxmovil,877.62,2025-01-15 15:34:39,62f20f07-f667-41c5-a3c3-ace3d2871b99,3,4.0,14.0,1300.0,0,0,0,0,0,1,0,0,0,0 days 00:31:18,1
86958,Smartphone Apple iPhone 14 256Go Noir Midnight,Maxmovil,877.62,2025-01-15 16:05:56,62f20f07-f667-41c5-a3c3-ace3d2871b99,3,4.0,14.0,1300.0,0,0,0,0,0,1,0,0,0,0 days 00:31:17,1
87049,Smartphone Apple iPhone 14 256Go Noir Midnight,Maxmovil,877.62,2025-01-15 16:37:15,62f20f07-f667-41c5-a3c3-ace3d2871b99,3,4.0,14.0,1300.0,0,0,0,0,0,1,0,0,0,0 days 00:31:19,1
87140,Smartphone Apple iPhone 14 256Go Noir Midnight,Maxmovil,877.62,2025-01-15 17:08:33,62f20f07-f667-41c5-a3c3-ace3d2871b99,3,4.0,14.0,1300.0,0,0,0,0,0,1,0,0,0,0 days 00:31:18,1
57085,Smartphone Apple iPhone 14 256Go Noir Midnight,SIA Solution,1276.35,2025-01-08 14:12:50,678f5216-19f7-4a95-bd97-acfd7267e20e,3,0.0,0.0,161.0,0,0,0,0,0,0,0,1,0,0 days 00:00:00,0
57181,Smartphone Apple iPhone 14 256Go Noir Midnight,SIA Solution,1276.35,2025-01-08 14:44:11,678f5216-19f7-4a95-bd97-acfd7267e20e,3,0.0,0.0,161.0,0,0,0,0,0,0,0,1,0,0 days 00:31:21,0
57277,Smartphone Apple iPhone 14 256Go Noir Midnight,SIA Solution,1276.35,2025-01-08 15:15:40,678f5216-19f7-4a95-bd97-acfd7267e20e,3,0.0,0.0,161.0,0,0,0,0,0,0,0,1,0,0 days 00:31:29,0
57373,Smartphone Apple iPhone 14 256Go Noir Midnight,SIA Solution,1276.35,2025-01-08 15:47:00,678f5216-19f7-4a95-bd97-acfd7267e20e,3,0.0,0.0,161.0,0,0,0,0,0,0,0,1,0,0 days 00:31:20,0
57469,Smartphone Apple iPhone 14 256Go Noir Midnight,SIA Solution,1276.35,2025-01-08 16:18:20,678f5216-19f7-4a95-bd97-acfd7267e20e,3,0.0,0.0,161.0,0,0,0,0,0,0,0,1,0,0 days 00:31:20,0
57565,Smartphone Apple iPhone 14 256Go Noir Midnight,SIA Solution,1276.35,2025-01-08 16:49:41,678f5216-19f7-4a95-bd97-acfd7267e20e,3,0.0,0.0,161.0,0,0,0,0,0,0,0,1,0,0 days 00:31:21,0
57661,Smartphone Apple iPhone 14 256Go Noir Midnight,SIA Solution,1276.35,2025-01-08 17:21:06,678f5216-19f7-4a95-bd97-acfd7267e20e,3,0.0,0.0,161.0,0,0,0,0,0,0,0,1,0,0 days 00:31:25,0
57756,Smartphone Apple iPhone 14 256Go Noir Midnight,SIA Solution,1276.35,2025-01-08 17:52:31,678f5216-19f7-4a95-bd97-acfd7267e20e,3,0.0,0.0,161.0,0,0,0,0,0,0,0,1,0,0 days 00:31:25,0
57851,Smartphone Apple iPhone 14 256Go Noir Midnight,SIA Solution,1276.35,2025-01-08 18:23:52,678f5216-19f7-4a95-bd97-acfd7267e20e,3,0.0,0.0,161.0,0,0,0,0,0,0,0,1,0,0 days 00:31:21,0
57946,Smartphone Apple iPhone 14 256Go Noir Midnight,SIA Solution,1276.35,2025-01-08 18:55:14,678f5216-19f7-4a95-bd97-acfd7267e20e,3,0.0,0.0,161.0,0,0,0,0,0,0,0,1,0,0 days 00:31:22,0
87238,Smartphone Apple iPhone 14 256Go Noir Midnight,SIA Solution,1276.35,2025-01-15 17:39:51,678f5216-19f7-4a95-bd97-acfd7267e20e,3,0.0,0.0,168.0,0,0,0,0,0,0,0,1,0,1 days 22:59:28,2
87329,Smartphone Apple iPhone 14 256Go Noir Midnight,SIA Solution,1276.35,2025-01-15 18:11:09,678f5216-19f7-4a95-bd97-acfd7267e20e,3,0.0,0.0,168.0,0,0,0,0,0,0,0,1,0,0 days 00:31:18,2
87420,Smartphone Apple iPhone 14 256Go Noir Midnight,SIA Solution,1276.35,2025-01-15 18:42:27,678f5216-19f7-4a95-bd97-acfd7267e20e,3,0.0,0.0,168.0,0,0,0,0,0,0,0,1,0,0 days 00:31:18,2
87511,Smartphone Apple iPhone 14 256Go Noir Midnight,SIA Solution,1276.35,2025-01-15 19:13:45,678f5216-19f7-4a95-bd97-acfd7267e20e,3,0.0,0.0,168.0,0,0,0,0,0,0,0,1,0,0 days 00:31:18,2
87602,Smartphone Apple iPhone 14 256Go Noir Midnight,SIA Solution,1276.35,2025-01-15 19:45:02,678f5216-19f7-4a95-bd97-acfd7267e20e,3,0.0,0.0,168.0,0,0,0,0,0,0,0,1,0,0 days 00:31:17,2
87693,Smartphone Apple iPhone 14 256Go Noir Midnight,SIA Solution,1276.35,2025-01-15 20:16:20,678f5216-19f7-4a95-bd97-acfd7267e20e,3,0.0,0.0,168.0,0,0,0,0,0,0,0,1,0,0 days 00:31:18,2
87784,Smartphone Apple iPhone 14 256Go Noir Midnight,SIA Solution,1276.35,2025-01-15 20:47:38,678f5216-19f7-4a95-bd97-acfd7267e20e,3,0.0,0.0,168.0,0,0,0,0,0,0,0,1,0,0 days 00:31:18,2
87875,Smartphone Apple iPhone 14 256Go Noir Midnight,SIA Solution,1276.35,2025-01-15 21:18:56,678f5216-19f7-4a95-bd97-acfd7267e20e,3,0.0,0.0,168.0,0,0,0,0,0,0,0,1,0,0 days 00:31:18,2
87966,Smartphone Apple iPhone 14 256Go Noir Midnight,SIA Solution,1276.35,2025-01-15 21:50:15,678f5216-19f7-4a95-bd97-acfd7267e20e,3,0.0,0.0,168.0,0,0,0,0,0,0,0,1,0,0 days 00:31:19,2
88057,Smartphone Apple iPhone 14 256Go Noir Midnight,SIA Solution,1276.35,2025-01-15 22:21:32,678f5216-19f7-4a95-bd97-acfd7267e20e,3,0.0,0.0,168.0,0,0,0,0,0,0,0,1,0,0 days 00:31:17,2
88149,Smartphone Apple iPhone 14 256Go Noir Midnight,SIA Solution,1276.35,2025-01-15 22:52:48,678f5216-19f7-4a95-bd97-acfd7267e20e,3,0.0,0.0,168.0,0,0,0,0,0,0,0,1,0,0 days 00:31:16,2
88241,Smartphone Apple iPhone 14 256Go Noir Midnight,SIA Solution,1276.35,2025-01-15 23:24:05,678f5216-19f7-4a95-bd97-acfd7267e20e,2,0.0,0.0,168.0,0,0,0,0,0,0,0,1,0,0 days 00:31:17,2
88333,Smartphone Apple iPhone 14 256Go Noir Midnight,SIA Solution,1276.35,2025-01-15 23:55:22,678f5216-19f7-4a95-bd97-acfd7267e20e,2,0.0,0.0,168.0,0,0,0,0,0,0,0,1,0,0 days 00:31:17,2
88425,Smartphone Apple iPhone 14 256Go Noir Midnight,SIA Solution,1276.35,2025-01-16 00:26:39,678f5216-19f7-4a95-bd97-acfd7267e20e,2,0.0,0.0,169.0,0,0,0,0,0,0,0,1,0,0 days 00:31:17,2
88517,Smartphone Apple iPhone 14 256Go Noir Midnight,SIA Solution,1276.35,2025-01-16 00:57:55,678f5216-19f7-4a95-bd97-acfd7267e20e,2,0.0,0.0,169.0,0,0,0,0,0,0,0,1,0,0 days 00:31:16,2
88609,Smartphone Apple iPhone 14 256Go Noir Midnight,SIA Solution,1276.35,2025-01-16 01:29:12,678f5216-19f7-4a95-bd97-acfd7267e20e,2,0.0,0.0,169.0,0,0,0,0,0,0,0,1,0,0 days 00:31:17,2
88701,Smartphone Apple iPhone 14 256Go Noir Midnight,SIA Solution,1276.35,2025-01-16 02:00:29,678f5216-19f7-4a95-bd97-acfd7267e20e,2,0.0,0.0,169.0,0,0,0,0,0,0,0,1,0,0 days 00:31:17,2
88793,Smartphone Apple iPhone 14 256Go Noir Midnight,SIA Solution,1276.35,2025-01-16 02:31:46,678f5216-19f7-4a95-bd97-acfd7267e20e,2,0.0,0.0,169.0,0,0,0,0,0,0,0,1,0,0 days 00:31:17,2
88885,Smartphone Apple iPhone 14 256Go Noir Midnight,SIA Solution,1276.35,2025-01-16 03:03:05,678f5216-19f7-4a95-bd97-acfd7267e20e,2,0.0,0.0,169.0,0,0,0,0,0,0,0,1,0,0 days 00:31:19,2
88977,Smartphone Apple iPhone 14 256Go Noir Midnight,SIA Solution,1276.35,2025-01-16 03:34:22,678f5216-19f7-4a95-bd97-acfd7267e20e,2,0.0,0.0,169.0,0,0,0,0,0,0,0,1,0,0 days 00:31:17,2
89069,Smartphone Apple iPhone 14 256Go Noir Midnight,SIA Solution,1276.35,2025-01-16 04:05:39,678f5216-19f7-4a95-bd97-acfd7267e20e,2,0.0,0.0,169.0,0,0,0,0,0,0,0,1,0,0 days 00:31:17,2
89161,Smartphone Apple iPhone 14 256Go Noir Midnight,SIA Solution,1276.35,2025-01-16 04:36:57,678f5216-19f7-4a95-bd97-acfd7267e20e,2,0.0,0.0,169.0,0,0,0,0,0,0,0,1,0,0 days 00:31:18,2
89253,Smartphone Apple iPhone 14 256Go Noir Midnight,SIA Solution,1276.35,2025-01-16 05:08:14,678f5216-19f7-4a95-bd97-acfd7267e20e,2,0.0,0.0,169.0,0,0,0,0,0,0,0,1,0,0 days 00:31:17,2
89345,Smartphone Apple iPhone 14 256Go Noir Midnight,SIA Solution,1276.35,2025-01-16 05:39:29,678f5216-19f7-4a95-bd97-acfd7267e20e,2,0.0,0.0,169.0,0,0,0,0,0,0,0,1,0,0 days 00:31:15,2
89437,Smartphone Apple iPhone 14 256Go Noir Midnight,SIA Solution,1276.35,2025-01-16 06:10:50,678f5216-19f7-4a95-bd97-acfd7267e20e,2,0.0,0.0,169.0,0,0,0,0,0,0,0,1,0,0 days 00:31:21,2
89529,Smartphone Apple iPhone 14 256Go Noir Midnight,SIA Solution,1276.35,2025-01-16 06:42:09,678f5216-19f7-4a95-bd97-acfd7267e20e,2,0.0,0.0,169.0,0,0,0,0,0,0,0,1,0,0 days 00:31:19,2
89620,Smartphone Apple iPhone 14 256Go Noir Midnight,SIA Solution,1276.35,2025-01-16 07:13:27,678f5216-19f7-4a95-bd97-acfd7267e20e,2,0.0,0.0,169.0,0,0,0,0,0,0,0,1,0,0 days 00:31:18,2
89712,Smartphone Apple iPhone 14 256Go Noir Midnight,SIA Solution,1276.35,2025-01-16 07:44:44,678f5216-19f7-4a95-bd97-acfd7267e20e,2,0.0,0.0,169.0,0,0,0,0,0,0,0,1,0,0 days 00:31:17,2
89804,Smartphone Apple iPhone 14 256Go Noir Midnight,SIA Solution,1276.35,2025-01-16 08:16:03,678f5216-19f7-4a95-bd97-acfd7267e20e,2,0.0,0.0,169.0,0,0,0,0,0,0,0,1,0,0 days 00:31:19,2
89896,Smartphone Apple iPhone 14 256Go Noir Midnight,SIA Solution,1276.35,2025-01-16 08:47:20,678f5216-19f7-4a95-bd97-acfd7267e20e,2,0.0,0.0,169.0,0,0,0,0,0,0,0,1,0,0 days 00:31:17,2
89988,Smartphone Apple iPhone 14 256Go Noir Midnight,SIA Solution,1276.35,2025-01-16 09:18:37,678f5216-19f7-4a95-bd97-acfd7267e20e,2,0.0,0.0,169.0,0,0,0,0,0,0,0,1,0,0 days 00:31:17,2
90081,Smartphone Apple iPhone 14 256Go Noir Midnight,SIA Solution,1276.35,2025-01-16 09:49:56,678f5216-19f7-4a95-bd97-acfd7267e20e,2,0.0,0.0,169.0,0,0,0,0,0,0,0,1,0,0 days 00:31:19,2
90174,Smartphone Apple iPhone 14 256Go Noir Midnight,SIA Solution,1276.35,2025-01-16 10:21:15,678f5216-19f7-4a95-bd97-acfd7267e20e,2,0.0,0.0,169.0,0,0,0,0,0,0,0,1,0,0 days 00:31:19,2
90267,Smartphone Apple iPhone 14 256Go Noir Midnight,SIA Solution,1276.35,2025-01-16 10:52:32,678f5216-19f7-4a95-bd97-acfd7267e20e,2,0.0,0.0,169.0,0,0,0,0,0,0,0,1,0,0 days 00:31:17,2
90359,Smartphone Apple iPhone 14 256Go Noir Midnight,SIA Solution,1276.35,2025-01-16 11:23:50,678f5216-19f7-4a95-bd97-acfd7267e20e,2,0.0,0.0,169.0,0,0,0,0,0,0,0,1,0,0 days 00:31:18,2
90451,Smartphone Apple iPhone 14 256Go Noir Midnight,SIA Solution,1276.35,2025-01-16 11:55:08,678f5216-19f7-4a95-bd97-acfd7267e20e,2,0.0,0.0,169.0,0,0,0,0,0,0,0,1,0,0 days 00:31:18,2
90543,Smartphone Apple iPhone 14 256Go Noir Midnight,SIA Solution,1276.35,2025-01-16 12:26:26,678f5216-19f7-4a95-bd97-acfd7267e20e,2,0.0,0.0,169.0,0,0,0,0,0,0,0,1,0,0 days 00:31:18,2
90635,Smartphone Apple iPhone 14 256Go Noir Midnight,SIA Solution,1276.35,2025-01-16 12:57:44,678f5216-19f7-4a95-bd97-acfd7267e20e,2,0.0,0.0,169.0,0,0,0,0,0,0,0,1,0,0 days 00:31:18,2
90727,Smartphone Apple iPhone 14 256Go Noir Midnight,SIA Solution,1276.35,2025-01-16 13:29:03,678f5216-19f7-4a95-bd97-acfd7267e20e,2,0.0,0.0,169.0,0,0,0,0,0,0,0,1,0,0 days 00:31:19,2
90820,Smartphone Apple iPhone 14 256Go Noir Midnight,SIA Solution,1276.35,2025-01-16 14:00:22,678f5216-19f7-4a95-bd97-acfd7267e20e,4,0.0,0.0,169.0,0,0,0,0,0,0,0,1,0,0 days 00:31:19,2
90913,Smartphone Apple iPhone 14 256Go Noir Midnight,SIA Solution,1276.35,2025-01-16 14:31:40,678f5216-19f7-4a95-bd97-acfd7267e20e,4,0.0,0.0,169.0,0,0,0,0,0,0,0,1,0,0 days 00:31:18,2
91006,Smartphone Apple iPhone 14 256Go Noir Midnight,SIA Solution,1276.35,2025-01-16 15:02:59,678f5216-19f7-4a95-bd97-acfd7267e20e,4,0.0,0.0,169.0,0,0,0,0,0,0,0,1,0,0 days 00:31:19,2
91099,Smartphone Apple iPhone 14 256Go Noir Midnight,SIA Solution,1276.35,2025-01-16 15:34:17,678f5216-19f7-4a95-bd97-acfd7267e20e,4,0.0,0.0,169.0,0,0,0,0,0,0,0,1,0,0 days 00:31:18,2
91192,Smartphone Apple iPhone 14 256Go Noir Midnight,SIA Solution,1276.35,2025-01-16 16:05:35,678f5216-19f7-4a95-bd97-acfd7267e20e,4,0.0,0.0,169.0,0,0,0,0,0,0,0,1,0,0 days 00:31:18,2
91285,Smartphone Apple iPhone 14 256Go Noir Midnight,SIA Solution,1276.35,2025-01-16 16:36:54,678f5216-19f7-4a95-bd97-acfd7267e20e,4,0.0,0.0,169.0,0,0,0,0,0,0,0,1,0,0 days 00:31:19,2
91378,Smartphone Apple iPhone 14 256Go Noir Midnight,SIA Solution,1276.35,2025-01-16 17:08:11,678f5216-19f7-4a95-bd97-acfd7267e20e,4,0.0,0.0,169.0,0,0,0,0,0,0,0,1,0,0 days 00:31:17,2
91472,Smartphone Apple iPhone 14 256Go Noir Midnight,SIA Solution,1276.35,2025-01-16 17:39:30,678f5216-19f7-4a95-bd97-acfd7267e20e,4,0.0,0.0,169.0,0,0,0,0,0,0,0,1,0,0 days 00:31:19,2
91565,Smartphone Apple iPhone 14 256Go Noir Midnight,SIA Solution,1276.35,2025-01-16 18:10:49,678f5216-19f7-4a95-bd97-acfd7267e20e,4,0.0,0.0,169.0,0,0,0,0,0,0,0,1,0,0 days 00:31:19,2
91658,Smartphone Apple iPhone 14 256Go Noir Midnight,SIA Solution,1276.35,2025-01-16 18:42:07,678f5216-19f7-4a95-bd97-acfd7267e20e,4,0.0,0.0,169.0,0,0,0,0,0,0,0,1,0,0 days 00:31:18,2
91751,Smartphone Apple iPhone 14 256Go Noir Midnight,SIA Solution,1276.35,2025-01-16 19:13:25,678f5216-19f7-4a95-bd97-acfd7267e20e,4,0.0,0.0,169.0,0,0,0,0,0,0,0,1,0,0 days 00:31:18,2
91844,Smartphone Apple iPhone 14 256Go Noir Midnight,SIA Solution,1276.35,2025-01-16 19:44:41,678f5216-19f7-4a95-bd97-acfd7267e20e,4,0.0,0.0,169.0,0,0,0,0,0,0,0,1,0,0 days 00:31:16,2
91937,Smartphone Apple iPhone 14 256Go Noir Midnight,SIA Solution,1276.35,2025-01-16 20:16:00,678f5216-19f7-4a95-bd97-acfd7267e20e,4,0.0,0.0,169.0,0,0,0,0,0,0,0,1,0,0 days 00:31:19,2
92030,Smartphone Apple iPhone 14 256Go Noir Midnight,SIA Solution,1276.35,2025-01-16 20:47:19,678f5216-19f7-4a95-bd97-acfd7267e20e,4,0.0,0.0,169.0,0,0,0,0,0,0,0,1,0,0 days 00:31:19,2
92123,Smartphone Apple iPhone 14 256Go Noir Midnight,SIA Solution,1276.35,2025-01-16 21:18:35,678f5216-19f7-4a95-bd97-acfd7267e20e,4,0.0,0.0,169.0,0,0,0,0,0,0,0,1,0,0 days 00:31:16,2
92216,Smartphone Apple iPhone 14 256Go Noir Midnight,SIA Solution,1276.35,2025-01-16 21:49:53,678f5216-19f7-4a95-bd97-acfd7267e20e,4,0.0,0.0,169.0,0,0,0,0,0,0,0,1,0,0 days 00:31:18,2
92309,Smartphone Apple iPhone 14 256Go Noir Midnight,SIA Solution,1276.35,2025-01-16 22:21:12,678f5216-19f7-4a95-bd97-acfd7267e20e,4,0.0,0.0,169.0,0,0,0,0,0,0,0,1,0,0 days 00:31:19,2
92403,Smartphone Apple iPhone 14 256Go Noir Midnight,SIA Solution,1276.35,2025-01-16 22:52:28,678f5216-19f7-4a95-bd97-acfd7267e20e,4,0.0,0.0,169.0,0,0,0,0,0,0,0,1,0,0 days 00:31:16,2
92497,Smartphone Apple iPhone 14 256Go Noir Midnight,SIA Solution,1276.35,2025-01-16 23:23:45,678f5216-19f7-4a95-bd97-acfd7267e20e,2,0.0,0.0,169.0,0,0,0,0,0,0,0,1,0,0 days 00:31:17,2
92591,Smartphone Apple iPhone 14 256Go Noir Midnight,SIA Solution,1276.35,2025-01-16 23:55:02,678f5216-19f7-4a95-bd97-acfd7267e20e,2,0.0,0.0,169.0,0,0,0,0,0,0,0,1,0,0 days 00:31:17,2
92685,Smartphone Apple iPhone 14 256Go Noir Midnight,SIA Solution,1276.35,2025-01-17 00:26:21,678f5216-19f7-4a95-bd97-acfd7267e20e,3,0.0,0.0,170.0,0,0,0,0,0,0,0,1,0,0 days 00:31:19,2
92779,Smartphone Apple iPhone 14 256Go Noir Midnight,SIA Solution,1276.35,2025-01-17 00:57:38,678f5216-19f7-4a95-bd97-acfd7267e20e,3,0.0,0.0,170.0,0,0,0,0,0,0,0,1,0,0 days 00:31:17,2
92873,Smartphone Apple iPhone 14 256Go Noir Midnight,SIA Solution,1276.35,2025-01-17 01:28:56,678f5216-19f7-4a95-bd97-acfd7267e20e,3,0.0,0.0,170.0,0,0,0,0,0,0,0,1,0,0 days 00:31:18,2
92967,Smartphone Apple iPhone 14 256Go Noir Midnight,SIA Solution,1276.35,2025-01-17 02:00:18,678f5216-19f7-4a95-bd97-acfd7267e20e,3,0.0,0.0,170.0,0,0,0,0,0,0,0,1,0,0 days 00:31:22,2
93061,Smartphone Apple iPhone 14 256Go Noir Midnight,SIA Solution,1276.35,2025-01-17 02:31:35,678f5216-19f7-4a95-bd97-acfd7267e20e,3,0.0,0.0,170.0,0,0,0,0,0,0,0,1,0,0 days 00:31:17,2
93155,Smartphone Apple iPhone 14 256Go Noir Midnight,SIA Solution,1276.35,2025-01-17 03:02:53,678f5216-19f7-4a95-bd97-acfd7267e20e,3,0.0,0.0,170.0,0,0,0,0,0,0,0,1,0,0 days 00:31:18,2
93249,Smartphone Apple iPhone 14 256Go Noir Midnight,SIA Solution,1276.35,2025-01-17 03:34:10,678f5216-19f7-4a95-bd97-acfd7267e20e,3,0.0,0.0,170.0,0,0,0,0,0,0,0,1,0,0 days 00:31:17,2
93343,Smartphone Apple iPhone 14 256Go Noir Midnight,SIA Solution,1276.35,2025-01-17 04:05:29,678f5216-19f7-4a95-bd97-acfd7267e20e,3,0.0,0.0,170.0,0,0,0,0,0,0,0,1,0,0 days 00:31:19,2
93437,Smartphone Apple iPhone 14 256Go Noir Midnight,SIA Solution,1276.35,2025-01-17 04:36:48,678f5216-19f7-4a95-bd97-acfd7267e20e,3,0.0,0.0,170.0,0,0,0,0,0,0,0,1,0,0 days 00:31:19,2
93531,Smartphone Apple iPhone 14 256Go Noir Midnight,SIA Solution,1276.35,2025-01-17 05:08:06,678f5216-19f7-4a95-bd97-acfd7267e20e,3,0.0,0.0,170.0,0,0,0,0,0,0,0,1,0,0 days 00:31:18,2
93625,Smartphone Apple iPhone 14 256Go Noir Midnight,SIA Solution,1276.35,2025-01-17 05:39:23,678f5216-19f7-4a95-bd97-acfd7267e20e,3,0.0,0.0,170.0,0,0,0,0,0,0,0,1,0,0 days 00:31:17,2
93719,Smartphone Apple iPhone 14 256Go Noir Midnight,SIA Solution,1276.35,2025-01-17 06:10:41,678f5216-19f7-4a95-bd97-acfd7267e20e,3,0.0,0.0,170.0,0,0,0,0,0,0,0,1,0,0 days 00:31:18,2
93813,Smartphone Apple iPhone 14 256Go Noir Midnight,SIA Solution,1276.35,2025-01-17 06:41:58,678f5216-19f7-4a95-bd97-acfd7267e20e,3,0.0,0.0,170.0,0,0,0,0,0,0,0,1,0,0 days 00:31:17,2
93908,Smartphone Apple iPhone 14 256Go Noir Midnight,SIA Solution,1276.35,2025-01-17 07:13:16,678f5216-19f7-4a95-bd97-acfd7267e20e,3,0.0,0.0,170.0,0,0,0,0,0,0,0,1,0,0 days 00:31:18,2
94003,Smartphone Apple iPhone 14 256Go Noir Midnight,SIA Solution,1276.35,2025-01-17 07:44:34,678f5216-19f7-4a95-bd97-acfd7267e20e,3,0.0,0.0,170.0,0,0,0,0,0,0,0,1,0,0 days 00:31:18,2
94098,Smartphone Apple iPhone 14 256Go Noir Midnight,SIA Solution,1276.35,2025-01-17 08:15:55,678f5216-19f7-4a95-bd97-acfd7267e20e,3,0.0,0.0,170.0,0,0,0,0,0,0,0,1,0,0 days 00:31:21,2
94193,Smartphone Apple iPhone 14 256Go Noir Midnight,SIA Solution,1276.35,2025-01-17 08:47:15,678f5216-19f7-4a95-bd97-acfd7267e20e,3,0.0,0.0,170.0,0,0,0,0,0,0,0,1,0,0 days 00:31:20,2
94288,Smartphone Apple iPhone 14 256Go Noir Midnight,SIA Solution,1276.35,2025-01-17 09:18:34,678f5216-19f7-4a95-bd97-acfd7267e20e,3,0.0,0.0,170.0,0,0,0,0,0,0,0,1,0,0 days 00:31:19,2
94382,Smartphone Apple iPhone 14 256Go Noir Midnight,SIA Solution,1276.35,2025-01-17 09:49:53,678f5216-19f7-4a95-bd97-acfd7267e20e,3,0.0,0.0,170.0,0,0,0,0,0,0,0,1,0,0 days 00:31:19,2
94476,Smartphone Apple iPhone 14 256Go Noir Midnight,SIA Solution,1276.35,2025-01-17 10:21:11,678f5216-19f7-4a95-bd97-acfd7267e20e,3,0.0,0.0,170.0,0,0,0,0,0,0,0,1,0,0 days 00:31:18,2
94570,Smartphone Apple iPhone 14 256Go Noir Midnight,SIA Solution,1276.35,2025-01-17 10:52:31,678f5216-19f7-4a95-bd97-acfd7267e20e,3,0.0,0.0,170.0,0,0,0,0,0,0,0,1,0,0 days 00:31:20,2
94664,Smartphone Apple iPhone 14 256Go Noir Midnight,SIA Solution,1276.35,2025-01-17 11:23:49,678f5216-19f7-4a95-bd97-acfd7267e20e,3,0.0,0.0,170.0,0,0,0,0,0,0,0,1,0,0 days 00:31:18,2
94758,Smartphone Apple iPhone 14 256Go Noir Midnight,SIA Solution,1276.35,2025-01-17 11:55:12,678f5216-19f7-4a95-bd97-acfd7267e20e,3,0.0,0.0,170.0,0,0,0,0,0,0,0,1,0,0 days 00:31:23,2
94852,Smartphone Apple iPhone 14 256Go Noir Midnight,SIA Solution,1276.35,2025-01-17 12:26:31,678f5216-19f7-4a95-bd97-acfd7267e20e,3,0.0,0.0,170.0,0,0,0,0,0,0,0,1,0,0 days 00:31:19,2
94946,Smartphone Apple iPhone 14 256Go Noir Midnight,SIA Solution,1276.35,2025-01-17 12:57:50,678f5216-19f7-4a95-bd97-acfd7267e20e,3,0.0,0.0,170.0,0,0,0,0,0,0,0,1,0,0 days 00:31:19,2
95040,Smartphone Apple iPhone 14 256Go Noir Midnight,SIA Solution,1276.35,2025-01-17 13:29:12,678f5216-19f7-4a95-bd97-acfd7267e20e,3,0.0,0.0,170.0,0,0,0,0,0,0,0,1,0,0 days 00:31:22,2
95135,Smartphone Apple iPhone 14 256Go Noir Midnight,SIA Solution,1276.35,2025-01-17 14:00:32,678f5216-19f7-4a95-bd97-acfd7267e20e,4,0.0,0.0,170.0,0,0,0,0,0,0,0,1,0,0 days 00:31:20,2
95230,Smartphone Apple iPhone 14 256Go Noir Midnight,SIA Solution,1276.35,2025-01-17 14:31:54,678f5216-19f7-4a95-bd97-acfd7267e20e,4,0.0,0.0,170.0,0,0,0,0,0,0,0,1,0,0 days 00:31:22,2
95324,Smartphone Apple iPhone 14 256Go Noir Midnight,SIA Solution,1276.35,2025-01-17 15:03:13,678f5216-19f7-4a95-bd97-acfd7267e20e,4,0.0,0.0,170.0,0,0,0,0,0,0,0,1,0,0 days 00:31:19,2
200666,Smartphone Apple iPhone 15 256GB noir,MercatoXL,1238.4,2025-02-10 20:34:23,6967eb06-56ca-4fa7-8e28-b47fa9144b1f,3,3.0,38.0,955.0,0,0,0,0,0,0,1,0,0,2 days 12:34:11,2
200760,Smartphone Apple iPhone 15 256GB noir,MercatoXL,1238.4,2025-02-10 21:05:45,6967eb06-56ca-4fa7-8e28-b47fa9144b1f,3,3.0,38.0,955.0,0,0,0,0,0,0,1,0,0,0 days 00:31:22,2
200857,Smartphone Apple iPhone 15 256GB noir,MercatoXL,1238.4,2025-02-10 21:37:03,6967eb06-56ca-4fa7-8e28-b47fa9144b1f,3,3.0,38.0,955.0,0,0,0,0,0,0,1,0,0,0 days 00:31:18,2
200955,Smartphone Apple iPhone 15 256GB noir,MercatoXL,1238.4,2025-02-10 22:08:22,6967eb06-56ca-4fa7-8e28-b47fa9144b1f,3,3.0,38.0,955.0,0,0,0,0,0,0,1,0,0,0 days 00:31:19,2
201053,Smartphone Apple iPhone 15 256GB noir,MercatoXL,1238.4,2025-02-10 22:39:42,6967eb06-56ca-4fa7-8e28-b47fa9144b1f,3,3.0,38.0,955.0,0,0,0,0,0,0,1,0,0,0 days 00:31:20,2
201151,Smartphone Apple iPhone 15 256GB noir,MercatoXL,1238.4,2025-02-10 23:11:04,6967eb06-56ca-4fa7-8e28-b47fa9144b1f,2,3.0,38.0,955.0,0,0,0,0,0,0,1,0,0,0 days 00:31:22,2
201249,Smartphone Apple iPhone 15 256GB noir,MercatoXL,1238.4,2025-02-10 23:42:23,6967eb06-56ca-4fa7-8e28-b47fa9144b1f,2,3.0,38.0,955.0,0,0,0,0,0,0,1,0,0,0 days 00:31:19,2
201347,Smartphone Apple iPhone 15 256GB noir,MercatoXL,1238.4,2025-02-11 00:13:42,6967eb06-56ca-4fa7-8e28-b47fa9144b1f,2,3.0,38.0,956.0,0,0,0,0,0,0,1,0,0,0 days 00:31:19,2
201445,Smartphone Apple iPhone 15 256GB noir,MercatoXL,1238.4,2025-02-11 00:45:00,6967eb06-56ca-4fa7-8e28-b47fa9144b1f,2,3.0,38.0,956.0,0,0,0,0,0,0,1,0,0,0 days 00:31:18,2
201543,Smartphone Apple iPhone 15 256GB noir,MercatoXL,1238.4,2025-02-11 01:16:17,6967eb06-56ca-4fa7-8e28-b47fa9144b1f,2,3.0,38.0,956.0,0,0,0,0,0,0,1,0,0,0 days 00:31:17,2
201641,Smartphone Apple iPhone 15 256GB noir,MercatoXL,1238.4,2025-02-11 01:47:34,6967eb06-56ca-4fa7-8e28-b47fa9144b1f,2,3.0,38.0,956.0,0,0,0,0,0,0,1,0,0,0 days 00:31:17,2
201739,Smartphone Apple iPhone 15 256GB noir,MercatoXL,1238.4,2025-02-11 02:18:50,6967eb06-56ca-4fa7-8e28-b47fa9144b1f,2,3.0,38.0,956.0,0,0,0,0,0,0,1,0,0,0 days 00:31:16,2
201837,Smartphone Apple iPhone 15 256GB noir,MercatoXL,1238.4,2025-02-11 02:50:10,6967eb06-56ca-4fa7-8e28-b47fa9144b1f,2,3.0,38.0,956.0,0,0,0,0,0,0,1,0,0,0 days 00:31:20,2
201936,Smartphone Apple iPhone 15 256GB noir,MercatoXL,1238.4,2025-02-11 03:21:27,6967eb06-56ca-4fa7-8e28-b47fa9144b1f,2,3.0,38.0,956.0,0,0,0,0,0,0,1,0,0,0 days 00:31:17,2
202035,Smartphone Apple iPhone 15 256GB noir,MercatoXL,1238.4,2025-02-11 03:52:44,6967eb06-56ca-4fa7-8e28-b47fa9144b1f,2,3.0,38.0,956.0,0,0,0,0,0,0,1,0,0,0 days 00:31:17,2
202134,Smartphone Apple iPhone 15 256GB noir,MercatoXL,1238.4,2025-02-11 04:24:03,6967eb06-56ca-4fa7-8e28-b47fa9144b1f,2,3.0,38.0,956.0,0,0,0,0,0,0,1,0,0,0 days 00:31:19,2
202233,Smartphone Apple iPhone 15 256GB noir,MercatoXL,1238.4,2025-02-11 04:55:23,6967eb06-56ca-4fa7-8e28-b47fa9144b1f,2,3.0,38.0,956.0,0,0,0,0,0,0,1,0,0,0 days 00:31:20,2
202332,Smartphone Apple iPhone 15 256GB noir,MercatoXL,1238.4,2025-02-11 05:26:40,6967eb06-56ca-4fa7-8e28-b47fa9144b1f,2,3.0,38.0,956.0,0,0,0,0,0,0,1,0,0,0 days 00:31:17,2
202430,Smartphone Apple iPhone 15 256GB noir,MercatoXL,1238.4,2025-02-11 05:57:58,6967eb06-56ca-4fa7-8e28-b47fa9144b1f,2,3.0,38.0,956.0,0,0,0,0,0,0,1,0,0,0 days 00:31:18,2
202528,Smartphone Apple iPhone 15 256GB noir,MercatoXL,1238.4,2025-02-11 06:29:17,6967eb06-56ca-4fa7-8e28-b47fa9144b1f,2,3.0,38.0,956.0,0,0,0,0,0,0,1,0,0,0 days 00:31:19,2
202626,Smartphone Apple iPhone 15 256GB noir,MercatoXL,1238.4,2025-02-11 07:00:38,6967eb06-56ca-4fa7-8e28-b47fa9144b1f,2,3.0,38.0,956.0,0,0,0,0,0,0,1,0,0,0 days 00:31:21,2
202724,Smartphone Apple iPhone 15 256GB noir,MercatoXL,1238.4,2025-02-11 07:31:56,6967eb06-56ca-4fa7-8e28-b47fa9144b1f,2,3.0,38.0,956.0,0,0,0,0,0,0,1,0,0,0 days 00:31:18,2
202822,Smartphone Apple iPhone 15 256GB noir,MercatoXL,1238.4,2025-02-11 08:03:15,6967eb06-56ca-4fa7-8e28-b47fa9144b1f,2,3.0,38.0,956.0,0,0,0,0,0,0,1,0,0,0 days 00:31:19,2
202920,Smartphone Apple iPhone 15 256GB noir,MercatoXL,1238.4,2025-02-11 08:34:34,6967eb06-56ca-4fa7-8e28-b47fa9144b1f,2,3.0,38.0,956.0,0,0,0,0,0,0,1,0,0,0 days 00:31:19,2
203018,Smartphone Apple iPhone 15 256GB noir,MercatoXL,1238.4,2025-02-11 09:05:56,6967eb06-56ca-4fa7-8e28-b47fa9144b1f,2,3.0,38.0,956.0,0,0,0,0,0,0,1,0,0,0 days 00:31:22,2
203116,Smartphone Apple iPhone 15 256GB noir,MercatoXL,1238.4,2025-02-11 10:39:44,6967eb06-56ca-4fa7-8e28-b47fa9144b1f,2,3.0,38.0,956.0,0,0,0,0,0,0,1,0,0,0 days 01:33:48,2
203214,Smartphone Apple iPhone 15 256GB noir,MercatoXL,1238.4,2025-02-11 11:11:06,6967eb06-56ca-4fa7-8e28-b47fa9144b1f,2,3.0,38.0,956.0,0,0,0,0,0,0,1,0,0,0 days 00:31:22,2
203312,Smartphone Apple iPhone 15 256GB noir,MercatoXL,1238.4,2025-02-11 11:42:26,6967eb06-56ca-4fa7-8e28-b47fa9144b1f,2,3.0,38.0,956.0,0,0,0,0,0,0,1,0,0,0 days 00:31:20,2
203410,Smartphone Apple iPhone 15 256GB noir,MercatoXL,1238.4,2025-02-11 12:13:46,6967eb06-56ca-4fa7-8e28-b47fa9144b1f,2,3.0,38.0,956.0,0,0,0,0,0,0,1,0,0,0 days 00:31:20,2
203508,Smartphone Apple iPhone 15 256GB noir,MercatoXL,1238.4,2025-02-11 12:45:07,6967eb06-56ca-4fa7-8e28-b47fa9144b1f,2,3.0,38.0,956.0,0,0,0,0,0,0,1,0,0,0 days 00:31:21,2
178209,"Apple iPhone 16 Plus 17 cm (6.7"") Double SIM iOS 18 5G USB Type-C 128 Go Noir",SIA Solution,1330.35,2025-02-05 16:48:54,6cd215d2-f4ff-4b5d-ad10-ee105361ffe9,3,0.0,0.0,189.0,0,0,0,0,0,0,0,1,0,1 days 15:11:48,1
178305,"Apple iPhone 16 Plus 17 cm (6.7"") Double SIM iOS 18 5G USB Type-C 128 Go Noir",SIA Solution,1330.35,2025-02-05 17:20:20,6cd215d2-f4ff-4b5d-ad10-ee105361ffe9,3,0.0,0.0,189.0,0,0,0,0,0,0,0,1,0,0 days 00:31:26,1
178401,"Apple iPhone 16 Plus 17 cm (6.7"") Double SIM iOS 18 5G USB Type-C 128 Go Noir",SIA Solution,1330.35,2025-02-05 17:51:46,6cd215d2-f4ff-4b5d-ad10-ee105361ffe9,3,0.0,0.0,189.0,0,0,0,0,0,0,0,1,0,0 days 00:31:26,1
178497,"Apple iPhone 16 Plus 17 cm (6.7"") Double SIM iOS 18 5G USB Type-C 128 Go Noir",SIA Solution,1330.35,2025-02-05 18:23:06,6cd215d2-f4ff-4b5d-ad10-ee105361ffe9,3,0.0,0.0,189.0,0,0,0,0,0,0,0,1,0,0 days 00:31:20,1
178593,"Apple iPhone 16 Plus 17 cm (6.7"") Double SIM iOS 18 5G USB Type-C 128 Go Noir",SIA Solution,1330.35,2025-02-05 18:54:25,6cd215d2-f4ff-4b5d-ad10-ee105361ffe9,3,0.0,0.0,189.0,0,0,0,0,0,0,0,1,0,0 days 00:31:19,1
178689,"Apple iPhone 16 Plus 17 cm (6.7"") Double SIM iOS 18 5G USB Type-C 128 Go Noir",SIA Solution,1330.35,2025-02-05 19:25:46,6cd215d2-f4ff-4b5d-ad10-ee105361ffe9,3,0.0,0.0,189.0,0,0,0,0,0,0,0,1,0,0 days 00:31:21,1
178785,"Apple iPhone 16 Plus 17 cm (6.7"") Double SIM iOS 18 5G USB Type-C 128 Go Noir",SIA Solution,1330.35,2025-02-05 19:57:04,6cd215d2-f4ff-4b5d-ad10-ee105361ffe9,3,0.0,0.0,189.0,0,0,0,0,0,0,0,1,0,0 days 00:31:18,1
178881,"Apple iPhone 16 Plus 17 cm (6.7"") Double SIM iOS 18 5G USB Type-C 128 Go Noir",SIA Solution,1330.35,2025-02-05 20:28:22,6cd215d2-f4ff-4b5d-ad10-ee105361ffe9,3,0.0,0.0,189.0,0,0,0,0,0,0,0,1,0,0 days 00:31:18,1
178975,"Apple iPhone 16 Plus 17 cm (6.7"") Double SIM iOS 18 5G USB Type-C 128 Go Noir",SIA Solution,1330.35,2025-02-05 20:59:41,6cd215d2-f4ff-4b5d-ad10-ee105361ffe9,3,0.0,0.0,189.0,0,0,0,0,0,0,0,1,0,0 days 00:31:19,1
179807,"Apple iPhone 16 Plus 17 cm (6.7"") Double SIM iOS 18 5G USB Type-C 128 Go Noir",SIA Solution,1330.35,2025-02-06 01:41:34,6cd215d2-f4ff-4b5d-ad10-ee105361ffe9,2,0.0,0.0,190.0,0,0,0,0,0,0,0,1,0,0 days 04:41:53,1
179904,"Apple iPhone 16 Plus 17 cm (6.7"") Double SIM iOS 18 5G USB Type-C 128 Go Noir",SIA Solution,1330.35,2025-02-06 02:12:51,6cd215d2-f4ff-4b5d-ad10-ee105361ffe9,2,0.0,0.0,190.0,0,0,0,0,0,0,0,1,0,0 days 00:31:17,1
180001,"Apple iPhone 16 Plus 17 cm (6.7"") Double SIM iOS 18 5G USB Type-C 128 Go Noir",SIA Solution,1330.35,2025-02-06 02:44:08,6cd215d2-f4ff-4b5d-ad10-ee105361ffe9,2,0.0,0.0,190.0,0,0,0,0,0,0,0,1,0,0 days 00:31:17,1
180098,"Apple iPhone 16 Plus 17 cm (6.7"") Double SIM iOS 18 5G USB Type-C 128 Go Noir",SIA Solution,1330.35,2025-02-06 03:15:26,6cd215d2-f4ff-4b5d-ad10-ee105361ffe9,2,0.0,0.0,190.0,0,0,0,0,0,0,0,1,0,0 days 00:31:18,1
180195,"Apple iPhone 16 Plus 17 cm (6.7"") Double SIM iOS 18 5G USB Type-C 128 Go Noir",SIA Solution,1330.35,2025-02-06 03:46:43,6cd215d2-f4ff-4b5d-ad10-ee105361ffe9,2,0.0,0.0,190.0,0,0,0,0,0,0,0,1,0,0 days 00:31:17,1
180292,"Apple iPhone 16 Plus 17 cm (6.7"") Double SIM iOS 18 5G USB Type-C 128 Go Noir",SIA Solution,1330.35,2025-02-06 04:18:00,6cd215d2-f4ff-4b5d-ad10-ee105361ffe9,2,0.0,0.0,190.0,0,0,0,0,0,0,0,1,0,0 days 00:31:17,1
180389,"Apple iPhone 16 Plus 17 cm (6.7"") Double SIM iOS 18 5G USB Type-C 128 Go Noir",SIA Solution,1330.35,2025-02-06 04:49:20,6cd215d2-f4ff-4b5d-ad10-ee105361ffe9,2,0.0,0.0,190.0,0,0,0,0,0,0,0,1,0,0 days 00:31:20,1
180486,"Apple iPhone 16 Plus 17 cm (6.7"") Double SIM iOS 18 5G USB Type-C 128 Go Noir",SIA Solution,1330.35,2025-02-06 05:20:38,6cd215d2-f4ff-4b5d-ad10-ee105361ffe9,2,0.0,0.0,190.0,0,0,0,0,0,0,0,1,0,0 days 00:31:18,1
180583,"Apple iPhone 16 Plus 17 cm (6.7"") Double SIM iOS 18 5G USB Type-C 128 Go Noir",SIA Solution,1330.35,2025-02-06 05:51:55,6cd215d2-f4ff-4b5d-ad10-ee105361ffe9,2,0.0,0.0,190.0,0,0,0,0,0,0,0,1,0,0 days 00:31:17,1
180680,"Apple iPhone 16 Plus 17 cm (6.7"") Double SIM iOS 18 5G USB Type-C 128 Go Noir",SIA Solution,1330.35,2025-02-06 06:23:13,6cd215d2-f4ff-4b5d-ad10-ee105361ffe9,2,0.0,0.0,190.0,0,0,0,0,0,0,0,1,0,0 days 00:31:18,1
180777,"Apple iPhone 16 Plus 17 cm (6.7"") Double SIM iOS 18 5G USB Type-C 128 Go Noir",SIA Solution,1330.35,2025-02-06 06:54:34,6cd215d2-f4ff-4b5d-ad10-ee105361ffe9,2,0.0,0.0,190.0,0,0,0,0,0,0,0,1,0,0 days 00:31:21,1
180874,"Apple iPhone 16 Plus 17 cm (6.7"") Double SIM iOS 18 5G USB Type-C 128 Go Noir",SIA Solution,1330.35,2025-02-06 07:25:54,6cd215d2-f4ff-4b5d-ad10-ee105361ffe9,2,0.0,0.0,190.0,0,0,0,0,0,0,0,1,0,0 days 00:31:20,1
180971,"Apple iPhone 16 Plus 17 cm (6.7"") Double SIM iOS 18 5G USB Type-C 128 Go Noir",SIA Solution,1330.35,2025-02-06 07:57:13,6cd215d2-f4ff-4b5d-ad10-ee105361ffe9,2,0.0,0.0,190.0,0,0,0,0,0,0,0,1,0,0 days 00:31:19,1
181068,"Apple iPhone 16 Plus 17 cm (6.7"") Double SIM iOS 18 5G USB Type-C 128 Go Noir",SIA Solution,1330.35,2025-02-06 08:28:34,6cd215d2-f4ff-4b5d-ad10-ee105361ffe9,2,0.0,0.0,190.0,0,0,0,0,0,0,0,1,0,0 days 00:31:21,1
181165,"Apple iPhone 16 Plus 17 cm (6.7"") Double SIM iOS 18 5G USB Type-C 128 Go Noir",SIA Solution,1330.35,2025-02-06 08:59:55,6cd215d2-f4ff-4b5d-ad10-ee105361ffe9,2,0.0,0.0,190.0,0,0,0,0,0,0,0,1,0,0 days 00:31:21,1
181262,"Apple iPhone 16 Plus 17 cm (6.7"") Double SIM iOS 18 5G USB Type-C 128 Go Noir",SIA Solution,1330.35,2025-02-06 09:31:24,6cd215d2-f4ff-4b5d-ad10-ee105361ffe9,2,0.0,0.0,190.0,0,0,0,0,0,0,0,1,0,0 days 00:31:29,1
181359,"Apple iPhone 16 Plus 17 cm (6.7"") Double SIM iOS 18 5G USB Type-C 128 Go Noir",SIA Solution,1330.35,2025-02-06 10:02:43,6cd215d2-f4ff-4b5d-ad10-ee105361ffe9,2,0.0,0.0,190.0,0,0,0,0,0,0,0,1,0,0 days 00:31:19,1
181456,"Apple iPhone 16 Plus 17 cm (6.7"") Double SIM iOS 18 5G USB Type-C 128 Go Noir",SIA Solution,1330.35,2025-02-06 10:34:02,6cd215d2-f4ff-4b5d-ad10-ee105361ffe9,2,0.0,0.0,190.0,0,0,0,0,0,0,0,1,0,0 days 00:31:19,1
181553,"Apple iPhone 16 Plus 17 cm (6.7"") Double SIM iOS 18 5G USB Type-C 128 Go Noir",SIA Solution,1330.35,2025-02-06 11:05:22,6cd215d2-f4ff-4b5d-ad10-ee105361ffe9,2,0.0,0.0,190.0,0,0,0,0,0,0,0,1,0,0 days 00:31:20,1
181650,"Apple iPhone 16 Plus 17 cm (6.7"") Double SIM iOS 18 5G USB Type-C 128 Go Noir",SIA Solution,1330.35,2025-02-06 11:36:46,6cd215d2-f4ff-4b5d-ad10-ee105361ffe9,2,0.0,0.0,190.0,0,0,0,0,0,0,0,1,0,0 days 00:31:24,1
181747,"Apple iPhone 16 Plus 17 cm (6.7"") Double SIM iOS 18 5G USB Type-C 128 Go Noir",SIA Solution,1330.35,2025-02-06 12:08:07,6cd215d2-f4ff-4b5d-ad10-ee105361ffe9,2,0.0,0.0,190.0,0,0,0,0,0,0,0,1,0,0 days 00:31:21,1
181844,"Apple iPhone 16 Plus 17 cm (6.7"") Double SIM iOS 18 5G USB Type-C 128 Go Noir",SIA Solution,1330.35,2025-02-06 12:39:30,6cd215d2-f4ff-4b5d-ad10-ee105361ffe9,2,0.0,0.0,190.0,0,0,0,0,0,0,0,1,0,0 days 00:31:23,1
181941,"Apple iPhone 16 Plus 17 cm (6.7"") Double SIM iOS 18 5G USB Type-C 128 Go Noir",SIA Solution,1330.35,2025-02-06 13:10:55,6cd215d2-f4ff-4b5d-ad10-ee105361ffe9,2,0.0,0.0,190.0,0,0,0,0,0,0,0,1,0,0 days 00:31:25,1
182038,"Apple iPhone 16 Plus 17 cm (6.7"") Double SIM iOS 18 5G USB Type-C 128 Go Noir",SIA Solution,1330.35,2025-02-06 13:42:16,6cd215d2-f4ff-4b5d-ad10-ee105361ffe9,2,0.0,0.0,190.0,0,0,0,0,0,0,0,1,0,0 days 00:31:21,1
182135,"Apple iPhone 16 Plus 17 cm (6.7"") Double SIM iOS 18 5G USB Type-C 128 Go Noir",SIA Solution,1330.35,2025-02-06 14:13:37,6cd215d2-f4ff-4b5d-ad10-ee105361ffe9,4,0.0,0.0,190.0,0,0,0,0,0,0,0,1,0,0 days 00:31:21,1
182232,"Apple iPhone 16 Plus 17 cm (6.7"") Double SIM iOS 18 5G USB Type-C 128 Go Noir",SIA Solution,1330.35,2025-02-06 14:44:58,6cd215d2-f4ff-4b5d-ad10-ee105361ffe9,4,0.0,0.0,190.0,0,0,0,0,0,0,0,1,0,0 days 00:31:21,1
182329,"Apple iPhone 16 Plus 17 cm (6.7"") Double SIM iOS 18 5G USB Type-C 128 Go Noir",SIA Solution,1330.35,2025-02-06 15:16:21,6cd215d2-f4ff-4b5d-ad10-ee105361ffe9,4,0.0,0.0,190.0,0,0,0,0,0,0,0,1,0,0 days 00:31:23,1
182426,"Apple iPhone 16 Plus 17 cm (6.7"") Double SIM iOS 18 5G USB Type-C 128 Go Noir",SIA Solution,1330.35,2025-02-06 15:47:42,6cd215d2-f4ff-4b5d-ad10-ee105361ffe9,4,0.0,0.0,190.0,0,0,0,0,0,0,0,1,0,0 days 00:31:21,1
182523,"Apple iPhone 16 Plus 17 cm (6.7"") Double SIM iOS 18 5G USB Type-C 128 Go Noir",SIA Solution,1330.35,2025-02-06 16:19:05,6cd215d2-f4ff-4b5d-ad10-ee105361ffe9,4,0.0,0.0,190.0,0,0,0,0,0,0,0,1,0,0 days 00:31:23,1
182620,"Apple iPhone 16 Plus 17 cm (6.7"") Double SIM iOS 18 5G USB Type-C 128 Go Noir",SIA Solution,1330.35,2025-02-06 16:50:28,6cd215d2-f4ff-4b5d-ad10-ee105361ffe9,4,0.0,0.0,190.0,0,0,0,0,0,0,0,1,0,0 days 00:31:23,1
182717,"Apple iPhone 16 Plus 17 cm (6.7"") Double SIM iOS 18 5G USB Type-C 128 Go Noir",SIA Solution,1330.35,2025-02-06 17:21:49,6cd215d2-f4ff-4b5d-ad10-ee105361ffe9,4,0.0,0.0,190.0,0,0,0,0,0,0,0,1,0,0 days 00:31:21,1
182814,"Apple iPhone 16 Plus 17 cm (6.7"") Double SIM iOS 18 5G USB Type-C 128 Go Noir",SIA Solution,1330.35,2025-02-06 17:53:08,6cd215d2-f4ff-4b5d-ad10-ee105361ffe9,4,0.0,0.0,190.0,0,0,0,0,0,0,0,1,0,0 days 00:31:19,1
182911,"Apple iPhone 16 Plus 17 cm (6.7"") Double SIM iOS 18 5G USB Type-C 128 Go Noir",SIA Solution,1330.35,2025-02-06 18:24:26,6cd215d2-f4ff-4b5d-ad10-ee105361ffe9,4,0.0,0.0,190.0,0,0,0,0,0,0,0,1,0,0 days 00:31:18,1
183008,"Apple iPhone 16 Plus 17 cm (6.7"") Double SIM iOS 18 5G USB Type-C 128 Go Noir",SIA Solution,1330.35,2025-02-06 18:55:47,6cd215d2-f4ff-4b5d-ad10-ee105361ffe9,4,0.0,0.0,190.0,0,0,0,0,0,0,0,1,0,0 days 00:31:21,1
183105,"Apple iPhone 16 Plus 17 cm (6.7"") Double SIM iOS 18 5G USB Type-C 128 Go Noir",SIA Solution,1330.35,2025-02-06 19:27:08,6cd215d2-f4ff-4b5d-ad10-ee105361ffe9,4,0.0,0.0,190.0,0,0,0,0,0,0,0,1,0,0 days 00:31:21,1
183202,"Apple iPhone 16 Plus 17 cm (6.7"") Double SIM iOS 18 5G USB Type-C 128 Go Noir",SIA Solution,1330.35,2025-02-06 19:58:27,6cd215d2-f4ff-4b5d-ad10-ee105361ffe9,4,0.0,0.0,190.0,0,0,0,0,0,0,0,1,0,0 days 00:31:19,1
183299,"Apple iPhone 16 Plus 17 cm (6.7"") Double SIM iOS 18 5G USB Type-C 128 Go Noir",SIA Solution,1330.35,2025-02-06 20:29:45,6cd215d2-f4ff-4b5d-ad10-ee105361ffe9,4,0.0,0.0,190.0,0,0,0,0,0,0,0,1,0,0 days 00:31:18,1
183396,"Apple iPhone 16 Plus 17 cm (6.7"") Double SIM iOS 18 5G USB Type-C 128 Go Noir",SIA Solution,1330.35,2025-02-06 21:01:05,6cd215d2-f4ff-4b5d-ad10-ee105361ffe9,4,0.0,0.0,190.0,0,0,0,0,0,0,0,1,0,0 days 00:31:20,1
183493,"Apple iPhone 16 Plus 17 cm (6.7"") Double SIM iOS 18 5G USB Type-C 128 Go Noir",SIA Solution,1330.35,2025-02-06 21:32:26,6cd215d2-f4ff-4b5d-ad10-ee105361ffe9,4,0.0,0.0,190.0,0,0,0,0,0,0,0,1,0,0 days 00:31:21,1
183590,"Apple iPhone 16 Plus 17 cm (6.7"") Double SIM iOS 18 5G USB Type-C 128 Go Noir",SIA Solution,1330.35,2025-02-06 22:03:46,6cd215d2-f4ff-4b5d-ad10-ee105361ffe9,4,0.0,0.0,190.0,0,0,0,0,0,0,0,1,0,0 days 00:31:20,1
183687,"Apple iPhone 16 Plus 17 cm (6.7"") Double SIM iOS 18 5G USB Type-C 128 Go Noir",SIA Solution,1330.35,2025-02-06 22:35:06,6cd215d2-f4ff-4b5d-ad10-ee105361ffe9,4,0.0,0.0,190.0,0,0,0,0,0,0,0,1,0,0 days 00:31:20,1
183784,"Apple iPhone 16 Plus 17 cm (6.7"") Double SIM iOS 18 5G USB Type-C 128 Go Noir",SIA Solution,1330.35,2025-02-06 23:06:26,6cd215d2-f4ff-4b5d-ad10-ee105361ffe9,2,0.0,0.0,190.0,0,0,0,0,0,0,0,1,0,0 days 00:31:20,1
183881,"Apple iPhone 16 Plus 17 cm (6.7"") Double SIM iOS 18 5G USB Type-C 128 Go Noir",SIA Solution,1330.35,2025-02-06 23:37:44,6cd215d2-f4ff-4b5d-ad10-ee105361ffe9,2,0.0,0.0,190.0,0,0,0,0,0,0,0,1,0,0 days 00:31:18,1
183978,"Apple iPhone 16 Plus 17 cm (6.7"") Double SIM iOS 18 5G USB Type-C 128 Go Noir",SIA Solution,1330.35,2025-02-07 00:09:03,6cd215d2-f4ff-4b5d-ad10-ee105361ffe9,3,0.0,0.0,191.0,0,0,0,0,0,0,0,1,0,0 days 00:31:19,1
184075,"Apple iPhone 16 Plus 17 cm (6.7"") Double SIM iOS 18 5G USB Type-C 128 Go Noir",SIA Solution,1330.35,2025-02-07 00:40:25,6cd215d2-f4ff-4b5d-ad10-ee105361ffe9,3,0.0,0.0,191.0,0,0,0,0,0,0,0,1,0,0 days 00:31:22,1
184172,"Apple iPhone 16 Plus 17 cm (6.7"") Double SIM iOS 18 5G USB Type-C 128 Go Noir",SIA Solution,1330.35,2025-02-07 01:11:43,6cd215d2-f4ff-4b5d-ad10-ee105361ffe9,3,0.0,0.0,191.0,0,0,0,0,0,0,0,1,0,0 days 00:31:18,1
184269,"Apple iPhone 16 Plus 17 cm (6.7"") Double SIM iOS 18 5G USB Type-C 128 Go Noir",SIA Solution,1330.35,2025-02-07 01:43:01,6cd215d2-f4ff-4b5d-ad10-ee105361ffe9,3,0.0,0.0,191.0,0,0,0,0,0,0,0,1,0,0 days 00:31:18,1
184366,"Apple iPhone 16 Plus 17 cm (6.7"") Double SIM iOS 18 5G USB Type-C 128 Go Noir",SIA Solution,1330.35,2025-02-07 02:14:19,6cd215d2-f4ff-4b5d-ad10-ee105361ffe9,3,0.0,0.0,191.0,0,0,0,0,0,0,0,1,0,0 days 00:31:18,1
184463,"Apple iPhone 16 Plus 17 cm (6.7"") Double SIM iOS 18 5G USB Type-C 128 Go Noir",SIA Solution,1330.35,2025-02-07 02:45:37,6cd215d2-f4ff-4b5d-ad10-ee105361ffe9,3,0.0,0.0,191.0,0,0,0,0,0,0,0,1,0,0 days 00:31:18,1
184560,"Apple iPhone 16 Plus 17 cm (6.7"") Double SIM iOS 18 5G USB Type-C 128 Go Noir",SIA Solution,1330.35,2025-02-07 03:16:54,6cd215d2-f4ff-4b5d-ad10-ee105361ffe9,3,0.0,0.0,191.0,0,0,0,0,0,0,0,1,0,0 days 00:31:17,1
184657,"Apple iPhone 16 Plus 17 cm (6.7"") Double SIM iOS 18 5G USB Type-C 128 Go Noir",SIA Solution,1330.35,2025-02-07 03:48:11,6cd215d2-f4ff-4b5d-ad10-ee105361ffe9,3,0.0,0.0,191.0,0,0,0,0,0,0,0,1,0,0 days 00:31:17,1
184754,"Apple iPhone 16 Plus 17 cm (6.7"") Double SIM iOS 18 5G USB Type-C 128 Go Noir",SIA Solution,1330.35,2025-02-07 04:19:29,6cd215d2-f4ff-4b5d-ad10-ee105361ffe9,3,0.0,0.0,191.0,0,0,0,0,0,0,0,1,0,0 days 00:31:18,1
184851,"Apple iPhone 16 Plus 17 cm (6.7"") Double SIM iOS 18 5G USB Type-C 128 Go Noir",SIA Solution,1330.35,2025-02-07 04:50:49,6cd215d2-f4ff-4b5d-ad10-ee105361ffe9,3,0.0,0.0,191.0,0,0,0,0,0,0,0,1,0,0 days 00:31:20,1
184948,"Apple iPhone 16 Plus 17 cm (6.7"") Double SIM iOS 18 5G USB Type-C 128 Go Noir",SIA Solution,1330.35,2025-02-07 05:22:06,6cd215d2-f4ff-4b5d-ad10-ee105361ffe9,3,0.0,0.0,191.0,0,0,0,0,0,0,0,1,0,0 days 00:31:17,1
185045,"Apple iPhone 16 Plus 17 cm (6.7"") Double SIM iOS 18 5G USB Type-C 128 Go Noir",SIA Solution,1330.35,2025-02-07 05:53:26,6cd215d2-f4ff-4b5d-ad10-ee105361ffe9,3,0.0,0.0,191.0,0,0,0,0,0,0,0,1,0,0 days 00:31:20,1
185142,"Apple iPhone 16 Plus 17 cm (6.7"") Double SIM iOS 18 5G USB Type-C 128 Go Noir",SIA Solution,1330.35,2025-02-07 06:24:45,6cd215d2-f4ff-4b5d-ad10-ee105361ffe9,3,0.0,0.0,191.0,0,0,0,0,0,0,0,1,0,0 days 00:31:19,1
185239,"Apple iPhone 16 Plus 17 cm (6.7"") Double SIM iOS 18 5G USB Type-C 128 Go Noir",SIA Solution,1330.35,2025-02-07 06:56:04,6cd215d2-f4ff-4b5d-ad10-ee105361ffe9,3,0.0,0.0,191.0,0,0,0,0,0,0,0,1,0,0 days 00:31:19,1
185336,"Apple iPhone 16 Plus 17 cm (6.7"") Double SIM iOS 18 5G USB Type-C 128 Go Noir",SIA Solution,1330.35,2025-02-07 07:27:21,6cd215d2-f4ff-4b5d-ad10-ee105361ffe9,3,0.0,0.0,191.0,0,0,0,0,0,0,0,1,0,0 days 00:31:17,1
185433,"Apple iPhone 16 Plus 17 cm (6.7"") Double SIM iOS 18 5G USB Type-C 128 Go Noir",SIA Solution,1330.35,2025-02-07 07:58:41,6cd215d2-f4ff-4b5d-ad10-ee105361ffe9,3,0.0,0.0,191.0,0,0,0,0,0,0,0,1,0,0 days 00:31:20,1
185530,"Apple iPhone 16 Plus 17 cm (6.7"") Double SIM iOS 18 5G USB Type-C 128 Go Noir",SIA Solution,1330.35,2025-02-07 08:29:59,6cd215d2-f4ff-4b5d-ad10-ee105361ffe9,3,0.0,0.0,191.0,0,0,0,0,0,0,0,1,0,0 days 00:31:18,1
185627,"Apple iPhone 16 Plus 17 cm (6.7"") Double SIM iOS 18 5G USB Type-C 128 Go Noir",SIA Solution,1330.35,2025-02-07 09:01:22,6cd215d2-f4ff-4b5d-ad10-ee105361ffe9,3,0.0,0.0,191.0,0,0,0,0,0,0,0,1,0,0 days 00:31:23,1
185724,"Apple iPhone 16 Plus 17 cm (6.7"") Double SIM iOS 18 5G USB Type-C 128 Go Noir",SIA Solution,1330.35,2025-02-07 09:32:41,6cd215d2-f4ff-4b5d-ad10-ee105361ffe9,3,0.0,0.0,191.0,0,0,0,0,0,0,0,1,0,0 days 00:31:19,1
185821,"Apple iPhone 16 Plus 17 cm (6.7"") Double SIM iOS 18 5G USB Type-C 128 Go Noir",SIA Solution,1330.35,2025-02-07 10:04:03,6cd215d2-f4ff-4b5d-ad10-ee105361ffe9,3,0.0,0.0,191.0,0,0,0,0,0,0,0,1,0,0 days 00:31:22,1
185918,"Apple iPhone 16 Plus 17 cm (6.7"") Double SIM iOS 18 5G USB Type-C 128 Go Noir",SIA Solution,1330.35,2025-02-07 10:35:25,6cd215d2-f4ff-4b5d-ad10-ee105361ffe9,3,0.0,0.0,191.0,0,0,0,0,0,0,0,1,0,0 days 00:31:22,1
186016,"Apple iPhone 16 Plus 17 cm (6.7"") Double SIM iOS 18 5G USB Type-C 128 Go Noir",SIA Solution,1330.35,2025-02-07 11:06:45,6cd215d2-f4ff-4b5d-ad10-ee105361ffe9,3,0.0,0.0,191.0,0,0,0,0,0,0,0,1,0,0 days 00:31:20,1
186112,"Apple iPhone 16 Plus 17 cm (6.7"") Double SIM iOS 18 5G USB Type-C 128 Go Noir",SIA Solution,1330.35,2025-02-07 11:38:04,6cd215d2-f4ff-4b5d-ad10-ee105361ffe9,3,0.0,0.0,191.0,0,0,0,0,0,0,0,1,0,0 days 00:31:19,1
186209,"Apple iPhone 16 Plus 17 cm (6.7"") Double SIM iOS 18 5G USB Type-C 128 Go Noir",SIA Solution,1330.35,2025-02-07 12:09:25,6cd215d2-f4ff-4b5d-ad10-ee105361ffe9,3,0.0,0.0,191.0,0,0,0,0,0,0,0,1,0,0 days 00:31:21,1
186305,"Apple iPhone 16 Plus 17 cm (6.7"") Double SIM iOS 18 5G USB Type-C 128 Go Noir",SIA Solution,1330.35,2025-02-07 12:40:49,6cd215d2-f4ff-4b5d-ad10-ee105361ffe9,3,0.0,0.0,191.0,0,0,0,0,0,0,0,1,0,0 days 00:31:24,1
186403,"Apple iPhone 16 Plus 17 cm (6.7"") Double SIM iOS 18 5G USB Type-C 128 Go Noir",SIA Solution,1330.35,2025-02-07 13:12:09,6cd215d2-f4ff-4b5d-ad10-ee105361ffe9,3,0.0,0.0,191.0,0,0,0,0,0,0,0,1,0,0 days 00:31:20,1
186500,"Apple iPhone 16 Plus 17 cm (6.7"") Double SIM iOS 18 5G USB Type-C 128 Go Noir",SIA Solution,1330.35,2025-02-07 13:43:30,6cd215d2-f4ff-4b5d-ad10-ee105361ffe9,3,0.0,0.0,191.0,0,0,0,0,0,0,0,1,0,0 days 00:31:21,1
194198,Smartphone Apple iPhone 15 256GB noir,SIA Solution,1419.24,2025-02-09 08:01:21,7522d7cf-7037-46c2-85ea-321ee47357e3,2,0.0,0.0,193.0,0,0,0,0,0,0,0,1,0,14 days 22:29:48,1
194285,Smartphone Apple iPhone 15 256GB noir,SIA Solution,1419.24,2025-02-09 08:32:38,7522d7cf-7037-46c2-85ea-321ee47357e3,2,0.0,0.0,193.0,0,0,0,0,0,0,0,1,0,0 days 00:31:17,1
194372,Smartphone Apple iPhone 15 256GB noir,SIA Solution,1419.24,2025-02-09 09:03:54,7522d7cf-7037-46c2-85ea-321ee47357e3,2,0.0,0.0,193.0,0,0,0,0,0,0,0,1,0,0 days 00:31:16,1
194459,Smartphone Apple iPhone 15 256GB noir,SIA Solution,1419.24,2025-02-09 09:35:17,7522d7cf-7037-46c2-85ea-321ee47357e3,2,0.0,0.0,193.0,0,0,0,0,0,0,0,1,0,0 days 00:31:23,1
194546,Smartphone Apple iPhone 15 256GB noir,SIA Solution,1419.24,2025-02-09 10:06:36,7522d7cf-7037-46c2-85ea-321ee47357e3,2,0.0,0.0,193.0,0,0,0,0,0,0,0,1,0,0 days 00:31:19,1
194633,Smartphone Apple iPhone 15 256GB noir,SIA Solution,1419.24,2025-02-09 10:37:55,7522d7cf-7037-46c2-85ea-321ee47357e3,2,0.0,0.0,193.0,0,0,0,0,0,0,0,1,0,0 days 00:31:19,1
194719,Smartphone Apple iPhone 15 256GB noir,SIA Solution,1419.24,2025-02-09 11:09:18,7522d7cf-7037-46c2-85ea-321ee47357e3,2,0.0,0.0,193.0,0,0,0,0,0,0,0,1,0,0 days 00:31:23,1
194807,Smartphone Apple iPhone 15 256GB noir,SIA Solution,1419.24,2025-02-09 11:40:40,7522d7cf-7037-46c2-85ea-321ee47357e3,2,0.0,0.0,193.0,0,0,0,0,0,0,0,1,0,0 days 00:31:22,1
194894,Smartphone Apple iPhone 15 256GB noir,SIA Solution,1419.24,2025-02-09 12:11:58,7522d7cf-7037-46c2-85ea-321ee47357e3,2,0.0,0.0,193.0,0,0,0,0,0,0,0,1,0,0 days 00:31:18,1
194981,Smartphone Apple iPhone 15 256GB noir,SIA Solution,1419.24,2025-02-09 12:43:17,7522d7cf-7037-46c2-85ea-321ee47357e3,2,0.0,0.0,193.0,0,0,0,0,0,0,0,1,0,0 days 00:31:19,1
195068,Smartphone Apple iPhone 15 256GB noir,SIA Solution,1419.24,2025-02-09 13:14:35,7522d7cf-7037-46c2-85ea-321ee47357e3,2,0.0,0.0,193.0,0,0,0,0,0,0,0,1,0,0 days 00:31:18,1
195155,Smartphone Apple iPhone 15 256GB noir,SIA Solution,1419.24,2025-02-09 13:46:00,7522d7cf-7037-46c2-85ea-321ee47357e3,2,0.0,0.0,193.0,0,0,0,0,0,0,0,1,0,0 days 00:31:25,1
195242,Smartphone Apple iPhone 15 256GB noir,SIA Solution,1419.24,2025-02-09 14:17:19,7522d7cf-7037-46c2-85ea-321ee47357e3,3,0.0,0.0,193.0,0,0,0,0,0,0,0,1,0,0 days 00:31:19,1
195329,Smartphone Apple iPhone 15 256GB noir,SIA Solution,1419.24,2025-02-09 14:48:38,7522d7cf-7037-46c2-85ea-321ee47357e3,3,0.0,0.0,193.0,0,0,0,0,0,0,0,1,0,0 days 00:31:19,1
195416,Smartphone Apple iPhone 15 256GB noir,SIA Solution,1419.24,2025-02-09 15:19:57,7522d7cf-7037-46c2-85ea-321ee47357e3,3,0.0,0.0,193.0,0,0,0,0,0,0,0,1,0,0 days 00:31:19,1
195504,Smartphone Apple iPhone 15 256GB noir,SIA Solution,1419.24,2025-02-09 15:51:17,7522d7cf-7037-46c2-85ea-321ee47357e3,3,0.0,0.0,193.0,0,0,0,0,0,0,0,1,0,0 days 00:31:20,1
195592,Smartphone Apple iPhone 15 256GB noir,SIA Solution,1419.24,2025-02-09 16:22:35,7522d7cf-7037-46c2-85ea-321ee47357e3,3,0.0,0.0,193.0,0,0,0,0,0,0,0,1,0,0 days 00:31:18,1
109445,Smartphone Apple iPhone 15 256GB noir,Nest Green,779.0,2025-01-20 22:25:51,75f1a4ad-9634-46d9-a36b-e502da9e131d,3,3.0,4.0,370.0,1,0,0,0,0,0,0,0,0,0 days 00:00:00,0
109536,Smartphone Apple iPhone 15 256GB noir,Nest Green,779.0,2025-01-20 22:57:11,75f1a4ad-9634-46d9-a36b-e502da9e131d,3,3.0,4.0,370.0,1,0,0,0,0,0,0,0,0,0 days 00:31:20,0
109627,Smartphone Apple iPhone 15 256GB noir,Nest Green,779.0,2025-01-20 23:28:29,75f1a4ad-9634-46d9-a36b-e502da9e131d,2,3.0,4.0,370.0,1,0,0,0,0,0,0,0,0,0 days 00:31:18,0
109718,Smartphone Apple iPhone 15 256GB noir,Nest Green,779.0,2025-01-20 23:59:47,75f1a4ad-9634-46d9-a36b-e502da9e131d,2,3.0,4.0,370.0,1,0,0,0,0,0,0,0,0,0 days 00:31:18,0
109809,Smartphone Apple iPhone 15 256GB noir,Nest Green,779.0,2025-01-21 00:31:11,75f1a4ad-9634-46d9-a36b-e502da9e131d,2,3.0,4.0,371.0,1,0,0,0,0,0,0,0,0,0 days 00:31:24,0
109900,Smartphone Apple iPhone 15 256GB noir,Nest Green,779.0,2025-01-21 01:02:33,75f1a4ad-9634-46d9-a36b-e502da9e131d,2,3.0,4.0,371.0,1,0,0,0,0,0,0,0,0,0 days 00:31:22,0
109991,Smartphone Apple iPhone 15 256GB noir,Nest Green,779.0,2025-01-21 01:33:50,75f1a4ad-9634-46d9-a36b-e502da9e131d,2,3.0,4.0,371.0,1,0,0,0,0,0,0,0,0,0 days 00:31:17,0
110082,Smartphone Apple iPhone 15 256GB noir,Nest Green,779.0,2025-01-21 02:05:12,75f1a4ad-9634-46d9-a36b-e502da9e131d,2,3.0,4.0,371.0,1,0,0,0,0,0,0,0,0,0 days 00:31:22,0
110173,Smartphone Apple iPhone 15 256GB noir,Nest Green,779.0,2025-01-21 02:36:30,75f1a4ad-9634-46d9-a36b-e502da9e131d,2,3.0,4.0,371.0,1,0,0,0,0,0,0,0,0,0 days 00:31:18,0
110264,Smartphone Apple iPhone 15 256GB noir,Nest Green,779.0,2025-01-21 03:07:49,75f1a4ad-9634-46d9-a36b-e502da9e131d,2,3.0,4.0,371.0,1,0,0,0,0,0,0,0,0,0 days 00:31:19,0
110355,Smartphone Apple iPhone 15 256GB noir,Nest Green,779.0,2025-01-21 03:39:10,75f1a4ad-9634-46d9-a36b-e502da9e131d,2,3.0,4.0,371.0,1,0,0,0,0,0,0,0,0,0 days 00:31:21,0
110446,Smartphone Apple iPhone 15 256GB noir,Nest Green,779.0,2025-01-21 04:10:34,75f1a4ad-9634-46d9-a36b-e502da9e131d,2,3.0,4.0,371.0,1,0,0,0,0,0,0,0,0,0 days 00:31:24,0
110537,Smartphone Apple iPhone 15 256GB noir,Nest Green,779.0,2025-01-21 04:41:53,75f1a4ad-9634-46d9-a36b-e502da9e131d,2,3.0,4.0,371.0,1,0,0,0,0,0,0,0,0,0 days 00:31:19,0
110629,Smartphone Apple iPhone 15 256GB noir,Nest Green,779.0,2025-01-21 05:13:12,75f1a4ad-9634-46d9-a36b-e502da9e131d,2,3.0,4.0,371.0,1,0,0,0,0,0,0,0,0,0 days 00:31:19,0
110721,Smartphone Apple iPhone 15 256GB noir,Nest Green,779.0,2025-01-21 05:44:31,75f1a4ad-9634-46d9-a36b-e502da9e131d,2,3.0,4.0,371.0,1,0,0,0,0,0,0,0,0,0 days 00:31:19,0
110813,Smartphone Apple iPhone 15 256GB noir,Nest Green,779.0,2025-01-21 06:15:52,75f1a4ad-9634-46d9-a36b-e502da9e131d,2,3.0,4.0,371.0,1,0,0,0,0,0,0,0,0,0 days 00:31:21,0
110905,Smartphone Apple iPhone 15 256GB noir,Nest Green,779.0,2025-01-21 06:47:11,75f1a4ad-9634-46d9-a36b-e502da9e131d,2,3.0,4.0,371.0,1,0,0,0,0,0,0,0,0,0 days 00:31:19,0
110997,Smartphone Apple iPhone 15 256GB noir,Nest Green,779.0,2025-01-21 07:18:31,75f1a4ad-9634-46d9-a36b-e502da9e131d,2,3.0,4.0,371.0,1,0,0,0,0,0,0,0,0,0 days 00:31:20,0
111089,Smartphone Apple iPhone 15 256GB noir,Nest Green,779.0,2025-01-21 07:49:51,75f1a4ad-9634-46d9-a36b-e502da9e131d,2,3.0,4.0,371.0,1,0,0,0,0,0,0,0,0,0 days 00:31:20,0
111181,Smartphone Apple iPhone 15 256GB noir,Nest Green,779.0,2025-01-21 08:21:16,75f1a4ad-9634-46d9-a36b-e502da9e131d,2,3.0,4.0,371.0,1,0,0,0,0,0,0,0,0,0 days 00:31:25,0
111273,Smartphone Apple iPhone 15 256GB noir,Nest Green,779.0,2025-01-21 08:52:37,75f1a4ad-9634-46d9-a36b-e502da9e131d,2,3.0,4.0,371.0,1,0,0,0,0,0,0,0,0,0 days 00:31:21,0
111365,Smartphone Apple iPhone 15 256GB noir,Nest Green,779.0,2025-01-21 09:23:56,75f1a4ad-9634-46d9-a36b-e502da9e131d,2,3.0,4.0,371.0,1,0,0,0,0,0,0,0,0,0 days 00:31:19,0
111457,Smartphone Apple iPhone 15 256GB noir,Nest Green,779.0,2025-01-21 09:55:19,75f1a4ad-9634-46d9-a36b-e502da9e131d,2,3.0,4.0,371.0,1,0,0,0,0,0,0,0,0,0 days 00:31:23,0
111549,Smartphone Apple iPhone 15 256GB noir,Nest Green,779.0,2025-01-21 10:26:37,75f1a4ad-9634-46d9-a36b-e502da9e131d,2,3.0,4.0,371.0,1,0,0,0,0,0,0,0,0,0 days 00:31:18,0
111641,Smartphone Apple iPhone 15 256GB noir,Nest Green,779.0,2025-01-21 10:57:56,75f1a4ad-9634-46d9-a36b-e502da9e131d,2,3.0,4.0,371.0,1,0,0,0,0,0,0,0,0,0 days 00:31:19,0
111733,Smartphone Apple iPhone 15 256GB noir,Nest Green,779.0,2025-01-21 11:29:16,75f1a4ad-9634-46d9-a36b-e502da9e131d,2,3.0,4.0,371.0,1,0,0,0,0,0,0,0,0,0 days 00:31:20,0
111825,Smartphone Apple iPhone 15 256GB noir,Nest Green,779.0,2025-01-21 12:00:41,75f1a4ad-9634-46d9-a36b-e502da9e131d,2,3.0,4.0,371.0,1,0,0,0,0,0,0,0,0,0 days 00:31:25,0
111917,Smartphone Apple iPhone 15 256GB noir,Nest Green,779.0,2025-01-21 12:32:01,75f1a4ad-9634-46d9-a36b-e502da9e131d,2,3.0,4.0,371.0,1,0,0,0,0,0,0,0,0,0 days 00:31:20,0
112009,Smartphone Apple iPhone 15 256GB noir,Nest Green,779.0,2025-01-21 13:03:21,75f1a4ad-9634-46d9-a36b-e502da9e131d,2,3.0,4.0,371.0,1,0,0,0,0,0,0,0,0,0 days 00:31:20,0
112101,Smartphone Apple iPhone 15 256GB noir,Nest Green,779.0,2025-01-21 13:34:42,75f1a4ad-9634-46d9-a36b-e502da9e131d,2,3.0,4.0,371.0,1,0,0,0,0,0,0,0,0,0 days 00:31:21,0
112194,Smartphone Apple iPhone 15 256GB noir,Nest Green,779.0,2025-01-21 14:06:06,75f1a4ad-9634-46d9-a36b-e502da9e131d,3,3.0,4.0,371.0,1,0,0,0,0,0,0,0,0,0 days 00:31:24,0
112287,Smartphone Apple iPhone 15 256GB noir,Nest Green,779.0,2025-01-21 14:37:27,75f1a4ad-9634-46d9-a36b-e502da9e131d,3,3.0,4.0,371.0,1,0,0,0,0,0,0,0,0,0 days 00:31:21,0
112380,Smartphone Apple iPhone 15 256GB noir,Nest Green,779.0,2025-01-21 15:08:47,75f1a4ad-9634-46d9-a36b-e502da9e131d,3,3.0,4.0,371.0,1,0,0,0,0,0,0,0,0,0 days 00:31:20,0
143130,Smartphone Apple iPhone 15 256GB noir,Nest Green,779.0,2025-01-28 13:18:19,75f1a4ad-9634-46d9-a36b-e502da9e131d,2,3.0,4.0,378.0,1,0,0,0,0,0,0,0,0,6 days 22:09:32,1
143224,Smartphone Apple iPhone 15 256GB noir,Nest Green,779.0,2025-01-28 13:49:45,75f1a4ad-9634-46d9-a36b-e502da9e131d,2,3.0,4.0,378.0,1,0,0,0,0,0,0,0,0,0 days 00:31:26,1
143318,Smartphone Apple iPhone 15 256GB noir,Nest Green,779.0,2025-01-28 14:21:10,75f1a4ad-9634-46d9-a36b-e502da9e131d,3,3.0,4.0,378.0,1,0,0,0,0,0,0,0,0,0 days 00:31:25,1
143412,Smartphone Apple iPhone 15 256GB noir,Nest Green,779.0,2025-01-28 14:52:33,75f1a4ad-9634-46d9-a36b-e502da9e131d,3,3.0,4.0,378.0,1,0,0,0,0,0,0,0,0,0 days 00:31:23,1
143506,Smartphone Apple iPhone 15 256GB noir,Nest Green,779.0,2025-01-28 15:23:57,75f1a4ad-9634-46d9-a36b-e502da9e131d,3,3.0,4.0,378.0,1,0,0,0,0,0,0,0,0,0 days 00:31:24,1
143600,Smartphone Apple iPhone 15 256GB noir,Nest Green,779.0,2025-01-28 15:55:19,75f1a4ad-9634-46d9-a36b-e502da9e131d,3,3.0,4.0,378.0,1,0,0,0,0,0,0,0,0,0 days 00:31:22,1
143694,Smartphone Apple iPhone 15 256GB noir,Nest Green,779.0,2025-01-28 16:26:42,75f1a4ad-9634-46d9-a36b-e502da9e131d,3,3.0,4.0,378.0,1,0,0,0,0,0,0,0,0,0 days 00:31:23,1
143788,Smartphone Apple iPhone 15 256GB noir,Nest Green,779.0,2025-01-28 16:58:01,75f1a4ad-9634-46d9-a36b-e502da9e131d,3,3.0,4.0,378.0,1,0,0,0,0,0,0,0,0,0 days 00:31:19,1
143882,Smartphone Apple iPhone 15 256GB noir,Nest Green,779.0,2025-01-28 17:29:21,75f1a4ad-9634-46d9-a36b-e502da9e131d,3,3.0,4.0,378.0,1,0,0,0,0,0,0,0,0,0 days 00:31:20,1
143976,Smartphone Apple iPhone 15 256GB noir,Nest Green,779.0,2025-01-28 18:00:46,75f1a4ad-9634-46d9-a36b-e502da9e131d,3,3.0,4.0,378.0,1,0,0,0,0,0,0,0,0,0 days 00:31:25,1
144070,Smartphone Apple iPhone 15 256GB noir,Nest Green,779.0,2025-01-28 18:32:08,75f1a4ad-9634-46d9-a36b-e502da9e131d,3,3.0,4.0,378.0,1,0,0,0,0,0,0,0,0,0 days 00:31:22,1
144164,Smartphone Apple iPhone 15 256GB noir,Nest Green,779.0,2025-01-28 19:03:29,75f1a4ad-9634-46d9-a36b-e502da9e131d,3,3.0,4.0,378.0,1,0,0,0,0,0,0,0,0,0 days 00:31:21,1
144258,Smartphone Apple iPhone 15 256GB noir,Nest Green,779.0,2025-01-28 19:34:51,75f1a4ad-9634-46d9-a36b-e502da9e131d,3,3.0,4.0,378.0,1,0,0,0,0,0,0,0,0,0 days 00:31:22,1
144352,Smartphone Apple iPhone 15 256GB noir,Nest Green,779.0,2025-01-28 20:06:14,75f1a4ad-9634-46d9-a36b-e502da9e131d,3,3.0,4.0,378.0,1,0,0,0,0,0,0,0,0,0 days 00:31:23,1
144446,Smartphone Apple iPhone 15 256GB noir,Nest Green,779.0,2025-01-28 20:37:31,75f1a4ad-9634-46d9-a36b-e502da9e131d,3,3.0,4.0,378.0,1,0,0,0,0,0,0,0,0,0 days 00:31:17,1
144540,Smartphone Apple iPhone 15 256GB noir,Nest Green,779.0,2025-01-28 21:08:56,75f1a4ad-9634-46d9-a36b-e502da9e131d,3,3.0,4.0,378.0,1,0,0,0,0,0,0,0,0,0 days 00:31:25,1
144634,Smartphone Apple iPhone 15 256GB noir,Nest Green,779.0,2025-01-28 21:40:17,75f1a4ad-9634-46d9-a36b-e502da9e131d,3,3.0,4.0,378.0,1,0,0,0,0,0,0,0,0,0 days 00:31:21,1
144728,Smartphone Apple iPhone 15 256GB noir,Nest Green,779.0,2025-01-28 22:11:36,75f1a4ad-9634-46d9-a36b-e502da9e131d,3,3.0,4.0,378.0,1,0,0,0,0,0,0,0,0,0 days 00:31:19,1
144822,Smartphone Apple iPhone 15 256GB noir,Nest Green,779.0,2025-01-28 22:42:56,75f1a4ad-9634-46d9-a36b-e502da9e131d,3,3.0,4.0,378.0,1,0,0,0,0,0,0,0,0,0 days 00:31:20,1
144916,Smartphone Apple iPhone 15 256GB noir,Nest Green,779.0,2025-01-28 23:14:16,75f1a4ad-9634-46d9-a36b-e502da9e131d,2,3.0,4.0,378.0,1,0,0,0,0,0,0,0,0,0 days 00:31:20,1
145010,Smartphone Apple iPhone 15 256GB noir,Nest Green,779.0,2025-01-28 23:45:38,75f1a4ad-9634-46d9-a36b-e502da9e131d,2,3.0,4.0,378.0,1,0,0,0,0,0,0,0,0,0 days 00:31:22,1
145104,Smartphone Apple iPhone 15 256GB noir,Nest Green,779.0,2025-01-29 00:16:59,75f1a4ad-9634-46d9-a36b-e502da9e131d,2,3.0,4.0,379.0,1,0,0,0,0,0,0,0,0,0 days 00:31:21,1
145198,Smartphone Apple iPhone 15 256GB noir,Nest Green,779.0,2025-01-29 00:48:17,75f1a4ad-9634-46d9-a36b-e502da9e131d,2,3.0,4.0,379.0,1,0,0,0,0,0,0,0,0,0 days 00:31:18,1
145292,Smartphone Apple iPhone 15 256GB noir,Nest Green,779.0,2025-01-29 01:19:37,75f1a4ad-9634-46d9-a36b-e502da9e131d,2,3.0,4.0,379.0,1,0,0,0,0,0,0,0,0,0 days 00:31:20,1
145386,Smartphone Apple iPhone 15 256GB noir,Nest Green,779.0,2025-01-29 01:50:59,75f1a4ad-9634-46d9-a36b-e502da9e131d,2,3.0,4.0,379.0,1,0,0,0,0,0,0,0,0,0 days 00:31:22,1
145480,Smartphone Apple iPhone 15 256GB noir,Nest Green,779.0,2025-01-29 02:22:16,75f1a4ad-9634-46d9-a36b-e502da9e131d,2,3.0,4.0,379.0,1,0,0,0,0,0,0,0,0,0 days 00:31:17,1
145574,Smartphone Apple iPhone 15 256GB noir,Nest Green,779.0,2025-01-29 02:53:33,75f1a4ad-9634-46d9-a36b-e502da9e131d,2,3.0,4.0,379.0,1,0,0,0,0,0,0,0,0,0 days 00:31:17,1
145668,Smartphone Apple iPhone 15 256GB noir,Nest Green,779.0,2025-01-29 03:24:51,75f1a4ad-9634-46d9-a36b-e502da9e131d,2,3.0,4.0,379.0,1,0,0,0,0,0,0,0,0,0 days 00:31:18,1
145762,Smartphone Apple iPhone 15 256GB noir,Nest Green,779.0,2025-01-29 03:56:10,75f1a4ad-9634-46d9-a36b-e502da9e131d,2,3.0,4.0,379.0,1,0,0,0,0,0,0,0,0,0 days 00:31:19,1
145856,Smartphone Apple iPhone 15 256GB noir,Nest Green,779.0,2025-01-29 04:27:29,75f1a4ad-9634-46d9-a36b-e502da9e131d,2,3.0,4.0,379.0,1,0,0,0,0,0,0,0,0,0 days 00:31:19,1
145950,Smartphone Apple iPhone 15 256GB noir,Nest Green,779.0,2025-01-29 04:58:47,75f1a4ad-9634-46d9-a36b-e502da9e131d,2,3.0,4.0,379.0,1,0,0,0,0,0,0,0,0,0 days 00:31:18,1
146044,Smartphone Apple iPhone 15 256GB noir,Nest Green,779.0,2025-01-29 05:30:09,75f1a4ad-9634-46d9-a36b-e502da9e131d,2,3.0,4.0,379.0,1,0,0,0,0,0,0,0,0,0 days 00:31:22,1
146138,Smartphone Apple iPhone 15 256GB noir,Nest Green,779.0,2025-01-29 06:01:32,75f1a4ad-9634-46d9-a36b-e502da9e131d,2,3.0,4.0,379.0,1,0,0,0,0,0,0,0,0,0 days 00:31:23,1
146232,Smartphone Apple iPhone 15 256GB noir,Nest Green,779.0,2025-01-29 06:32:49,75f1a4ad-9634-46d9-a36b-e502da9e131d,2,3.0,4.0,379.0,1,0,0,0,0,0,0,0,0,0 days 00:31:17,1
146326,Smartphone Apple iPhone 15 256GB noir,Nest Green,779.0,2025-01-29 07:04:09,75f1a4ad-9634-46d9-a36b-e502da9e131d,2,3.0,4.0,379.0,1,0,0,0,0,0,0,0,0,0 days 00:31:20,1
146420,Smartphone Apple iPhone 15 256GB noir,Nest Green,779.0,2025-01-29 07:35:31,75f1a4ad-9634-46d9-a36b-e502da9e131d,2,3.0,4.0,379.0,1,0,0,0,0,0,0,0,0,0 days 00:31:22,1
146514,Smartphone Apple iPhone 15 256GB noir,Nest Green,779.0,2025-01-29 08:06:56,75f1a4ad-9634-46d9-a36b-e502da9e131d,2,3.0,4.0,379.0,1,0,0,0,0,0,0,0,0,0 days 00:31:25,1
146608,Smartphone Apple iPhone 15 256GB noir,Nest Green,779.0,2025-01-29 08:38:17,75f1a4ad-9634-46d9-a36b-e502da9e131d,2,3.0,4.0,379.0,1,0,0,0,0,0,0,0,0,0 days 00:31:21,1
146702,Smartphone Apple iPhone 15 256GB noir,Nest Green,779.0,2025-01-29 09:09:39,75f1a4ad-9634-46d9-a36b-e502da9e131d,2,3.0,4.0,379.0,1,0,0,0,0,0,0,0,0,0 days 00:31:22,1
146796,Smartphone Apple iPhone 15 256GB noir,Nest Green,779.0,2025-01-29 09:41:06,75f1a4ad-9634-46d9-a36b-e502da9e131d,2,3.0,4.0,379.0,1,0,0,0,0,0,0,0,0,0 days 00:31:27,1
146890,Smartphone Apple iPhone 15 256GB noir,Nest Green,779.0,2025-01-29 10:12:33,75f1a4ad-9634-46d9-a36b-e502da9e131d,2,3.0,4.0,379.0,1,0,0,0,0,0,0,0,0,0 days 00:31:27,1
146984,Smartphone Apple iPhone 15 256GB noir,Nest Green,779.0,2025-01-29 10:43:57,75f1a4ad-9634-46d9-a36b-e502da9e131d,2,3.0,4.0,379.0,1,0,0,0,0,0,0,0,0,0 days 00:31:24,1
147078,Smartphone Apple iPhone 15 256GB noir,Nest Green,779.0,2025-01-29 11:15:25,75f1a4ad-9634-46d9-a36b-e502da9e131d,2,3.0,4.0,379.0,1,0,0,0,0,0,0,0,0,0 days 00:31:28,1
147172,Smartphone Apple iPhone 15 256GB noir,Nest Green,779.0,2025-01-29 11:46:52,75f1a4ad-9634-46d9-a36b-e502da9e131d,2,3.0,4.0,379.0,1,0,0,0,0,0,0,0,0,0 days 00:31:27,1
147266,Smartphone Apple iPhone 15 256GB noir,Nest Green,779.0,2025-01-29 12:18:14,75f1a4ad-9634-46d9-a36b-e502da9e131d,2,3.0,4.0,379.0,1,0,0,0,0,0,0,0,0,0 days 00:31:22,1
147360,Smartphone Apple iPhone 15 256GB noir,Nest Green,779.0,2025-01-29 12:49:36,75f1a4ad-9634-46d9-a36b-e502da9e131d,2,3.0,4.0,379.0,1,0,0,0,0,0,0,0,0,0 days 00:31:22,1
147454,Smartphone Apple iPhone 15 256GB noir,Nest Green,779.0,2025-01-29 13:21:02,75f1a4ad-9634-46d9-a36b-e502da9e131d,2,3.0,4.0,379.0,1,0,0,0,0,0,0,0,0,0 days 00:31:26,1
147548,Smartphone Apple iPhone 15 256GB noir,Nest Green,779.0,2025-01-29 13:52:26,75f1a4ad-9634-46d9-a36b-e502da9e131d,2,3.0,4.0,379.0,1,0,0,0,0,0,0,0,0,0 days 00:31:24,1
147642,Smartphone Apple iPhone 15 256GB noir,Nest Green,779.0,2025-01-29 14:23:49,75f1a4ad-9634-46d9-a36b-e502da9e131d,3,3.0,4.0,379.0,1,0,0,0,0,0,0,0,0,0 days 00:31:23,1
147736,Smartphone Apple iPhone 15 256GB noir,Nest Green,779.0,2025-01-29 14:55:15,75f1a4ad-9634-46d9-a36b-e502da9e131d,3,3.0,4.0,379.0,1,0,0,0,0,0,0,0,0,0 days 00:31:26,1
147830,Smartphone Apple iPhone 15 256GB noir,Nest Green,779.0,2025-01-29 15:26:36,75f1a4ad-9634-46d9-a36b-e502da9e131d,3,3.0,4.0,379.0,1,0,0,0,0,0,0,0,0,0 days 00:31:21,1
56989,Smartphone Apple iPhone 14 256Go Noir Midnight,Avegott,659.0,2025-01-08 13:41:28,8da2eaca-7f0a-42b8-bb3e-72e3b3f46d8f,2,4.0,13.0,1295.0,0,0,0,0,1,0,0,0,0,0 days 00:00:00,0
117208,Smartphone Apple iPhone 14 256Go Noir Midnight,Avegott,609.0,2025-01-22 17:48:35,8da2eaca-7f0a-42b8-bb3e-72e3b3f46d8f,3,4.0,13.0,1309.0,0,0,0,0,1,0,0,0,0,14 days 04:07:07,1
117302,Smartphone Apple iPhone 14 256Go Noir Midnight,Avegott,609.0,2025-01-22 18:19:57,8da2eaca-7f0a-42b8-bb3e-72e3b3f46d8f,3,4.0,13.0,1309.0,0,0,0,0,1,0,0,0,0,0 days 00:31:22,1
117396,Smartphone Apple iPhone 14 256Go Noir Midnight,Avegott,609.0,2025-01-22 18:51:21,8da2eaca-7f0a-42b8-bb3e-72e3b3f46d8f,3,4.0,13.0,1309.0,0,0,0,0,1,0,0,0,0,0 days 00:31:24,1
117490,Smartphone Apple iPhone 14 256Go Noir Midnight,Avegott,609.0,2025-01-22 19:22:42,8da2eaca-7f0a-42b8-bb3e-72e3b3f46d8f,3,4.0,13.0,1309.0,0,0,0,0,1,0,0,0,0,0 days 00:31:21,1
117584,Smartphone Apple iPhone 14 256Go Noir Midnight,Avegott,609.0,2025-01-22 19:54:04,8da2eaca-7f0a-42b8-bb3e-72e3b3f46d8f,3,4.0,13.0,1309.0,0,0,0,0,1,0,0,0,0,0 days 00:31:22,1
117678,Smartphone Apple iPhone 14 256Go Noir Midnight,Avegott,609.0,2025-01-22 20:25:25,8da2eaca-7f0a-42b8-bb3e-72e3b3f46d8f,3,4.0,13.0,1309.0,0,0,0,0,1,0,0,0,0,0 days 00:31:21,1
117773,Smartphone Apple iPhone 14 256Go Noir Midnight,Avegott,609.0,2025-01-22 20:56:44,8da2eaca-7f0a-42b8-bb3e-72e3b3f46d8f,3,4.0,13.0,1309.0,0,0,0,0,1,0,0,0,0,0 days 00:31:19,1
117868,Smartphone Apple iPhone 14 256Go Noir Midnight,Avegott,609.0,2025-01-22 21:28:04,8da2eaca-7f0a-42b8-bb3e-72e3b3f46d8f,3,4.0,13.0,1309.0,0,0,0,0,1,0,0,0,0,0 days 00:31:20,1
148986,Smartphone Apple iPhone 14 256Go Noir Midnight,Avegott,579.0,2025-01-29 21:43:30,8da2eaca-7f0a-42b8-bb3e-72e3b3f46d8f,3,4.0,13.0,1316.0,0,0,0,0,1,0,0,0,0,7 days 00:15:26,2
149080,Smartphone Apple iPhone 14 256Go Noir Midnight,Avegott,579.0,2025-01-29 22:14:51,8da2eaca-7f0a-42b8-bb3e-72e3b3f46d8f,3,4.0,13.0,1316.0,0,0,0,0,1,0,0,0,0,0 days 00:31:21,2
149174,Smartphone Apple iPhone 14 256Go Noir Midnight,Avegott,579.0,2025-01-29 22:46:14,8da2eaca-7f0a-42b8-bb3e-72e3b3f46d8f,3,4.0,13.0,1316.0,0,0,0,0,1,0,0,0,0,0 days 00:31:23,2
149268,Smartphone Apple iPhone 14 256Go Noir Midnight,Avegott,579.0,2025-01-29 23:17:36,8da2eaca-7f0a-42b8-bb3e-72e3b3f46d8f,2,4.0,13.0,1316.0,0,0,0,0,1,0,0,0,0,0 days 00:31:22,2
149362,Smartphone Apple iPhone 14 256Go Noir Midnight,Avegott,579.0,2025-01-29 23:48:55,8da2eaca-7f0a-42b8-bb3e-72e3b3f46d8f,2,4.0,13.0,1316.0,0,0,0,0,1,0,0,0,0,0 days 00:31:19,2
149456,Smartphone Apple iPhone 14 256Go Noir Midnight,Avegott,579.0,2025-01-30 00:20:21,8da2eaca-7f0a-42b8-bb3e-72e3b3f46d8f,2,4.0,13.0,1317.0,0,0,0,0,1,0,0,0,0,0 days 00:31:26,2
149550,Smartphone Apple iPhone 14 256Go Noir Midnight,Avegott,579.0,2025-01-30 00:51:44,8da2eaca-7f0a-42b8-bb3e-72e3b3f46d8f,2,4.0,13.0,1317.0,0,0,0,0,1,0,0,0,0,0 days 00:31:23,2
149644,Smartphone Apple iPhone 14 256Go Noir Midnight,Avegott,579.0,2025-01-30 01:23:03,8da2eaca-7f0a-42b8-bb3e-72e3b3f46d8f,2,4.0,13.0,1317.0,0,0,0,0,1,0,0,0,0,0 days 00:31:19,2
149739,Smartphone Apple iPhone 14 256Go Noir Midnight,Avegott,579.0,2025-01-30 01:54:21,8da2eaca-7f0a-42b8-bb3e-72e3b3f46d8f,2,4.0,13.0,1317.0,0,0,0,0,1,0,0,0,0,0 days 00:31:18,2
149834,Smartphone Apple iPhone 14 256Go Noir Midnight,Avegott,579.0,2025-01-30 02:25:42,8da2eaca-7f0a-42b8-bb3e-72e3b3f46d8f,2,4.0,13.0,1317.0,0,0,0,0,1,0,0,0,0,0 days 00:31:21,2
149929,Smartphone Apple iPhone 14 256Go Noir Midnight,Avegott,579.0,2025-01-30 02:57:01,8da2eaca-7f0a-42b8-bb3e-72e3b3f46d8f,2,4.0,13.0,1317.0,0,0,0,0,1,0,0,0,0,0 days 00:31:19,2
150024,Smartphone Apple iPhone 14 256Go Noir Midnight,Avegott,579.0,2025-01-30 03:28:19,8da2eaca-7f0a-42b8-bb3e-72e3b3f46d8f,2,4.0,13.0,1317.0,0,0,0,0,1,0,0,0,0,0 days 00:31:18,2
150119,Smartphone Apple iPhone 14 256Go Noir Midnight,Avegott,579.0,2025-01-30 03:59:37,8da2eaca-7f0a-42b8-bb3e-72e3b3f46d8f,2,4.0,13.0,1317.0,0,0,0,0,1,0,0,0,0,0 days 00:31:18,2
150214,Smartphone Apple iPhone 14 256Go Noir Midnight,Avegott,579.0,2025-01-30 04:30:59,8da2eaca-7f0a-42b8-bb3e-72e3b3f46d8f,2,4.0,13.0,1317.0,0,0,0,0,1,0,0,0,0,0 days 00:31:22,2
150309,Smartphone Apple iPhone 14 256Go Noir Midnight,Avegott,579.0,2025-01-30 05:02:17,8da2eaca-7f0a-42b8-bb3e-72e3b3f46d8f,2,4.0,13.0,1317.0,0,0,0,0,1,0,0,0,0,0 days 00:31:18,2
52559,"Apple iPhone 16 Pro 16 cm (6.3"") Double SIM iOS 18 5G USB Type-C 1 To Noir",Maxmovil,1999.58,2025-01-07 13:38:06,951c633f-4b0f-4a4b-a5b7-972d4d560091,2,4.0,14.0,1292.0,0,0,0,0,0,1,0,0,0,0 days 00:00:00,0
52655,"Apple iPhone 16 Pro 16 cm (6.3"") Double SIM iOS 18 5G USB Type-C 1 To Noir",Maxmovil,1999.58,2025-01-07 14:09:28,951c633f-4b0f-4a4b-a5b7-972d4d560091,3,4.0,14.0,1292.0,0,0,0,0,0,1,0,0,0,0 days 00:31:22,0
52751,"Apple iPhone 16 Pro 16 cm (6.3"") Double SIM iOS 18 5G USB Type-C 1 To Noir",Maxmovil,1999.58,2025-01-07 14:40:51,951c633f-4b0f-4a4b-a5b7-972d4d560091,3,4.0,14.0,1292.0,0,0,0,0,0,1,0,0,0,0 days 00:31:23,0
52847,"Apple iPhone 16 Pro 16 cm (6.3"") Double SIM iOS 18 5G USB Type-C 1 To Noir",Maxmovil,1999.58,2025-01-07 15:12:11,951c633f-4b0f-4a4b-a5b7-972d4d560091,3,4.0,14.0,1292.0,0,0,0,0,0,1,0,0,0,0 days 00:31:20,0
52942,"Apple iPhone 16 Pro 16 cm (6.3"") Double SIM iOS 18 5G USB Type-C 1 To Noir",Maxmovil,1970.09,2025-01-07 15:43:30,951c633f-4b0f-4a4b-a5b7-972d4d560091,3,4.0,14.0,1292.0,0,0,0,0,0,1,0,0,0,0 days 00:31:19,0
53038,"Apple iPhone 16 Pro 16 cm (6.3"") Double SIM iOS 18 5G USB Type-C 1 To Noir",Maxmovil,1970.09,2025-01-07 16:14:52,951c633f-4b0f-4a4b-a5b7-972d4d560091,3,4.0,14.0,1292.0,0,0,0,0,0,1,0,0,0,0 days 00:31:22,0
53134,"Apple iPhone 16 Pro 16 cm (6.3"") Double SIM iOS 18 5G USB Type-C 1 To Noir",Maxmovil,1970.09,2025-01-07 16:46:16,951c633f-4b0f-4a4b-a5b7-972d4d560091,3,4.0,14.0,1292.0,0,0,0,0,0,1,0,0,0,0 days 00:31:24,0
53230,"Apple iPhone 16 Pro 16 cm (6.3"") Double SIM iOS 18 5G USB Type-C 1 To Noir",Maxmovil,1970.09,2025-01-07 17:17:40,951c633f-4b0f-4a4b-a5b7-972d4d560091,3,4.0,14.0,1292.0,0,0,0,0,0,1,0,0,0,0 days 00:31:24,0
53326,"Apple iPhone 16 Pro 16 cm (6.3"") Double SIM iOS 18 5G USB Type-C 1 To Noir",Maxmovil,1970.09,2025-01-07 17:48:59,951c633f-4b0f-4a4b-a5b7-972d4d560091,3,4.0,14.0,1292.0,0,0,0,0,0,1,0,0,0,0 days 00:31:19,0
53423,"Apple iPhone 16 Pro 16 cm (6.3"") Double SIM iOS 18 5G USB Type-C 1 To Noir",Maxmovil,1970.09,2025-01-07 18:20:21,951c633f-4b0f-4a4b-a5b7-972d4d560091,3,4.0,14.0,1292.0,0,0,0,0,0,1,0,0,0,0 days 00:31:22,0
53520,"Apple iPhone 16 Pro 16 cm (6.3"") Double SIM iOS 18 5G USB Type-C 1 To Noir",Maxmovil,1970.09,2025-01-07 18:51:41,951c633f-4b0f-4a4b-a5b7-972d4d560091,3,4.0,14.0,1292.0,0,0,0,0,0,1,0,0,0,0 days 00:31:20,0
78437,"Apple iPhone 16 Pro 16 cm (6.3"") Double SIM iOS 18 5G USB Type-C 1 To Noir",Maxmovil,1970.09,2025-01-13 15:31:24,951c633f-4b0f-4a4b-a5b7-972d4d560091,3,4.0,14.0,1298.0,0,0,0,0,0,1,0,0,0,5 days 20:39:43,1
78528,"Apple iPhone 16 Pro 16 cm (6.3"") Double SIM iOS 18 5G USB Type-C 1 To Noir",Maxmovil,1970.09,2025-01-13 16:02:53,951c633f-4b0f-4a4b-a5b7-972d4d560091,3,4.0,14.0,1298.0,0,0,0,0,0,1,0,0,0,0 days 00:31:29,1
78619,"Apple iPhone 16 Pro 16 cm (6.3"") Double SIM iOS 18 5G USB Type-C 1 To Noir",Maxmovil,1970.09,2025-01-13 16:34:33,951c633f-4b0f-4a4b-a5b7-972d4d560091,3,4.0,14.0,1298.0,0,0,0,0,0,1,0,0,0,0 days 00:31:40,1
78710,"Apple iPhone 16 Pro 16 cm (6.3"") Double SIM iOS 18 5G USB Type-C 1 To Noir",Maxmovil,1970.09,2025-01-13 17:05:52,951c633f-4b0f-4a4b-a5b7-972d4d560091,3,4.0,14.0,1298.0,0,0,0,0,0,1,0,0,0,0 days 00:31:19,1
78801,"Apple iPhone 16 Pro 16 cm (6.3"") Double SIM iOS 18 5G USB Type-C 1 To Noir",Maxmovil,1971.49,2025-01-13 17:37:12,951c633f-4b0f-4a4b-a5b7-972d4d560091,3,4.0,14.0,1298.0,0,0,0,0,0,1,0,0,0,0 days 00:31:20,1
78892,"Apple iPhone 16 Pro 16 cm (6.3"") Double SIM iOS 18 5G USB Type-C 1 To Noir",Maxmovil,1971.49,2025-01-13 18:08:30,951c633f-4b0f-4a4b-a5b7-972d4d560091,3,4.0,14.0,1298.0,0,0,0,0,0,1,0,0,0,0 days 00:31:18,1
78983,"Apple iPhone 16 Pro 16 cm (6.3"") Double SIM iOS 18 5G USB Type-C 1 To Noir",Maxmovil,1971.49,2025-01-13 18:39:49,951c633f-4b0f-4a4b-a5b7-972d4d560091,3,4.0,14.0,1298.0,0,0,0,0,0,1,0,0,0,0 days 00:31:19,1
79074,"Apple iPhone 16 Pro 16 cm (6.3"") Double SIM iOS 18 5G USB Type-C 1 To Noir",Maxmovil,1971.49,2025-01-13 19:11:08,951c633f-4b0f-4a4b-a5b7-972d4d560091,3,4.0,14.0,1298.0,0,0,0,0,0,1,0,0,0,0 days 00:31:19,1
79165,"Apple iPhone 16 Pro 16 cm (6.3"") Double SIM iOS 18 5G USB Type-C 1 To Noir",Maxmovil,1971.49,2025-01-13 19:42:38,951c633f-4b0f-4a4b-a5b7-972d4d560091,3,4.0,14.0,1298.0,0,0,0,0,0,1,0,0,0,0 days 00:31:30,1
79256,"Apple iPhone 16 Pro 16 cm (6.3"") Double SIM iOS 18 5G USB Type-C 1 To Noir",Maxmovil,1971.49,2025-01-13 20:13:55,951c633f-4b0f-4a4b-a5b7-972d4d560091,3,4.0,14.0,1298.0,0,0,0,0,0,1,0,0,0,0 days 00:31:17,1
79347,"Apple iPhone 16 Pro 16 cm (6.3"") Double SIM iOS 18 5G USB Type-C 1 To Noir",Maxmovil,1971.49,2025-01-13 20:45:12,951c633f-4b0f-4a4b-a5b7-972d4d560091,3,4.0,14.0,1298.0,0,0,0,0,0,1,0,0,0,0 days 00:31:17,1
79438,"Apple iPhone 16 Pro 16 cm (6.3"") Double SIM iOS 18 5G USB Type-C 1 To Noir",Maxmovil,1971.49,2025-01-13 21:16:28,951c633f-4b0f-4a4b-a5b7-972d4d560091,3,4.0,14.0,1298.0,0,0,0,0,0,1,0,0,0,0 days 00:31:16,1
79529,"Apple iPhone 16 Pro 16 cm (6.3"") Double SIM iOS 18 5G USB Type-C 1 To Noir",Maxmovil,1971.49,2025-01-13 21:47:45,951c633f-4b0f-4a4b-a5b7-972d4d560091,3,4.0,14.0,1298.0,0,0,0,0,0,1,0,0,0,0 days 00:31:17,1
79620,"Apple iPhone 16 Pro 16 cm (6.3"") Double SIM iOS 18 5G USB Type-C 1 To Noir",Maxmovil,1971.49,2025-01-13 22:19:01,951c633f-4b0f-4a4b-a5b7-972d4d560091,3,4.0,14.0,1298.0,0,0,0,0,0,1,0,0,0,0 days 00:31:16,1
79711,"Apple iPhone 16 Pro 16 cm (6.3"") Double SIM iOS 18 5G USB Type-C 1 To Noir",Maxmovil,1971.49,2025-01-13 22:50:17,951c633f-4b0f-4a4b-a5b7-972d4d560091,3,4.0,14.0,1298.0,0,0,0,0,0,1,0,0,0,0 days 00:31:16,1
79802,"Apple iPhone 16 Pro 16 cm (6.3"") Double SIM iOS 18 5G USB Type-C 1 To Noir",Maxmovil,1971.49,2025-01-13 23:21:34,951c633f-4b0f-4a4b-a5b7-972d4d560091,2,4.0,14.0,1298.0,0,0,0,0,0,1,0,0,0,0 days 00:31:17,1
79892,"Apple iPhone 16 Pro 16 cm (6.3"") Double SIM iOS 18 5G USB Type-C 1 To Noir",Maxmovil,1971.49,2025-01-13 23:52:50,951c633f-4b0f-4a4b-a5b7-972d4d560091,2,4.0,14.0,1298.0,0,0,0,0,0,1,0,0,0,0 days 00:31:16,1
79982,"Apple iPhone 16 Pro 16 cm (6.3"") Double SIM iOS 18 5G USB Type-C 1 To Noir",Maxmovil,1971.49,2025-01-14 00:24:07,951c633f-4b0f-4a4b-a5b7-972d4d560091,2,4.0,14.0,1299.0,0,0,0,0,0,1,0,0,0,0 days 00:31:17,1
80072,"Apple iPhone 16 Pro 16 cm (6.3"") Double SIM iOS 18 5G USB Type-C 1 To Noir",Maxmovil,1971.49,2025-01-14 00:55:24,951c633f-4b0f-4a4b-a5b7-972d4d560091,2,4.0,14.0,1299.0,0,0,0,0,0,1,0,0,0,0 days 00:31:17,1
80162,"Apple iPhone 16 Pro 16 cm (6.3"") Double SIM iOS 18 5G USB Type-C 1 To Noir",Maxmovil,1971.49,2025-01-14 01:26:41,951c633f-4b0f-4a4b-a5b7-972d4d560091,2,4.0,14.0,1299.0,0,0,0,0,0,1,0,0,0,0 days 00:31:17,1
80252,"Apple iPhone 16 Pro 16 cm (6.3"") Double SIM iOS 18 5G USB Type-C 1 To Noir",Maxmovil,1971.49,2025-01-14 01:57:59,951c633f-4b0f-4a4b-a5b7-972d4d560091,2,4.0,14.0,1299.0,0,0,0,0,0,1,0,0,0,0 days 00:31:18,1
80342,"Apple iPhone 16 Pro 16 cm (6.3"") Double SIM iOS 18 5G USB Type-C 1 To Noir",Maxmovil,1971.49,2025-01-14 02:29:15,951c633f-4b0f-4a4b-a5b7-972d4d560091,2,4.0,14.0,1299.0,0,0,0,0,0,1,0,0,0,0 days 00:31:16,1
80433,"Apple iPhone 16 Pro 16 cm (6.3"") Double SIM iOS 18 5G USB Type-C 1 To Noir",Maxmovil,1971.49,2025-01-14 03:00:31,951c633f-4b0f-4a4b-a5b7-972d4d560091,2,4.0,14.0,1299.0,0,0,0,0,0,1,0,0,0,0 days 00:31:16,1
80524,"Apple iPhone 16 Pro 16 cm (6.3"") Double SIM iOS 18 5G USB Type-C 1 To Noir",Maxmovil,1971.49,2025-01-14 03:31:48,951c633f-4b0f-4a4b-a5b7-972d4d560091,2,4.0,14.0,1299.0,0,0,0,0,0,1,0,0,0,0 days 00:31:17,1
80615,"Apple iPhone 16 Pro 16 cm (6.3"") Double SIM iOS 18 5G USB Type-C 1 To Noir",Maxmovil,1971.49,2025-01-14 04:03:05,951c633f-4b0f-4a4b-a5b7-972d4d560091,2,4.0,14.0,1299.0,0,0,0,0,0,1,0,0,0,0 days 00:31:17,1
80706,"Apple iPhone 16 Pro 16 cm (6.3"") Double SIM iOS 18 5G USB Type-C 1 To Noir",Maxmovil,1971.49,2025-01-14 04:34:22,951c633f-4b0f-4a4b-a5b7-972d4d560091,2,4.0,14.0,1299.0,0,0,0,0,0,1,0,0,0,0 days 00:31:17,1
80797,"Apple iPhone 16 Pro 16 cm (6.3"") Double SIM iOS 18 5G USB Type-C 1 To Noir",Maxmovil,1971.49,2025-01-14 05:05:38,951c633f-4b0f-4a4b-a5b7-972d4d560091,2,4.0,14.0,1299.0,0,0,0,0,0,1,0,0,0,0 days 00:31:16,1
80888,"Apple iPhone 16 Pro 16 cm (6.3"") Double SIM iOS 18 5G USB Type-C 1 To Noir",Maxmovil,1971.49,2025-01-14 05:36:54,951c633f-4b0f-4a4b-a5b7-972d4d560091,2,4.0,14.0,1299.0,0,0,0,0,0,1,0,0,0,0 days 00:31:16,1
80979,"Apple iPhone 16 Pro 16 cm (6.3"") Double SIM iOS 18 5G USB Type-C 1 To Noir",Maxmovil,1971.49,2025-01-14 06:08:13,951c633f-4b0f-4a4b-a5b7-972d4d560091,2,4.0,14.0,1299.0,0,0,0,0,0,1,0,0,0,0 days 00:31:19,1
81070,"Apple iPhone 16 Pro 16 cm (6.3"") Double SIM iOS 18 5G USB Type-C 1 To Noir",Maxmovil,1971.49,2025-01-14 06:39:29,951c633f-4b0f-4a4b-a5b7-972d4d560091,2,4.0,14.0,1299.0,0,0,0,0,0,1,0,0,0,0 days 00:31:16,1
81161,"Apple iPhone 16 Pro 16 cm (6.3"") Double SIM iOS 18 5G USB Type-C 1 To Noir",Maxmovil,1971.49,2025-01-14 07:10:50,951c633f-4b0f-4a4b-a5b7-972d4d560091,2,4.0,14.0,1299.0,0,0,0,0,0,1,0,0,0,0 days 00:31:21,1
81252,"Apple iPhone 16 Pro 16 cm (6.3"") Double SIM iOS 18 5G USB Type-C 1 To Noir",Maxmovil,1971.49,2025-01-14 07:42:11,951c633f-4b0f-4a4b-a5b7-972d4d560091,2,4.0,14.0,1299.0,0,0,0,0,0,1,0,0,0,0 days 00:31:21,1
81343,"Apple iPhone 16 Pro 16 cm (6.3"") Double SIM iOS 18 5G USB Type-C 1 To Noir",Maxmovil,1971.49,2025-01-14 08:13:31,951c633f-4b0f-4a4b-a5b7-972d4d560091,2,4.0,14.0,1299.0,0,0,0,0,0,1,0,0,0,0 days 00:31:20,1
81434,"Apple iPhone 16 Pro 16 cm (6.3"") Double SIM iOS 18 5G USB Type-C 1 To Noir",Maxmovil,1971.49,2025-01-14 08:44:51,951c633f-4b0f-4a4b-a5b7-972d4d560091,2,4.0,14.0,1299.0,0,0,0,0,0,1,0,0,0,0 days 00:31:20,1
81525,"Apple iPhone 16 Pro 16 cm (6.3"") Double SIM iOS 18 5G USB Type-C 1 To Noir",Maxmovil,1971.49,2025-01-14 09:16:11,951c633f-4b0f-4a4b-a5b7-972d4d560091,2,4.0,14.0,1299.0,0,0,0,0,0,1,0,0,0,0 days 00:31:20,1
81616,"Apple iPhone 16 Pro 16 cm (6.3"") Double SIM iOS 18 5G USB Type-C 1 To Noir",Maxmovil,1971.49,2025-01-14 09:47:31,951c633f-4b0f-4a4b-a5b7-972d4d560091,2,4.0,14.0,1299.0,0,0,0,0,0,1,0,0,0,0 days 00:31:20,1
81707,"Apple iPhone 16 Pro 16 cm (6.3"") Double SIM iOS 18 5G USB Type-C 1 To Noir",Maxmovil,1971.49,2025-01-14 10:18:56,951c633f-4b0f-4a4b-a5b7-972d4d560091,2,4.0,14.0,1299.0,0,0,0,0,0,1,0,0,0,0 days 00:31:25,1
81798,"Apple iPhone 16 Pro 16 cm (6.3"") Double SIM iOS 18 5G USB Type-C 1 To Noir",Maxmovil,1971.49,2025-01-14 10:50:23,951c633f-4b0f-4a4b-a5b7-972d4d560091,2,4.0,14.0,1299.0,0,0,0,0,0,1,0,0,0,0 days 00:31:27,1
81889,"Apple iPhone 16 Pro 16 cm (6.3"") Double SIM iOS 18 5G USB Type-C 1 To Noir",Maxmovil,1971.49,2025-01-14 11:21:41,951c633f-4b0f-4a4b-a5b7-972d4d560091,2,4.0,14.0,1299.0,0,0,0,0,0,1,0,0,0,0 days 00:31:18,1
81981,"Apple iPhone 16 Pro 16 cm (6.3"") Double SIM iOS 18 5G USB Type-C 1 To Noir",Maxmovil,1971.49,2025-01-14 11:52:58,951c633f-4b0f-4a4b-a5b7-972d4d560091,2,4.0,14.0,1299.0,0,0,0,0,0,1,0,0,0,0 days 00:31:17,1
82073,"Apple iPhone 16 Pro 16 cm (6.3"") Double SIM iOS 18 5G USB Type-C 1 To Noir",Maxmovil,1971.49,2025-01-14 12:24:19,951c633f-4b0f-4a4b-a5b7-972d4d560091,2,4.0,14.0,1299.0,0,0,0,0,0,1,0,0,0,0 days 00:31:21,1
82165,"Apple iPhone 16 Pro 16 cm (6.3"") Double SIM iOS 18 5G USB Type-C 1 To Noir",Maxmovil,1971.49,2025-01-14 12:55:40,951c633f-4b0f-4a4b-a5b7-972d4d560091,2,4.0,14.0,1299.0,0,0,0,0,0,1,0,0,0,0 days 00:31:21,1
82257,"Apple iPhone 16 Pro 16 cm (6.3"") Double SIM iOS 18 5G USB Type-C 1 To Noir",Maxmovil,1971.49,2025-01-14 13:27:01,951c633f-4b0f-4a4b-a5b7-972d4d560091,2,4.0,14.0,1299.0,0,0,0,0,0,1,0,0,0,0 days 00:31:21,1
82349,"Apple iPhone 16 Pro 16 cm (6.3"") Double SIM iOS 18 5G USB Type-C 1 To Noir",Maxmovil,1971.49,2025-01-14 13:58:21,951c633f-4b0f-4a4b-a5b7-972d4d560091,2,4.0,14.0,1299.0,0,0,0,0,0,1,0,0,0,0 days 00:31:20,1
82441,"Apple iPhone 16 Pro 16 cm (6.3"") Double SIM iOS 18 5G USB Type-C 1 To Noir",Maxmovil,1971.49,2025-01-14 14:29:39,951c633f-4b0f-4a4b-a5b7-972d4d560091,3,4.0,14.0,1299.0,0,0,0,0,0,1,0,0,0,0 days 00:31:18,1
82533,"Apple iPhone 16 Pro 16 cm (6.3"") Double SIM iOS 18 5G USB Type-C 1 To Noir",Maxmovil,1971.49,2025-01-14 15:00:59,951c633f-4b0f-4a4b-a5b7-972d4d560091,3,4.0,14.0,1299.0,0,0,0,0,0,1,0,0,0,0 days 00:31:20,1
82625,"Apple iPhone 16 Pro 16 cm (6.3"") Double SIM iOS 18 5G USB Type-C 1 To Noir",Maxmovil,1971.49,2025-01-14 15:32:19,951c633f-4b0f-4a4b-a5b7-972d4d560091,3,4.0,14.0,1299.0,0,0,0,0,0,1,0,0,0,0 days 00:31:20,1
82717,"Apple iPhone 16 Pro 16 cm (6.3"") Double SIM iOS 18 5G USB Type-C 1 To Noir",Maxmovil,1971.49,2025-01-14 16:03:39,951c633f-4b0f-4a4b-a5b7-972d4d560091,3,4.0,14.0,1299.0,0,0,0,0,0,1,0,0,0,0 days 00:31:20,1
82809,"Apple iPhone 16 Pro 16 cm (6.3"") Double SIM iOS 18 5G USB Type-C 1 To Noir",Maxmovil,1971.49,2025-01-14 16:34:57,951c633f-4b0f-4a4b-a5b7-972d4d560091,3,4.0,14.0,1299.0,0,0,0,0,0,1,0,0,0,0 days 00:31:18,1
82901,"Apple iPhone 16 Pro 16 cm (6.3"") Double SIM iOS 18 5G USB Type-C 1 To Noir",Maxmovil,1971.49,2025-01-14 17:06:15,951c633f-4b0f-4a4b-a5b7-972d4d560091,3,4.0,14.0,1299.0,0,0,0,0,0,1,0,0,0,0 days 00:31:18,1
82993,"Apple iPhone 16 Pro 16 cm (6.3"") Double SIM iOS 18 5G USB Type-C 1 To Noir",Maxmovil,1971.49,2025-01-14 17:37:35,951c633f-4b0f-4a4b-a5b7-972d4d560091,3,4.0,14.0,1299.0,0,0,0,0,0,1,0,0,0,0 days 00:31:20,1
83085,"Apple iPhone 16 Pro 16 cm (6.3"") Double SIM iOS 18 5G USB Type-C 1 To Noir",Maxmovil,1971.49,2025-01-14 18:08:56,951c633f-4b0f-4a4b-a5b7-972d4d560091,3,4.0,14.0,1299.0,0,0,0,0,0,1,0,0,0,0 days 00:31:21,1
83177,"Apple iPhone 16 Pro 16 cm (6.3"") Double SIM iOS 18 5G USB Type-C 1 To Noir",Maxmovil,1971.49,2025-01-14 18:40:17,951c633f-4b0f-4a4b-a5b7-972d4d560091,3,4.0,14.0,1299.0,0,0,0,0,0,1,0,0,0,0 days 00:31:21,1
83269,"Apple iPhone 16 Pro 16 cm (6.3"") Double SIM iOS 18 5G USB Type-C 1 To Noir",Maxmovil,1971.49,2025-01-14 19:11:36,951c633f-4b0f-4a4b-a5b7-972d4d560091,3,4.0,14.0,1299.0,0,0,0,0,0,1,0,0,0,0 days 00:31:19,1
83361,"Apple iPhone 16 Pro 16 cm (6.3"") Double SIM iOS 18 5G USB Type-C 1 To Noir",Maxmovil,1971.49,2025-01-14 19:42:55,951c633f-4b0f-4a4b-a5b7-972d4d560091,3,4.0,14.0,1299.0,0,0,0,0,0,1,0,0,0,0 days 00:31:19,1
83453,"Apple iPhone 16 Pro 16 cm (6.3"") Double SIM iOS 18 5G USB Type-C 1 To Noir",Maxmovil,1971.49,2025-01-14 20:14:17,951c633f-4b0f-4a4b-a5b7-972d4d560091,3,4.0,14.0,1299.0,0,0,0,0,0,1,0,0,0,0 days 00:31:22,1
83545,"Apple iPhone 16 Pro 16 cm (6.3"") Double SIM iOS 18 5G USB Type-C 1 To Noir",Maxmovil,1971.49,2025-01-14 20:45:42,951c633f-4b0f-4a4b-a5b7-972d4d560091,3,4.0,14.0,1299.0,0,0,0,0,0,1,0,0,0,0 days 00:31:25,1
83637,"Apple iPhone 16 Pro 16 cm (6.3"") Double SIM iOS 18 5G USB Type-C 1 To Noir",Maxmovil,1971.49,2025-01-14 21:17:09,951c633f-4b0f-4a4b-a5b7-972d4d560091,3,4.0,14.0,1299.0,0,0,0,0,0,1,0,0,0,0 days 00:31:27,1
83729,"Apple iPhone 16 Pro 16 cm (6.3"") Double SIM iOS 18 5G USB Type-C 1 To Noir",Maxmovil,1971.49,2025-01-14 21:48:36,951c633f-4b0f-4a4b-a5b7-972d4d560091,3,4.0,14.0,1299.0,0,0,0,0,0,1,0,0,0,0 days 00:31:27,1
83821,"Apple iPhone 16 Pro 16 cm (6.3"") Double SIM iOS 18 5G USB Type-C 1 To Noir",Maxmovil,1971.49,2025-01-14 22:20:02,951c633f-4b0f-4a4b-a5b7-972d4d560091,3,4.0,14.0,1299.0,0,0,0,0,0,1,0,0,0,0 days 00:31:26,1
83913,"Apple iPhone 16 Pro 16 cm (6.3"") Double SIM iOS 18 5G USB Type-C 1 To Noir",Maxmovil,1971.49,2025-01-14 22:51:31,951c633f-4b0f-4a4b-a5b7-972d4d560091,3,4.0,14.0,1299.0,0,0,0,0,0,1,0,0,0,0 days 00:31:29,1
84005,"Apple iPhone 16 Pro 16 cm (6.3"") Double SIM iOS 18 5G USB Type-C 1 To Noir",Maxmovil,1971.49,2025-01-14 23:22:55,951c633f-4b0f-4a4b-a5b7-972d4d560091,2,4.0,14.0,1299.0,0,0,0,0,0,1,0,0,0,0 days 00:31:24,1
84096,"Apple iPhone 16 Pro 16 cm (6.3"") Double SIM iOS 18 5G USB Type-C 1 To Noir",Maxmovil,1971.49,2025-01-14 23:54:18,951c633f-4b0f-4a4b-a5b7-972d4d560091,2,4.0,14.0,1299.0,0,0,0,0,0,1,0,0,0,0 days 00:31:23,1
84187,"Apple iPhone 16 Pro 16 cm (6.3"") Double SIM iOS 18 5G USB Type-C 1 To Noir",Maxmovil,1971.49,2025-01-15 00:25:46,951c633f-4b0f-4a4b-a5b7-972d4d560091,2,4.0,14.0,1300.0,0,0,0,0,0,1,0,0,0,0 days 00:31:28,1
84278,"Apple iPhone 16 Pro 16 cm (6.3"") Double SIM iOS 18 5G USB Type-C 1 To Noir",Maxmovil,1971.49,2025-01-15 00:57:12,951c633f-4b0f-4a4b-a5b7-972d4d560091,2,4.0,14.0,1300.0,0,0,0,0,0,1,0,0,0,0 days 00:31:26,1
84369,"Apple iPhone 16 Pro 16 cm (6.3"") Double SIM iOS 18 5G USB Type-C 1 To Noir",Maxmovil,1971.49,2025-01-15 01:28:33,951c633f-4b0f-4a4b-a5b7-972d4d560091,2,4.0,14.0,1300.0,0,0,0,0,0,1,0,0,0,0 days 00:31:21,1
84460,"Apple iPhone 16 Pro 16 cm (6.3"") Double SIM iOS 18 5G USB Type-C 1 To Noir",Maxmovil,1971.49,2025-01-15 01:59:51,951c633f-4b0f-4a4b-a5b7-972d4d560091,2,4.0,14.0,1300.0,0,0,0,0,0,1,0,0,0,0 days 00:31:18,1
84551,"Apple iPhone 16 Pro 16 cm (6.3"") Double SIM iOS 18 5G USB Type-C 1 To Noir",Maxmovil,1971.49,2025-01-15 02:31:08,951c633f-4b0f-4a4b-a5b7-972d4d560091,2,4.0,14.0,1300.0,0,0,0,0,0,1,0,0,0,0 days 00:31:17,1
84642,"Apple iPhone 16 Pro 16 cm (6.3"") Double SIM iOS 18 5G USB Type-C 1 To Noir",Maxmovil,1971.49,2025-01-15 03:02:28,951c633f-4b0f-4a4b-a5b7-972d4d560091,2,4.0,14.0,1300.0,0,0,0,0,0,1,0,0,0,0 days 00:31:20,1
84733,"Apple iPhone 16 Pro 16 cm (6.3"") Double SIM iOS 18 5G USB Type-C 1 To Noir",Maxmovil,1971.49,2025-01-15 03:33:47,951c633f-4b0f-4a4b-a5b7-972d4d560091,2,4.0,14.0,1300.0,0,0,0,0,0,1,0,0,0,0 days 00:31:19,1
84824,"Apple iPhone 16 Pro 16 cm (6.3"") Double SIM iOS 18 5G USB Type-C 1 To Noir",Maxmovil,1971.49,2025-01-15 04:05:07,951c633f-4b0f-4a4b-a5b7-972d4d560091,2,4.0,14.0,1300.0,0,0,0,0,0,1,0,0,0,0 days 00:31:20,1
84915,"Apple iPhone 16 Pro 16 cm (6.3"") Double SIM iOS 18 5G USB Type-C 1 To Noir",Maxmovil,1971.49,2025-01-15 04:36:28,951c633f-4b0f-4a4b-a5b7-972d4d560091,2,4.0,14.0,1300.0,0,0,0,0,0,1,0,0,0,0 days 00:31:21,1
85006,"Apple iPhone 16 Pro 16 cm (6.3"") Double SIM iOS 18 5G USB Type-C 1 To Noir",Maxmovil,1971.49,2025-01-15 05:07:48,951c633f-4b0f-4a4b-a5b7-972d4d560091,2,4.0,14.0,1300.0,0,0,0,0,0,1,0,0,0,0 days 00:31:20,1
85098,"Apple iPhone 16 Pro 16 cm (6.3"") Double SIM iOS 18 5G USB Type-C 1 To Noir",Maxmovil,1971.49,2025-01-15 05:39:09,951c633f-4b0f-4a4b-a5b7-972d4d560091,2,4.0,14.0,1300.0,0,0,0,0,0,1,0,0,0,0 days 00:31:21,1
85189,"Apple iPhone 16 Pro 16 cm (6.3"") Double SIM iOS 18 5G USB Type-C 1 To Noir",Maxmovil,1971.49,2025-01-15 06:10:31,951c633f-4b0f-4a4b-a5b7-972d4d560091,2,4.0,14.0,1300.0,0,0,0,0,0,1,0,0,0,0 days 00:31:22,1
85280,"Apple iPhone 16 Pro 16 cm (6.3"") Double SIM iOS 18 5G USB Type-C 1 To Noir",Maxmovil,1971.49,2025-01-15 06:41:48,951c633f-4b0f-4a4b-a5b7-972d4d560091,2,4.0,14.0,1300.0,0,0,0,0,0,1,0,0,0,0 days 00:31:17,1
85371,"Apple iPhone 16 Pro 16 cm (6.3"") Double SIM iOS 18 5G USB Type-C 1 To Noir",Maxmovil,1971.49,2025-01-15 07:13:08,951c633f-4b0f-4a4b-a5b7-972d4d560091,2,4.0,14.0,1300.0,0,0,0,0,0,1,0,0,0,0 days 00:31:20,1
85462,"Apple iPhone 16 Pro 16 cm (6.3"") Double SIM iOS 18 5G USB Type-C 1 To Noir",Maxmovil,1971.49,2025-01-15 07:44:25,951c633f-4b0f-4a4b-a5b7-972d4d560091,2,4.0,14.0,1300.0,0,0,0,0,0,1,0,0,0,0 days 00:31:17,1
85553,"Apple iPhone 16 Pro 16 cm (6.3"") Double SIM iOS 18 5G USB Type-C 1 To Noir",Maxmovil,1971.49,2025-01-15 08:15:43,951c633f-4b0f-4a4b-a5b7-972d4d560091,2,4.0,14.0,1300.0,0,0,0,0,0,1,0,0,0,0 days 00:31:18,1
85644,"Apple iPhone 16 Pro 16 cm (6.3"") Double SIM iOS 18 5G USB Type-C 1 To Noir",Maxmovil,1971.49,2025-01-15 08:47:01,951c633f-4b0f-4a4b-a5b7-972d4d560091,2,4.0,14.0,1300.0,0,0,0,0,0,1,0,0,0,0 days 00:31:18,1
85735,"Apple iPhone 16 Pro 16 cm (6.3"") Double SIM iOS 18 5G USB Type-C 1 To Noir",Maxmovil,1971.49,2025-01-15 09:18:20,951c633f-4b0f-4a4b-a5b7-972d4d560091,2,4.0,14.0,1300.0,0,0,0,0,0,1,0,0,0,0 days 00:31:19,1
85826,"Apple iPhone 16 Pro 16 cm (6.3"") Double SIM iOS 18 5G USB Type-C 1 To Noir",Maxmovil,1971.49,2025-01-15 09:49:37,951c633f-4b0f-4a4b-a5b7-972d4d560091,2,4.0,14.0,1300.0,0,0,0,0,0,1,0,0,0,0 days 00:31:17,1
85917,"Apple iPhone 16 Pro 16 cm (6.3"") Double SIM iOS 18 5G USB Type-C 1 To Noir",Maxmovil,1971.49,2025-01-15 10:20:56,951c633f-4b0f-4a4b-a5b7-972d4d560091,2,4.0,14.0,1300.0,0,0,0,0,0,1,0,0,0,0 days 00:31:19,1
86008,"Apple iPhone 16 Pro 16 cm (6.3"") Double SIM iOS 18 5G USB Type-C 1 To Noir",Maxmovil,1971.49,2025-01-15 10:52:13,951c633f-4b0f-4a4b-a5b7-972d4d560091,2,4.0,14.0,1300.0,0,0,0,0,0,1,0,0,0,0 days 00:31:17,1
86099,"Apple iPhone 16 Pro 16 cm (6.3"") Double SIM iOS 18 5G USB Type-C 1 To Noir",Maxmovil,1971.49,2025-01-15 11:23:33,951c633f-4b0f-4a4b-a5b7-972d4d560091,2,4.0,14.0,1300.0,0,0,0,0,0,1,0,0,0,0 days 00:31:20,1
86190,"Apple iPhone 16 Pro 16 cm (6.3"") Double SIM iOS 18 5G USB Type-C 1 To Noir",Maxmovil,1971.49,2025-01-15 11:54:51,951c633f-4b0f-4a4b-a5b7-972d4d560091,2,4.0,14.0,1300.0,0,0,0,0,0,1,0,0,0,0 days 00:31:18,1
86281,"Apple iPhone 16 Pro 16 cm (6.3"") Double SIM iOS 18 5G USB Type-C 1 To Noir",Maxmovil,1971.49,2025-01-15 12:26:11,951c633f-4b0f-4a4b-a5b7-972d4d560091,2,4.0,14.0,1300.0,0,0,0,0,0,1,0,0,0,0 days 00:31:20,1
86372,"Apple iPhone 16 Pro 16 cm (6.3"") Double SIM iOS 18 5G USB Type-C 1 To Noir",Maxmovil,1971.49,2025-01-15 12:57:29,951c633f-4b0f-4a4b-a5b7-972d4d560091,2,4.0,14.0,1300.0,0,0,0,0,0,1,0,0,0,0 days 00:31:18,1
86464,"Apple iPhone 16 Pro 16 cm (6.3"") Double SIM iOS 18 5G USB Type-C 1 To Noir",Maxmovil,1971.49,2025-01-15 13:28:47,951c633f-4b0f-4a4b-a5b7-972d4d560091,2,4.0,14.0,1300.0,0,0,0,0,0,1,0,0,0,0 days 00:31:18,1
86556,"Apple iPhone 16 Pro 16 cm (6.3"") Double SIM iOS 18 5G USB Type-C 1 To Noir",Maxmovil,1971.49,2025-01-15 14:00:10,951c633f-4b0f-4a4b-a5b7-972d4d560091,3,4.0,14.0,1300.0,0,0,0,0,0,1,0,0,0,0 days 00:31:23,1
86648,"Apple iPhone 16 Pro 16 cm (6.3"") Double SIM iOS 18 5G USB Type-C 1 To Noir",Maxmovil,1971.49,2025-01-15 14:31:30,951c633f-4b0f-4a4b-a5b7-972d4d560091,3,4.0,14.0,1300.0,0,0,0,0,0,1,0,0,0,0 days 00:31:20,1
86740,"Apple iPhone 16 Pro 16 cm (6.3"") Double SIM iOS 18 5G USB Type-C 1 To Noir",Maxmovil,1971.49,2025-01-15 15:02:48,951c633f-4b0f-4a4b-a5b7-972d4d560091,3,4.0,14.0,1300.0,0,0,0,0,0,1,0,0,0,0 days 00:31:18,1
67854,"Apple iPhone 16 15,5 cm (6.1"") Double SIM iOS 18 5G USB Type-C 512 Go Noir",Icoza,1701.46,2025-01-11 02:51:05,98b12821-acb5-4aa6-a5d4-129db155e1d9,3,4.0,140.0,1583.0,0,0,0,0,0,0,0,0,0,1 days 09:59:33,1
67940,"Apple iPhone 16 15,5 cm (6.1"") Double SIM iOS 18 5G USB Type-C 512 Go Noir",Icoza,1408.32,2025-01-11 03:22:24,98b12821-acb5-4aa6-a5d4-129db155e1d9,3,4.0,140.0,1583.0,0,0,0,0,0,0,0,0,0,0 days 00:31:19,1
68031,"Apple iPhone 16 15,5 cm (6.1"") Double SIM iOS 18 5G USB Type-C 512 Go Noir",Icoza,1408.32,2025-01-11 03:53:43,98b12821-acb5-4aa6-a5d4-129db155e1d9,3,4.0,140.0,1583.0,0,0,0,0,0,0,0,0,0,0 days 00:31:19,1
68122,"Apple iPhone 16 15,5 cm (6.1"") Double SIM iOS 18 5G USB Type-C 512 Go Noir",Icoza,1408.32,2025-01-11 04:25:03,98b12821-acb5-4aa6-a5d4-129db155e1d9,3,4.0,140.0,1583.0,0,0,0,0,0,0,0,0,0,0 days 00:31:20,1
68213,"Apple iPhone 16 15,5 cm (6.1"") Double SIM iOS 18 5G USB Type-C 512 Go Noir",Icoza,1408.32,2025-01-11 04:56:27,98b12821-acb5-4aa6-a5d4-129db155e1d9,3,4.0,140.0,1583.0,0,0,0,0,0,0,0,0,0,0 days 00:31:24,1
68304,"Apple iPhone 16 15,5 cm (6.1"") Double SIM iOS 18 5G USB Type-C 512 Go Noir",Icoza,1408.32,2025-01-11 05:27:48,98b12821-acb5-4aa6-a5d4-129db155e1d9,3,4.0,140.0,1583.0,0,0,0,0,0,0,0,0,0,0 days 00:31:21,1
68395,"Apple iPhone 16 15,5 cm (6.1"") Double SIM iOS 18 5G USB Type-C 512 Go Noir",Icoza,1408.32,2025-01-11 05:59:08,98b12821-acb5-4aa6-a5d4-129db155e1d9,3,4.0,140.0,1583.0,0,0,0,0,0,0,0,0,0,0 days 00:31:20,1
68486,"Apple iPhone 16 15,5 cm (6.1"") Double SIM iOS 18 5G USB Type-C 512 Go Noir",Icoza,1408.32,2025-01-11 06:30:31,98b12821-acb5-4aa6-a5d4-129db155e1d9,3,4.0,140.0,1583.0,0,0,0,0,0,0,0,0,0,0 days 00:31:23,1
68577,"Apple iPhone 16 15,5 cm (6.1"") Double SIM iOS 18 5G USB Type-C 512 Go Noir",Icoza,1408.32,2025-01-11 07:01:56,98b12821-acb5-4aa6-a5d4-129db155e1d9,3,4.0,140.0,1583.0,0,0,0,0,0,0,0,0,0,0 days 00:31:25,1
68668,"Apple iPhone 16 15,5 cm (6.1"") Double SIM iOS 18 5G USB Type-C 512 Go Noir",Icoza,1408.32,2025-01-11 07:33:19,98b12821-acb5-4aa6-a5d4-129db155e1d9,3,4.0,140.0,1583.0,0,0,0,0,0,0,0,0,0,0 days 00:31:23,1
68759,"Apple iPhone 16 15,5 cm (6.1"") Double SIM iOS 18 5G USB Type-C 512 Go Noir",Icoza,1408.32,2025-01-11 08:04:38,98b12821-acb5-4aa6-a5d4-129db155e1d9,3,4.0,140.0,1583.0,0,0,0,0,0,0,0,0,0,0 days 00:31:19,1
68850,"Apple iPhone 16 15,5 cm (6.1"") Double SIM iOS 18 5G USB Type-C 512 Go Noir",Icoza,1408.32,2025-01-11 08:36:05,98b12821-acb5-4aa6-a5d4-129db155e1d9,3,4.0,140.0,1583.0,0,0,0,0,0,0,0,0,0,0 days 00:31:27,1
68941,"Apple iPhone 16 15,5 cm (6.1"") Double SIM iOS 18 5G USB Type-C 512 Go Noir",Icoza,1408.32,2025-01-11 09:07:29,98b12821-acb5-4aa6-a5d4-129db155e1d9,3,4.0,140.0,1583.0,0,0,0,0,0,0,0,0,0,0 days 00:31:24,1
69032,"Apple iPhone 16 15,5 cm (6.1"") Double SIM iOS 18 5G USB Type-C 512 Go Noir",Icoza,1408.32,2025-01-11 09:38:51,98b12821-acb5-4aa6-a5d4-129db155e1d9,3,4.0,140.0,1583.0,0,0,0,0,0,0,0,0,0,0 days 00:31:22,1
69123,"Apple iPhone 16 15,5 cm (6.1"") Double SIM iOS 18 5G USB Type-C 512 Go Noir",Icoza,1408.32,2025-01-11 10:10:13,98b12821-acb5-4aa6-a5d4-129db155e1d9,3,4.0,140.0,1583.0,0,0,0,0,0,0,0,0,0,0 days 00:31:22,1
69214,"Apple iPhone 16 15,5 cm (6.1"") Double SIM iOS 18 5G USB Type-C 512 Go Noir",Icoza,1408.32,2025-01-11 10:41:38,98b12821-acb5-4aa6-a5d4-129db155e1d9,3,4.0,140.0,1583.0,0,0,0,0,0,0,0,0,0,0 days 00:31:25,1
69305,"Apple iPhone 16 15,5 cm (6.1"") Double SIM iOS 18 5G USB Type-C 512 Go Noir",Icoza,1408.32,2025-01-11 11:12:59,98b12821-acb5-4aa6-a5d4-129db155e1d9,3,4.0,140.0,1583.0,0,0,0,0,0,0,0,0,0,0 days 00:31:21,1
69396,"Apple iPhone 16 15,5 cm (6.1"") Double SIM iOS 18 5G USB Type-C 512 Go Noir",Icoza,1408.32,2025-01-11 11:44:22,98b12821-acb5-4aa6-a5d4-129db155e1d9,3,4.0,140.0,1583.0,0,0,0,0,0,0,0,0,0,0 days 00:31:23,1
69487,"Apple iPhone 16 15,5 cm (6.1"") Double SIM iOS 18 5G USB Type-C 512 Go Noir",Icoza,1408.32,2025-01-11 12:15:45,98b12821-acb5-4aa6-a5d4-129db155e1d9,3,4.0,140.0,1583.0,0,0,0,0,0,0,0,0,0,0 days 00:31:23,1
69578,"Apple iPhone 16 15,5 cm (6.1"") Double SIM iOS 18 5G USB Type-C 512 Go Noir",Icoza,1408.32,2025-01-11 12:47:06,98b12821-acb5-4aa6-a5d4-129db155e1d9,3,4.0,140.0,1583.0,0,0,0,0,0,0,0,0,0,0 days 00:31:21,1
69669,"Apple iPhone 16 15,5 cm (6.1"") Double SIM iOS 18 5G USB Type-C 512 Go Noir",Icoza,1408.32,2025-01-11 13:18:31,98b12821-acb5-4aa6-a5d4-129db155e1d9,3,4.0,140.0,1583.0,0,0,0,0,0,0,0,0,0,0 days 00:31:25,1
69760,"Apple iPhone 16 15,5 cm (6.1"") Double SIM iOS 18 5G USB Type-C 512 Go Noir",Icoza,1408.32,2025-01-11 13:49:55,98b12821-acb5-4aa6-a5d4-129db155e1d9,3,4.0,140.0,1583.0,0,0,0,0,0,0,0,0,0,0 days 00:31:24,1
69851,"Apple iPhone 16 15,5 cm (6.1"") Double SIM iOS 18 5G USB Type-C 512 Go Noir",Icoza,1408.32,2025-01-11 14:21:23,98b12821-acb5-4aa6-a5d4-129db155e1d9,4,4.0,140.0,1583.0,0,0,0,0,0,0,0,0,0,0 days 00:31:28,1
69943,"Apple iPhone 16 15,5 cm (6.1"") Double SIM iOS 18 5G USB Type-C 512 Go Noir",Icoza,1408.32,2025-01-11 14:52:47,98b12821-acb5-4aa6-a5d4-129db155e1d9,4,4.0,140.0,1583.0,0,0,0,0,0,0,0,0,0,0 days 00:31:24,1
70035,"Apple iPhone 16 15,5 cm (6.1"") Double SIM iOS 18 5G USB Type-C 512 Go Noir",Icoza,1408.32,2025-01-11 15:24:06,98b12821-acb5-4aa6-a5d4-129db155e1d9,4,4.0,140.0,1583.0,0,0,0,0,0,0,0,0,0,0 days 00:31:19,1
70127,"Apple iPhone 16 15,5 cm (6.1"") Double SIM iOS 18 5G USB Type-C 512 Go Noir",Icoza,1407.22,2025-01-11 15:55:29,98b12821-acb5-4aa6-a5d4-129db155e1d9,4,4.0,140.0,1583.0,0,0,0,0,0,0,0,0,0,0 days 00:31:23,1
70219,"Apple iPhone 16 15,5 cm (6.1"") Double SIM iOS 18 5G USB Type-C 512 Go Noir",Icoza,1407.22,2025-01-11 16:26:58,98b12821-acb5-4aa6-a5d4-129db155e1d9,4,4.0,140.0,1583.0,0,0,0,0,0,0,0,0,0,0 days 00:31:29,1
70311,"Apple iPhone 16 15,5 cm (6.1"") Double SIM iOS 18 5G USB Type-C 512 Go Noir",Icoza,1407.22,2025-01-11 16:58:22,98b12821-acb5-4aa6-a5d4-129db155e1d9,4,4.0,140.0,1583.0,0,0,0,0,0,0,0,0,0,0 days 00:31:24,1
70403,"Apple iPhone 16 15,5 cm (6.1"") Double SIM iOS 18 5G USB Type-C 512 Go Noir",Icoza,1407.22,2025-01-11 17:29:49,98b12821-acb5-4aa6-a5d4-129db155e1d9,4,4.0,140.0,1583.0,0,0,0,0,0,0,0,0,0,0 days 00:31:27,1
70495,"Apple iPhone 16 15,5 cm (6.1"") Double SIM iOS 18 5G USB Type-C 512 Go Noir",Icoza,1407.22,2025-01-11 18:01:13,98b12821-acb5-4aa6-a5d4-129db155e1d9,4,4.0,140.0,1583.0,0,0,0,0,0,0,0,0,0,0 days 00:31:24,1
70587,"Apple iPhone 16 15,5 cm (6.1"") Double SIM iOS 18 5G USB Type-C 512 Go Noir",Icoza,1407.22,2025-01-11 18:32:33,98b12821-acb5-4aa6-a5d4-129db155e1d9,4,4.0,140.0,1583.0,0,0,0,0,0,0,0,0,0,0 days 00:31:20,1
70679,"Apple iPhone 16 15,5 cm (6.1"") Double SIM iOS 18 5G USB Type-C 512 Go Noir",Icoza,1407.22,2025-01-11 19:03:57,98b12821-acb5-4aa6-a5d4-129db155e1d9,4,4.0,140.0,1583.0,0,0,0,0,0,0,0,0,0,0 days 00:31:24,1
70771,"Apple iPhone 16 15,5 cm (6.1"") Double SIM iOS 18 5G USB Type-C 512 Go Noir",Icoza,1407.22,2025-01-11 19:35:19,98b12821-acb5-4aa6-a5d4-129db155e1d9,4,4.0,140.0,1583.0,0,0,0,0,0,0,0,0,0,0 days 00:31:22,1
70863,"Apple iPhone 16 15,5 cm (6.1"") Double SIM iOS 18 5G USB Type-C 512 Go Noir",Icoza,1407.22,2025-01-11 20:06:38,98b12821-acb5-4aa6-a5d4-129db155e1d9,4,4.0,140.0,1583.0,0,0,0,0,0,0,0,0,0,0 days 00:31:19,1
70955,"Apple iPhone 16 15,5 cm (6.1"") Double SIM iOS 18 5G USB Type-C 512 Go Noir",Icoza,1407.22,2025-01-11 20:37:58,98b12821-acb5-4aa6-a5d4-129db155e1d9,4,4.0,140.0,1583.0,0,0,0,0,0,0,0,0,0,0 days 00:31:20,1
71047,"Apple iPhone 16 15,5 cm (6.1"") Double SIM iOS 18 5G USB Type-C 512 Go Noir",Icoza,1407.22,2025-01-11 21:09:25,98b12821-acb5-4aa6-a5d4-129db155e1d9,4,4.0,140.0,1583.0,0,0,0,0,0,0,0,0,0,0 days 00:31:27,1
71139,"Apple iPhone 16 15,5 cm (6.1"") Double SIM iOS 18 5G USB Type-C 512 Go Noir",Icoza,1407.22,2025-01-11 21:40:47,98b12821-acb5-4aa6-a5d4-129db155e1d9,4,4.0,140.0,1583.0,0,0,0,0,0,0,0,0,0,0 days 00:31:22,1
71230,"Apple iPhone 16 15,5 cm (6.1"") Double SIM iOS 18 5G USB Type-C 512 Go Noir",Icoza,1407.22,2025-01-11 22:12:08,98b12821-acb5-4aa6-a5d4-129db155e1d9,4,4.0,140.0,1583.0,0,0,0,0,0,0,0,0,0,0 days 00:31:21,1
71321,"Apple iPhone 16 15,5 cm (6.1"") Double SIM iOS 18 5G USB Type-C 512 Go Noir",Icoza,1407.22,2025-01-11 22:43:28,98b12821-acb5-4aa6-a5d4-129db155e1d9,4,4.0,140.0,1583.0,0,0,0,0,0,0,0,0,0,0 days 00:31:20,1
71412,"Apple iPhone 16 15,5 cm (6.1"") Double SIM iOS 18 5G USB Type-C 512 Go Noir",Icoza,1407.22,2025-01-11 23:14:48,98b12821-acb5-4aa6-a5d4-129db155e1d9,3,4.0,140.0,1583.0,0,0,0,0,0,0,0,0,0,0 days 00:31:20,1
71504,"Apple iPhone 16 15,5 cm (6.1"") Double SIM iOS 18 5G USB Type-C 512 Go Noir",Icoza,1407.22,2025-01-11 23:46:11,98b12821-acb5-4aa6-a5d4-129db155e1d9,3,4.0,140.0,1583.0,0,0,0,0,0,0,0,0,0,0 days 00:31:23,1
71593,"Apple iPhone 16 15,5 cm (6.1"") Double SIM iOS 18 5G USB Type-C 512 Go Noir",Icoza,1406.12,2025-01-12 00:17:35,98b12821-acb5-4aa6-a5d4-129db155e1d9,2,4.0,140.0,1584.0,0,0,0,0,0,0,0,0,0,0 days 00:31:24,1
71683,"Apple iPhone 16 15,5 cm (6.1"") Double SIM iOS 18 5G USB Type-C 512 Go Noir",Icoza,1406.12,2025-01-12 00:48:57,98b12821-acb5-4aa6-a5d4-129db155e1d9,2,4.0,140.0,1584.0,0,0,0,0,0,0,0,0,0,0 days 00:31:22,1
71773,"Apple iPhone 16 15,5 cm (6.1"") Double SIM iOS 18 5G USB Type-C 512 Go Noir",Icoza,1406.12,2025-01-12 01:20:17,98b12821-acb5-4aa6-a5d4-129db155e1d9,2,4.0,140.0,1584.0,0,0,0,0,0,0,0,0,0,0 days 00:31:20,1
71863,"Apple iPhone 16 15,5 cm (6.1"") Double SIM iOS 18 5G USB Type-C 512 Go Noir",Icoza,1406.12,2025-01-12 01:51:39,98b12821-acb5-4aa6-a5d4-129db155e1d9,2,4.0,140.0,1584.0,0,0,0,0,0,0,0,0,0,0 days 00:31:22,1
71953,"Apple iPhone 16 15,5 cm (6.1"") Double SIM iOS 18 5G USB Type-C 512 Go Noir",Icoza,1406.12,2025-01-12 02:23:04,98b12821-acb5-4aa6-a5d4-129db155e1d9,2,4.0,140.0,1584.0,0,0,0,0,0,0,0,0,0,0 days 00:31:25,1
72043,"Apple iPhone 16 15,5 cm (6.1"") Double SIM iOS 18 5G USB Type-C 512 Go Noir",Icoza,1406.12,2025-01-12 02:54:24,98b12821-acb5-4aa6-a5d4-129db155e1d9,2,4.0,140.0,1584.0,0,0,0,0,0,0,0,0,0,0 days 00:31:20,1
72133,"Apple iPhone 16 15,5 cm (6.1"") Double SIM iOS 18 5G USB Type-C 512 Go Noir",Icoza,1406.12,2025-01-12 03:25:44,98b12821-acb5-4aa6-a5d4-129db155e1d9,2,4.0,140.0,1584.0,0,0,0,0,0,0,0,0,0,0 days 00:31:20,1
72223,"Apple iPhone 16 15,5 cm (6.1"") Double SIM iOS 18 5G USB Type-C 512 Go Noir",Icoza,1406.12,2025-01-12 03:57:03,98b12821-acb5-4aa6-a5d4-129db155e1d9,2,4.0,140.0,1584.0,0,0,0,0,0,0,0,0,0,0 days 00:31:19,1
72313,"Apple iPhone 16 15,5 cm (6.1"") Double SIM iOS 18 5G USB Type-C 512 Go Noir",Icoza,1406.12,2025-01-12 04:28:23,98b12821-acb5-4aa6-a5d4-129db155e1d9,2,4.0,140.0,1584.0,0,0,0,0,0,0,0,0,0,0 days 00:31:20,1
72403,"Apple iPhone 16 15,5 cm (6.1"") Double SIM iOS 18 5G USB Type-C 512 Go Noir",Icoza,1406.12,2025-01-12 04:59:45,98b12821-acb5-4aa6-a5d4-129db155e1d9,2,4.0,140.0,1584.0,0,0,0,0,0,0,0,0,0,0 days 00:31:22,1
72493,"Apple iPhone 16 15,5 cm (6.1"") Double SIM iOS 18 5G USB Type-C 512 Go Noir",Icoza,1406.12,2025-01-12 05:31:11,98b12821-acb5-4aa6-a5d4-129db155e1d9,2,4.0,140.0,1584.0,0,0,0,0,0,0,0,0,0,0 days 00:31:26,1
72583,"Apple iPhone 16 15,5 cm (6.1"") Double SIM iOS 18 5G USB Type-C 512 Go Noir",Icoza,1406.12,2025-01-12 06:02:34,98b12821-acb5-4aa6-a5d4-129db155e1d9,2,4.0,140.0,1584.0,0,0,0,0,0,0,0,0,0,0 days 00:31:23,1
72674,"Apple iPhone 16 15,5 cm (6.1"") Double SIM iOS 18 5G USB Type-C 512 Go Noir",Icoza,1406.12,2025-01-12 06:33:53,98b12821-acb5-4aa6-a5d4-129db155e1d9,2,4.0,140.0,1584.0,0,0,0,0,0,0,0,0,0,0 days 00:31:19,1
72765,"Apple iPhone 16 15,5 cm (6.1"") Double SIM iOS 18 5G USB Type-C 512 Go Noir",Icoza,1406.12,2025-01-12 07:05:17,98b12821-acb5-4aa6-a5d4-129db155e1d9,2,4.0,140.0,1584.0,0,0,0,0,0,0,0,0,0,0 days 00:31:24,1
72856,"Apple iPhone 16 15,5 cm (6.1"") Double SIM iOS 18 5G USB Type-C 512 Go Noir",Icoza,1406.12,2025-01-12 07:36:39,98b12821-acb5-4aa6-a5d4-129db155e1d9,2,4.0,140.0,1584.0,0,0,0,0,0,0,0,0,0,0 days 00:31:22,1
72947,"Apple iPhone 16 15,5 cm (6.1"") Double SIM iOS 18 5G USB Type-C 512 Go Noir",Icoza,1406.12,2025-01-12 08:08:02,98b12821-acb5-4aa6-a5d4-129db155e1d9,2,4.0,140.0,1584.0,0,0,0,0,0,0,0,0,0,0 days 00:31:23,1
73038,"Apple iPhone 16 15,5 cm (6.1"") Double SIM iOS 18 5G USB Type-C 512 Go Noir",Icoza,1406.12,2025-01-12 08:39:25,98b12821-acb5-4aa6-a5d4-129db155e1d9,2,4.0,140.0,1584.0,0,0,0,0,0,0,0,0,0,0 days 00:31:23,1
73129,"Apple iPhone 16 15,5 cm (6.1"") Double SIM iOS 18 5G USB Type-C 512 Go Noir",Icoza,1406.12,2025-01-12 09:10:48,98b12821-acb5-4aa6-a5d4-129db155e1d9,2,4.0,140.0,1584.0,0,0,0,0,0,0,0,0,0,0 days 00:31:23,1
73220,"Apple iPhone 16 15,5 cm (6.1"") Double SIM iOS 18 5G USB Type-C 512 Go Noir",Icoza,1406.12,2025-01-12 09:42:08,98b12821-acb5-4aa6-a5d4-129db155e1d9,2,4.0,140.0,1584.0,0,0,0,0,0,0,0,0,0,0 days 00:31:20,1
73311,"Apple iPhone 16 15,5 cm (6.1"") Double SIM iOS 18 5G USB Type-C 512 Go Noir",Icoza,1406.12,2025-01-12 10:13:27,98b12821-acb5-4aa6-a5d4-129db155e1d9,2,4.0,140.0,1584.0,0,0,0,0,0,0,0,0,0,0 days 00:31:19,1
73402,"Apple iPhone 16 15,5 cm (6.1"") Double SIM iOS 18 5G USB Type-C 512 Go Noir",Icoza,1406.12,2025-01-12 10:44:51,98b12821-acb5-4aa6-a5d4-129db155e1d9,2,4.0,140.0,1584.0,0,0,0,0,0,0,0,0,0,0 days 00:31:24,1
73493,"Apple iPhone 16 15,5 cm (6.1"") Double SIM iOS 18 5G USB Type-C 512 Go Noir",Icoza,1406.12,2025-01-12 11:16:16,98b12821-acb5-4aa6-a5d4-129db155e1d9,2,4.0,140.0,1584.0,0,0,0,0,0,0,0,0,0,0 days 00:31:25,1
73584,"Apple iPhone 16 15,5 cm (6.1"") Double SIM iOS 18 5G USB Type-C 512 Go Noir",Icoza,1406.12,2025-01-12 11:47:36,98b12821-acb5-4aa6-a5d4-129db155e1d9,2,4.0,140.0,1584.0,0,0,0,0,0,0,0,0,0,0 days 00:31:20,1
73676,"Apple iPhone 16 15,5 cm (6.1"") Double SIM iOS 18 5G USB Type-C 512 Go Noir",Icoza,1406.12,2025-01-12 12:19:04,98b12821-acb5-4aa6-a5d4-129db155e1d9,2,4.0,140.0,1584.0,0,0,0,0,0,0,0,0,0,0 days 00:31:28,1
73768,"Apple iPhone 16 15,5 cm (6.1"") Double SIM iOS 18 5G USB Type-C 512 Go Noir",Icoza,1406.12,2025-01-12 12:50:34,98b12821-acb5-4aa6-a5d4-129db155e1d9,2,4.0,140.0,1584.0,0,0,0,0,0,0,0,0,0,0 days 00:31:30,1
73861,"Apple iPhone 16 15,5 cm (6.1"") Double SIM iOS 18 5G USB Type-C 512 Go Noir",Icoza,1406.12,2025-01-12 13:21:55,98b12821-acb5-4aa6-a5d4-129db155e1d9,2,4.0,140.0,1584.0,0,0,0,0,0,0,0,0,0,0 days 00:31:21,1
73953,"Apple iPhone 16 15,5 cm (6.1"") Double SIM iOS 18 5G USB Type-C 512 Go Noir",Icoza,1406.12,2025-01-12 13:53:16,98b12821-acb5-4aa6-a5d4-129db155e1d9,2,4.0,140.0,1584.0,0,0,0,0,0,0,0,0,0,0 days 00:31:21,1
74044,"Apple iPhone 16 15,5 cm (6.1"") Double SIM iOS 18 5G USB Type-C 512 Go Noir",Icoza,1405.02,2025-01-12 14:24:42,98b12821-acb5-4aa6-a5d4-129db155e1d9,3,4.0,140.0,1584.0,0,0,0,0,0,0,0,0,0,0 days 00:31:26,1
200840,"Apple iPhone 16 Plus 17 cm (6.7"") Double SIM iOS 18 5G USB Type-C 128 Go Noir",ZOOMICI,1495.6,2025-02-10 21:36:44,a2bab127-a1da-4e6f-8603-6108b0979321,3,4.0,19.0,1470.0,0,0,0,0,0,0,0,0,0,1 days 02:06:33,2
34467,Smartphone Apple iPhone 15 128GB noir,Alloccaz,662.0,2025-01-03 09:51:41,a7d80f3b-722d-4792-8986-24de69da5db9,3,4.0,30.0,605.0,1,0,0,0,0,0,0,0,0,3 days 17:18:51,1
34562,Smartphone Apple iPhone 15 128GB noir,Alloccaz,662.0,2025-01-03 10:23:00,a7d80f3b-722d-4792-8986-24de69da5db9,3,4.0,30.0,605.0,1,0,0,0,0,0,0,0,0,0 days 00:31:19,1
34657,Smartphone Apple iPhone 15 128GB noir,Alloccaz,662.0,2025-01-03 10:54:22,a7d80f3b-722d-4792-8986-24de69da5db9,3,4.0,30.0,605.0,1,0,0,0,0,0,0,0,0,0 days 00:31:22,1
34752,Smartphone Apple iPhone 15 128GB noir,Alloccaz,662.0,2025-01-03 11:25:51,a7d80f3b-722d-4792-8986-24de69da5db9,3,4.0,30.0,605.0,1,0,0,0,0,0,0,0,0,0 days 00:31:29,1
50780,Smartphone Apple iPhone 15 128GB noir,Alloccaz,662.0,2025-01-07 03:43:06,a7d80f3b-722d-4792-8986-24de69da5db9,2,4.0,30.0,609.0,1,0,0,0,0,0,0,0,0,3 days 16:17:15,2
50875,Smartphone Apple iPhone 15 128GB noir,Alloccaz,662.0,2025-01-07 04:14:24,a7d80f3b-722d-4792-8986-24de69da5db9,2,4.0,30.0,609.0,1,0,0,0,0,0,0,0,0,0 days 00:31:18,2
50970,Smartphone Apple iPhone 15 128GB noir,Alloccaz,662.0,2025-01-07 04:45:43,a7d80f3b-722d-4792-8986-24de69da5db9,2,4.0,30.0,609.0,1,0,0,0,0,0,0,0,0,0 days 00:31:19,2
51065,Smartphone Apple iPhone 15 128GB noir,Alloccaz,662.0,2025-01-07 05:16:59,a7d80f3b-722d-4792-8986-24de69da5db9,2,4.0,30.0,609.0,1,0,0,0,0,0,0,0,0,0 days 00:31:16,2
51160,Smartphone Apple iPhone 15 128GB noir,Alloccaz,662.0,2025-01-07 05:48:17,a7d80f3b-722d-4792-8986-24de69da5db9,2,4.0,30.0,609.0,1,0,0,0,0,0,0,0,0,0 days 00:31:18,2
51255,Smartphone Apple iPhone 15 128GB noir,Alloccaz,662.0,2025-01-07 06:19:36,a7d80f3b-722d-4792-8986-24de69da5db9,2,4.0,30.0,609.0,1,0,0,0,0,0,0,0,0,0 days 00:31:19,2
51350,Smartphone Apple iPhone 15 128GB noir,Alloccaz,662.0,2025-01-07 06:50:57,a7d80f3b-722d-4792-8986-24de69da5db9,2,4.0,30.0,609.0,1,0,0,0,0,0,0,0,0,0 days 00:31:21,2
51445,Smartphone Apple iPhone 15 128GB noir,Alloccaz,662.0,2025-01-07 07:22:17,a7d80f3b-722d-4792-8986-24de69da5db9,2,4.0,30.0,609.0,1,0,0,0,0,0,0,0,0,0 days 00:31:20,2
51540,Smartphone Apple iPhone 15 128GB noir,Alloccaz,662.0,2025-01-07 07:53:36,a7d80f3b-722d-4792-8986-24de69da5db9,2,4.0,30.0,609.0,1,0,0,0,0,0,0,0,0,0 days 00:31:19,2
55852,Smartphone Apple iPhone 15 128GB noir,Alloccaz,662.0,2025-01-08 07:24:37,a7d80f3b-722d-4792-8986-24de69da5db9,2,4.0,30.0,610.0,1,0,0,0,0,0,0,0,0,0 days 23:31:01,2
55947,Smartphone Apple iPhone 15 128GB noir,Alloccaz,662.0,2025-01-08 07:56:01,a7d80f3b-722d-4792-8986-24de69da5db9,2,4.0,30.0,610.0,1,0,0,0,0,0,0,0,0,0 days 00:31:24,2
56106,Smartphone Apple iPhone 15 128GB noir,Alloccaz,662.0,2025-01-08 08:58:42,a7d80f3b-722d-4792-8986-24de69da5db9,2,4.0,30.0,610.0,1,0,0,0,0,0,0,0,0,0 days 01:02:41,2
89604,Smartphone Apple iPhone 15 128GB noir,Alloccaz,662.0,2025-01-16 07:13:14,a7d80f3b-722d-4792-8986-24de69da5db9,2,4.0,30.0,618.0,1,0,0,0,0,0,0,0,0,7 days 22:14:32,3
89696,Smartphone Apple iPhone 15 128GB noir,Alloccaz,662.0,2025-01-16 07:44:31,a7d80f3b-722d-4792-8986-24de69da5db9,2,4.0,30.0,618.0,1,0,0,0,0,0,0,0,0,0 days 00:31:17,3
89788,Smartphone Apple iPhone 15 128GB noir,Alloccaz,662.0,2025-01-16 08:15:50,a7d80f3b-722d-4792-8986-24de69da5db9,2,4.0,30.0,618.0,1,0,0,0,0,0,0,0,0,0 days 00:31:19,3
89880,Smartphone Apple iPhone 15 128GB noir,Alloccaz,662.0,2025-01-16 08:47:08,a7d80f3b-722d-4792-8986-24de69da5db9,2,4.0,30.0,618.0,1,0,0,0,0,0,0,0,0,0 days 00:31:18,3
89972,Smartphone Apple iPhone 15 128GB noir,Alloccaz,662.0,2025-01-16 09:18:24,a7d80f3b-722d-4792-8986-24de69da5db9,2,4.0,30.0,618.0,1,0,0,0,0,0,0,0,0,0 days 00:31:16,3
90343,Smartphone Apple iPhone 15 128GB noir,Alloccaz,662.0,2025-01-16 11:23:37,a7d80f3b-722d-4792-8986-24de69da5db9,2,4.0,30.0,618.0,1,0,0,0,0,0,0,0,0,0 days 02:05:13,3
91176,Smartphone Apple iPhone 15 128GB noir,Alloccaz,662.0,2025-01-16 16:05:22,a7d80f3b-722d-4792-8986-24de69da5db9,4,4.0,30.0,618.0,1,0,0,0,0,0,0,0,0,0 days 04:41:45,3
91269,Smartphone Apple iPhone 15 128GB noir,Alloccaz,662.0,2025-01-16 16:36:42,a7d80f3b-722d-4792-8986-24de69da5db9,4,4.0,30.0,618.0,1,0,0,0,0,0,0,0,0,0 days 00:31:20,3
91362,Smartphone Apple iPhone 15 128GB noir,Alloccaz,662.0,2025-01-16 17:07:58,a7d80f3b-722d-4792-8986-24de69da5db9,4,4.0,30.0,618.0,1,0,0,0,0,0,0,0,0,0 days 00:31:16,3
91455,Smartphone Apple iPhone 15 128GB noir,Alloccaz,662.0,2025-01-16 17:39:17,a7d80f3b-722d-4792-8986-24de69da5db9,4,4.0,30.0,618.0,1,0,0,0,0,0,0,0,0,0 days 00:31:19,3
91548,Smartphone Apple iPhone 15 128GB noir,Alloccaz,662.0,2025-01-16 18:10:36,a7d80f3b-722d-4792-8986-24de69da5db9,4,4.0,30.0,618.0,1,0,0,0,0,0,0,0,0,0 days 00:31:19,3
91641,Smartphone Apple iPhone 15 128GB noir,Alloccaz,662.0,2025-01-16 18:41:54,a7d80f3b-722d-4792-8986-24de69da5db9,4,4.0,30.0,618.0,1,0,0,0,0,0,0,0,0,0 days 00:31:18,3
91734,Smartphone Apple iPhone 15 128GB noir,Alloccaz,662.0,2025-01-16 19:13:12,a7d80f3b-722d-4792-8986-24de69da5db9,4,4.0,30.0,618.0,1,0,0,0,0,0,0,0,0,0 days 00:31:18,3
91827,Smartphone Apple iPhone 15 128GB noir,Alloccaz,662.0,2025-01-16 19:44:29,a7d80f3b-722d-4792-8986-24de69da5db9,4,4.0,30.0,618.0,1,0,0,0,0,0,0,0,0,0 days 00:31:17,3
91920,Smartphone Apple iPhone 15 128GB noir,Alloccaz,662.0,2025-01-16 20:15:47,a7d80f3b-722d-4792-8986-24de69da5db9,4,4.0,30.0,618.0,1,0,0,0,0,0,0,0,0,0 days 00:31:18,3
92013,Smartphone Apple iPhone 15 128GB noir,Alloccaz,662.0,2025-01-16 20:47:06,a7d80f3b-722d-4792-8986-24de69da5db9,4,4.0,30.0,618.0,1,0,0,0,0,0,0,0,0,0 days 00:31:19,3
92106,Smartphone Apple iPhone 15 128GB noir,Alloccaz,662.0,2025-01-16 21:18:23,a7d80f3b-722d-4792-8986-24de69da5db9,4,4.0,30.0,618.0,1,0,0,0,0,0,0,0,0,0 days 00:31:17,3
93890,Smartphone Apple iPhone 15 128GB noir,Alloccaz,662.0,2025-01-17 07:13:03,a7d80f3b-722d-4792-8986-24de69da5db9,3,4.0,30.0,619.0,1,0,0,0,0,0,0,0,0,0 days 09:54:40,3
93985,Smartphone Apple iPhone 15 128GB noir,Alloccaz,662.0,2025-01-17 07:44:21,a7d80f3b-722d-4792-8986-24de69da5db9,3,4.0,30.0,619.0,1,0,0,0,0,0,0,0,0,0 days 00:31:18,3
169153,Smartphone Apple iPhone 15 128GB noir,Alloccaz,633.0,2025-02-03 13:35:49,a7d80f3b-722d-4792-8986-24de69da5db9,2,4.0,30.0,636.0,1,0,0,0,0,0,0,0,0,1 days 11:01:04,5
169248,Smartphone Apple iPhone 15 128GB noir,Alloccaz,633.0,2025-02-03 14:07:12,a7d80f3b-722d-4792-8986-24de69da5db9,3,4.0,30.0,636.0,1,0,0,0,0,0,0,0,0,0 days 00:31:23,5
170016,Smartphone Apple iPhone 15 128GB noir,Alloccaz,633.0,2025-02-03 18:18:36,a7d80f3b-722d-4792-8986-24de69da5db9,3,4.0,30.0,636.0,1,0,0,0,0,0,0,0,0,0 days 04:11:24,5
170112,Smartphone Apple iPhone 15 128GB noir,Alloccaz,633.0,2025-02-03 18:50:00,a7d80f3b-722d-4792-8986-24de69da5db9,3,4.0,30.0,636.0,1,0,0,0,0,0,0,0,0,0 days 00:31:24,5
171440,Smartphone Apple iPhone 15 128GB noir,Alloccaz,633.0,2025-02-04 02:08:50,a7d80f3b-722d-4792-8986-24de69da5db9,2,4.0,30.0,637.0,1,0,0,0,0,0,0,0,0,0 days 07:18:50,5
171533,Smartphone Apple iPhone 15 128GB noir,Alloccaz,633.0,2025-02-04 02:40:12,a7d80f3b-722d-4792-8986-24de69da5db9,2,4.0,30.0,637.0,1,0,0,0,0,0,0,0,0,0 days 00:31:22,5
171626,Smartphone Apple iPhone 15 128GB noir,Alloccaz,633.0,2025-02-04 03:11:32,a7d80f3b-722d-4792-8986-24de69da5db9,2,4.0,30.0,637.0,1,0,0,0,0,0,0,0,0,0 days 00:31:20,5
171719,Smartphone Apple iPhone 15 128GB noir,Alloccaz,633.0,2025-02-04 03:42:50,a7d80f3b-722d-4792-8986-24de69da5db9,2,4.0,30.0,637.0,1,0,0,0,0,0,0,0,0,0 days 00:31:18,5
171812,Smartphone Apple iPhone 15 128GB noir,Alloccaz,633.0,2025-02-04 04:14:09,a7d80f3b-722d-4792-8986-24de69da5db9,2,4.0,30.0,637.0,1,0,0,0,0,0,0,0,0,0 days 00:31:19,5
171905,Smartphone Apple iPhone 15 128GB noir,Alloccaz,633.0,2025-02-04 04:45:31,a7d80f3b-722d-4792-8986-24de69da5db9,2,4.0,30.0,637.0,1,0,0,0,0,0,0,0,0,0 days 00:31:22,5
171998,Smartphone Apple iPhone 15 128GB noir,Alloccaz,633.0,2025-02-04 05:16:51,a7d80f3b-722d-4792-8986-24de69da5db9,2,4.0,30.0,637.0,1,0,0,0,0,0,0,0,0,0 days 00:31:20,5
172091,Smartphone Apple iPhone 15 128GB noir,Alloccaz,633.0,2025-02-04 05:48:09,a7d80f3b-722d-4792-8986-24de69da5db9,2,4.0,30.0,637.0,1,0,0,0,0,0,0,0,0,0 days 00:31:18,5
172184,Smartphone Apple iPhone 15 128GB noir,Alloccaz,633.0,2025-02-04 06:19:30,a7d80f3b-722d-4792-8986-24de69da5db9,2,4.0,30.0,637.0,1,0,0,0,0,0,0,0,0,0 days 00:31:21,5
172277,Smartphone Apple iPhone 15 128GB noir,Alloccaz,633.0,2025-02-04 06:50:52,a7d80f3b-722d-4792-8986-24de69da5db9,2,4.0,30.0,637.0,1,0,0,0,0,0,0,0,0,0 days 00:31:22,5
172370,Smartphone Apple iPhone 15 128GB noir,Alloccaz,633.0,2025-02-04 07:22:12,a7d80f3b-722d-4792-8986-24de69da5db9,2,4.0,30.0,637.0,1,0,0,0,0,0,0,0,0,0 days 00:31:20,5
172463,Smartphone Apple iPhone 15 128GB noir,Alloccaz,633.0,2025-02-04 07:53:32,a7d80f3b-722d-4792-8986-24de69da5db9,2,4.0,30.0,637.0,1,0,0,0,0,0,0,0,0,0 days 00:31:20,5
172556,Smartphone Apple iPhone 15 128GB noir,Alloccaz,633.0,2025-02-04 08:24:50,a7d80f3b-722d-4792-8986-24de69da5db9,2,4.0,30.0,637.0,1,0,0,0,0,0,0,0,0,0 days 00:31:18,5
172649,Smartphone Apple iPhone 15 128GB noir,Alloccaz,633.0,2025-02-04 08:56:12,a7d80f3b-722d-4792-8986-24de69da5db9,2,4.0,30.0,637.0,1,0,0,0,0,0,0,0,0,0 days 00:31:22,5
172742,Smartphone Apple iPhone 15 128GB noir,Alloccaz,633.0,2025-02-04 09:27:35,a7d80f3b-722d-4792-8986-24de69da5db9,2,4.0,30.0,637.0,1,0,0,0,0,0,0,0,0,0 days 00:31:23,5
172828,Smartphone Apple iPhone 15 128GB noir,Alloccaz,633.0,2025-02-04 09:58:55,a7d80f3b-722d-4792-8986-24de69da5db9,2,4.0,30.0,637.0,1,0,0,0,0,0,0,0,0,0 days 00:31:20,5
172914,Smartphone Apple iPhone 15 128GB noir,Alloccaz,633.0,2025-02-04 10:30:19,a7d80f3b-722d-4792-8986-24de69da5db9,2,4.0,30.0,637.0,1,0,0,0,0,0,0,0,0,0 days 00:31:24,5
173000,Smartphone Apple iPhone 15 128GB noir,Alloccaz,633.0,2025-02-04 11:01:40,a7d80f3b-722d-4792-8986-24de69da5db9,2,4.0,30.0,637.0,1,0,0,0,0,0,0,0,0,0 days 00:31:21,5
173086,Smartphone Apple iPhone 15 128GB noir,Alloccaz,633.0,2025-02-04 11:32:58,a7d80f3b-722d-4792-8986-24de69da5db9,2,4.0,30.0,637.0,1,0,0,0,0,0,0,0,0,0 days 00:31:18,5
173173,Smartphone Apple iPhone 15 128GB noir,Alloccaz,633.0,2025-02-04 12:04:23,a7d80f3b-722d-4792-8986-24de69da5db9,2,4.0,30.0,637.0,1,0,0,0,0,0,0,0,0,0 days 00:31:25,5
173259,Smartphone Apple iPhone 15 128GB noir,Alloccaz,633.0,2025-02-04 12:35:50,a7d80f3b-722d-4792-8986-24de69da5db9,2,4.0,30.0,637.0,1,0,0,0,0,0,0,0,0,0 days 00:31:27,5
173346,Smartphone Apple iPhone 15 128GB noir,Alloccaz,633.0,2025-02-04 13:07:10,a7d80f3b-722d-4792-8986-24de69da5db9,2,4.0,30.0,637.0,1,0,0,0,0,0,0,0,0,0 days 00:31:20,5
173431,Smartphone Apple iPhone 15 128GB noir,Alloccaz,633.0,2025-02-04 13:38:36,a7d80f3b-722d-4792-8986-24de69da5db9,2,4.0,30.0,637.0,1,0,0,0,0,0,0,0,0,0 days 00:31:26,5
173516,Smartphone Apple iPhone 15 128GB noir,Alloccaz,633.0,2025-02-04 14:10:01,a7d80f3b-722d-4792-8986-24de69da5db9,3,4.0,30.0,637.0,1,0,0,0,0,0,0,0,0,0 days 00:31:25,5
173601,Smartphone Apple iPhone 15 128GB noir,Alloccaz,633.0,2025-02-04 14:41:29,a7d80f3b-722d-4792-8986-24de69da5db9,3,4.0,30.0,637.0,1,0,0,0,0,0,0,0,0,0 days 00:31:28,5
173686,Smartphone Apple iPhone 15 128GB noir,Alloccaz,633.0,2025-02-04 15:12:52,a7d80f3b-722d-4792-8986-24de69da5db9,3,4.0,30.0,637.0,1,0,0,0,0,0,0,0,0,0 days 00:31:23,5
173771,Smartphone Apple iPhone 15 128GB noir,Alloccaz,633.0,2025-02-04 15:44:15,a7d80f3b-722d-4792-8986-24de69da5db9,3,4.0,30.0,637.0,1,0,0,0,0,0,0,0,0,0 days 00:31:23,5
173856,Smartphone Apple iPhone 15 128GB noir,Alloccaz,633.0,2025-02-04 16:15:43,a7d80f3b-722d-4792-8986-24de69da5db9,3,4.0,30.0,637.0,1,0,0,0,0,0,0,0,0,0 days 00:31:28,5
173941,Smartphone Apple iPhone 15 128GB noir,Alloccaz,633.0,2025-02-04 16:47:07,a7d80f3b-722d-4792-8986-24de69da5db9,3,4.0,30.0,637.0,1,0,0,0,0,0,0,0,0,0 days 00:31:24,5
174026,Smartphone Apple iPhone 15 128GB noir,Alloccaz,633.0,2025-02-04 17:18:25,a7d80f3b-722d-4792-8986-24de69da5db9,3,4.0,30.0,637.0,1,0,0,0,0,0,0,0,0,0 days 00:31:18,5
174111,Smartphone Apple iPhone 15 128GB noir,Alloccaz,633.0,2025-02-04 17:49:54,a7d80f3b-722d-4792-8986-24de69da5db9,3,4.0,30.0,637.0,1,0,0,0,0,0,0,0,0,0 days 00:31:29,5
174196,Smartphone Apple iPhone 15 128GB noir,Alloccaz,633.0,2025-02-04 18:21:22,a7d80f3b-722d-4792-8986-24de69da5db9,3,4.0,30.0,637.0,1,0,0,0,0,0,0,0,0,0 days 00:31:28,5
174281,Smartphone Apple iPhone 15 128GB noir,Alloccaz,633.0,2025-02-04 18:52:41,a7d80f3b-722d-4792-8986-24de69da5db9,3,4.0,30.0,637.0,1,0,0,0,0,0,0,0,0,0 days 00:31:19,5
174366,Smartphone Apple iPhone 15 128GB noir,Alloccaz,633.0,2025-02-04 19:24:01,a7d80f3b-722d-4792-8986-24de69da5db9,3,4.0,30.0,637.0,1,0,0,0,0,0,0,0,0,0 days 00:31:20,5
174458,Smartphone Apple iPhone 15 128GB noir,Alloccaz,633.0,2025-02-04 19:55:24,a7d80f3b-722d-4792-8986-24de69da5db9,3,4.0,30.0,637.0,1,0,0,0,0,0,0,0,0,0 days 00:31:23,5
174550,Smartphone Apple iPhone 15 128GB noir,Alloccaz,633.0,2025-02-04 20:26:47,a7d80f3b-722d-4792-8986-24de69da5db9,3,4.0,30.0,637.0,1,0,0,0,0,0,0,0,0,0 days 00:31:23,5
174642,Smartphone Apple iPhone 15 128GB noir,Alloccaz,633.0,2025-02-04 20:58:08,a7d80f3b-722d-4792-8986-24de69da5db9,3,4.0,30.0,637.0,1,0,0,0,0,0,0,0,0,0 days 00:31:21,5
174734,Smartphone Apple iPhone 15 128GB noir,Alloccaz,633.0,2025-02-04 21:29:28,a7d80f3b-722d-4792-8986-24de69da5db9,3,4.0,30.0,637.0,1,0,0,0,0,0,0,0,0,0 days 00:31:20,5
174826,Smartphone Apple iPhone 15 128GB noir,Alloccaz,633.0,2025-02-04 22:00:52,a7d80f3b-722d-4792-8986-24de69da5db9,3,4.0,30.0,637.0,1,0,0,0,0,0,0,0,0,0 days 00:31:24,5
174918,Smartphone Apple iPhone 15 128GB noir,Alloccaz,633.0,2025-02-04 22:32:13,a7d80f3b-722d-4792-8986-24de69da5db9,3,4.0,30.0,637.0,1,0,0,0,0,0,0,0,0,0 days 00:31:21,5
175010,Smartphone Apple iPhone 15 128GB noir,Alloccaz,633.0,2025-02-04 23:03:33,a7d80f3b-722d-4792-8986-24de69da5db9,2,4.0,30.0,637.0,1,0,0,0,0,0,0,0,0,0 days 00:31:20,5
129901,Smartphone Apple iPhone 15 128GB noir,DANSLEMIL,1177.8,2025-01-25 15:48:12,a92c9af6-cc76-4b2d-8bb6-df053d4eb03d,4,3.0,9.0,841.0,0,0,0,0,0,0,0,0,0,0 days 00:00:00,0
130002,Smartphone Apple iPhone 15 128GB noir,DANSLEMIL,1177.8,2025-01-25 16:19:36,a92c9af6-cc76-4b2d-8bb6-df053d4eb03d,4,3.0,9.0,841.0,0,0,0,0,0,0,0,0,0,0 days 00:31:24,0
130103,Smartphone Apple iPhone 15 128GB noir,DANSLEMIL,1177.8,2025-01-25 16:51:00,a92c9af6-cc76-4b2d-8bb6-df053d4eb03d,4,3.0,9.0,841.0,0,0,0,0,0,0,0,0,0,0 days 00:31:24,0
130204,Smartphone Apple iPhone 15 128GB noir,DANSLEMIL,1177.8,2025-01-25 17:22:29,a92c9af6-cc76-4b2d-8bb6-df053d4eb03d,4,3.0,9.0,841.0,0,0,0,0,0,0,0,0,0,0 days 00:31:29,0
130305,Smartphone Apple iPhone 15 128GB noir,DANSLEMIL,1177.8,2025-01-25 17:53:49,a92c9af6-cc76-4b2d-8bb6-df053d4eb03d,4,3.0,9.0,841.0,0,0,0,0,0,0,0,0,0,0 days 00:31:20,0
130406,Smartphone Apple iPhone 15 128GB noir,DANSLEMIL,1177.8,2025-01-25 18:25:13,a92c9af6-cc76-4b2d-8bb6-df053d4eb03d,4,3.0,9.0,841.0,0,0,0,0,0,0,0,0,0,0 days 00:31:24,0
130507,Smartphone Apple iPhone 15 128GB noir,DANSLEMIL,1177.8,2025-01-25 18:56:39,a92c9af6-cc76-4b2d-8bb6-df053d4eb03d,4,3.0,9.0,841.0,0,0,0,0,0,0,0,0,0,0 days 00:31:26,0
130608,Smartphone Apple iPhone 15 128GB noir,DANSLEMIL,1177.8,2025-01-25 19:28:00,a92c9af6-cc76-4b2d-8bb6-df053d4eb03d,4,3.0,9.0,841.0,0,0,0,0,0,0,0,0,0,0 days 00:31:21,0
130709,Smartphone Apple iPhone 15 128GB noir,DANSLEMIL,1177.8,2025-01-25 19:59:20,a92c9af6-cc76-4b2d-8bb6-df053d4eb03d,4,3.0,9.0,841.0,0,0,0,0,0,0,0,0,0,0 days 00:31:20,0
130810,Smartphone Apple iPhone 15 128GB noir,DANSLEMIL,1177.8,2025-01-25 20:30:41,a92c9af6-cc76-4b2d-8bb6-df053d4eb03d,4,3.0,9.0,841.0,0,0,0,0,0,0,0,0,0,0 days 00:31:21,0
130911,Smartphone Apple iPhone 15 128GB noir,DANSLEMIL,1177.8,2025-01-25 21:02:08,a92c9af6-cc76-4b2d-8bb6-df053d4eb03d,4,3.0,9.0,841.0,0,0,0,0,0,0,0,0,0,0 days 00:31:27,0
131012,Smartphone Apple iPhone 15 128GB noir,DANSLEMIL,1177.8,2025-01-25 21:33:29,a92c9af6-cc76-4b2d-8bb6-df053d4eb03d,4,3.0,9.0,841.0,0,0,0,0,0,0,0,0,0,0 days 00:31:21,0
131113,Smartphone Apple iPhone 15 128GB noir,DANSLEMIL,1177.8,2025-01-25 22:04:51,a92c9af6-cc76-4b2d-8bb6-df053d4eb03d,4,3.0,9.0,841.0,0,0,0,0,0,0,0,0,0,0 days 00:31:22,0
131214,Smartphone Apple iPhone 15 128GB noir,DANSLEMIL,1177.8,2025-01-25 22:36:15,a92c9af6-cc76-4b2d-8bb6-df053d4eb03d,4,3.0,9.0,841.0,0,0,0,0,0,0,0,0,0,0 days 00:31:24,0
131315,Smartphone Apple iPhone 15 128GB noir,DANSLEMIL,1177.8,2025-01-25 23:07:35,a92c9af6-cc76-4b2d-8bb6-df053d4eb03d,3,3.0,9.0,841.0,0,0,0,0,0,0,0,0,0,0 days 00:31:20,0
131416,Smartphone Apple iPhone 15 128GB noir,DANSLEMIL,1177.8,2025-01-25 23:38:55,a92c9af6-cc76-4b2d-8bb6-df053d4eb03d,3,3.0,9.0,841.0,0,0,0,0,0,0,0,0,0,0 days 00:31:20,0
131517,Smartphone Apple iPhone 15 128GB noir,DANSLEMIL,1177.8,2025-01-26 00:10:20,a92c9af6-cc76-4b2d-8bb6-df053d4eb03d,2,3.0,9.0,842.0,0,0,0,0,0,0,0,0,0,0 days 00:31:25,0
131618,Smartphone Apple iPhone 15 128GB noir,DANSLEMIL,1177.8,2025-01-26 00:41:37,a92c9af6-cc76-4b2d-8bb6-df053d4eb03d,2,3.0,9.0,842.0,0,0,0,0,0,0,0,0,0,0 days 00:31:17,0
131719,Smartphone Apple iPhone 15 128GB noir,DANSLEMIL,1177.8,2025-01-26 01:12:55,a92c9af6-cc76-4b2d-8bb6-df053d4eb03d,2,3.0,9.0,842.0,0,0,0,0,0,0,0,0,0,0 days 00:31:18,0
131820,Smartphone Apple iPhone 15 128GB noir,DANSLEMIL,1177.8,2025-01-26 01:44:16,a92c9af6-cc76-4b2d-8bb6-df053d4eb03d,2,3.0,9.0,842.0,0,0,0,0,0,0,0,0,0,0 days 00:31:21,0
131921,Smartphone Apple iPhone 15 128GB noir,DANSLEMIL,1177.8,2025-01-26 02:15:37,a92c9af6-cc76-4b2d-8bb6-df053d4eb03d,2,3.0,9.0,842.0,0,0,0,0,0,0,0,0,0,0 days 00:31:21,0
132022,Smartphone Apple iPhone 15 128GB noir,DANSLEMIL,1177.8,2025-01-26 02:46:55,a92c9af6-cc76-4b2d-8bb6-df053d4eb03d,2,3.0,9.0,842.0,0,0,0,0,0,0,0,0,0,0 days 00:31:18,0
132122,Smartphone Apple iPhone 15 128GB noir,DANSLEMIL,1177.8,2025-01-26 03:18:14,a92c9af6-cc76-4b2d-8bb6-df053d4eb03d,2,3.0,9.0,842.0,0,0,0,0,0,0,0,0,0,0 days 00:31:19,0
132223,Smartphone Apple iPhone 15 128GB noir,DANSLEMIL,1177.8,2025-01-26 03:49:33,a92c9af6-cc76-4b2d-8bb6-df053d4eb03d,2,3.0,9.0,842.0,0,0,0,0,0,0,0,0,0,0 days 00:31:19,0
132324,Smartphone Apple iPhone 15 128GB noir,DANSLEMIL,1177.8,2025-01-26 04:20:51,a92c9af6-cc76-4b2d-8bb6-df053d4eb03d,2,3.0,9.0,842.0,0,0,0,0,0,0,0,0,0,0 days 00:31:18,0
132426,Smartphone Apple iPhone 15 128GB noir,DANSLEMIL,1177.8,2025-01-26 04:52:10,a92c9af6-cc76-4b2d-8bb6-df053d4eb03d,2,3.0,9.0,842.0,0,0,0,0,0,0,0,0,0,0 days 00:31:19,0
132527,Smartphone Apple iPhone 15 128GB noir,DANSLEMIL,1177.8,2025-01-26 05:23:28,a92c9af6-cc76-4b2d-8bb6-df053d4eb03d,2,3.0,9.0,842.0,0,0,0,0,0,0,0,0,0,0 days 00:31:18,0
132628,Smartphone Apple iPhone 15 128GB noir,DANSLEMIL,1177.8,2025-01-26 05:54:45,a92c9af6-cc76-4b2d-8bb6-df053d4eb03d,2,3.0,9.0,842.0,0,0,0,0,0,0,0,0,0,0 days 00:31:17,0
132729,Smartphone Apple iPhone 15 128GB noir,DANSLEMIL,1177.8,2025-01-26 06:26:05,a92c9af6-cc76-4b2d-8bb6-df053d4eb03d,2,3.0,9.0,842.0,0,0,0,0,0,0,0,0,0,0 days 00:31:20,0
132830,Smartphone Apple iPhone 15 128GB noir,DANSLEMIL,1177.8,2025-01-26 06:57:23,a92c9af6-cc76-4b2d-8bb6-df053d4eb03d,2,3.0,9.0,842.0,0,0,0,0,0,0,0,0,0,0 days 00:31:18,0
132931,Smartphone Apple iPhone 15 128GB noir,DANSLEMIL,1177.8,2025-01-26 07:28:40,a92c9af6-cc76-4b2d-8bb6-df053d4eb03d,2,3.0,9.0,842.0,0,0,0,0,0,0,0,0,0,0 days 00:31:17,0
133032,Smartphone Apple iPhone 15 128GB noir,DANSLEMIL,1177.8,2025-01-26 07:59:58,a92c9af6-cc76-4b2d-8bb6-df053d4eb03d,2,3.0,9.0,842.0,0,0,0,0,0,0,0,0,0,0 days 00:31:18,0
133133,Smartphone Apple iPhone 15 128GB noir,DANSLEMIL,1177.8,2025-01-26 08:31:18,a92c9af6-cc76-4b2d-8bb6-df053d4eb03d,2,3.0,9.0,842.0,0,0,0,0,0,0,0,0,0,0 days 00:31:20,0
133234,Smartphone Apple iPhone 15 128GB noir,DANSLEMIL,1177.8,2025-01-26 09:02:38,a92c9af6-cc76-4b2d-8bb6-df053d4eb03d,2,3.0,9.0,842.0,0,0,0,0,0,0,0,0,0,0 days 00:31:20,0
133335,Smartphone Apple iPhone 15 128GB noir,DANSLEMIL,1177.8,2025-01-26 09:33:56,a92c9af6-cc76-4b2d-8bb6-df053d4eb03d,2,3.0,9.0,842.0,0,0,0,0,0,0,0,0,0,0 days 00:31:18,0
133436,Smartphone Apple iPhone 15 128GB noir,DANSLEMIL,1177.8,2025-01-26 10:05:19,a92c9af6-cc76-4b2d-8bb6-df053d4eb03d,2,3.0,9.0,842.0,0,0,0,0,0,0,0,0,0,0 days 00:31:23,0
133538,Smartphone Apple iPhone 15 128GB noir,DANSLEMIL,1177.8,2025-01-26 10:36:38,a92c9af6-cc76-4b2d-8bb6-df053d4eb03d,2,3.0,9.0,842.0,0,0,0,0,0,0,0,0,0,0 days 00:31:19,0
133640,Smartphone Apple iPhone 15 128GB noir,DANSLEMIL,1177.8,2025-01-26 11:08:00,a92c9af6-cc76-4b2d-8bb6-df053d4eb03d,2,3.0,9.0,842.0,0,0,0,0,0,0,0,0,0,0 days 00:31:22,0
133742,Smartphone Apple iPhone 15 128GB noir,DANSLEMIL,1177.8,2025-01-26 11:39:25,a92c9af6-cc76-4b2d-8bb6-df053d4eb03d,2,3.0,9.0,842.0,0,0,0,0,0,0,0,0,0,0 days 00:31:25,0
133844,Smartphone Apple iPhone 15 128GB noir,DANSLEMIL,1177.8,2025-01-26 12:10:52,a92c9af6-cc76-4b2d-8bb6-df053d4eb03d,2,3.0,9.0,842.0,0,0,0,0,0,0,0,0,0,0 days 00:31:27,0
133946,Smartphone Apple iPhone 15 128GB noir,DANSLEMIL,1177.8,2025-01-26 12:42:10,a92c9af6-cc76-4b2d-8bb6-df053d4eb03d,2,3.0,9.0,842.0,0,0,0,0,0,0,0,0,0,0 days 00:31:18,0
134048,Smartphone Apple iPhone 15 128GB noir,DANSLEMIL,1177.8,2025-01-26 13:13:30,a92c9af6-cc76-4b2d-8bb6-df053d4eb03d,2,3.0,9.0,842.0,0,0,0,0,0,0,0,0,0,0 days 00:31:20,0
134150,Smartphone Apple iPhone 15 128GB noir,DANSLEMIL,1177.8,2025-01-26 13:44:49,a92c9af6-cc76-4b2d-8bb6-df053d4eb03d,2,3.0,9.0,842.0,0,0,0,0,0,0,0,0,0,0 days 00:31:19,0
134251,Smartphone Apple iPhone 15 128GB noir,DANSLEMIL,1177.8,2025-01-26 14:16:13,a92c9af6-cc76-4b2d-8bb6-df053d4eb03d,3,3.0,9.0,842.0,0,0,0,0,0,0,0,0,0,0 days 00:31:24,0
134352,Smartphone Apple iPhone 15 128GB noir,DANSLEMIL,1177.8,2025-01-26 14:47:34,a92c9af6-cc76-4b2d-8bb6-df053d4eb03d,3,3.0,9.0,842.0,0,0,0,0,0,0,0,0,0,0 days 00:31:21,0
134453,Smartphone Apple iPhone 15 128GB noir,DANSLEMIL,1177.8,2025-01-26 15:18:55,a92c9af6-cc76-4b2d-8bb6-df053d4eb03d,3,3.0,9.0,842.0,0,0,0,0,0,0,0,0,0,0 days 00:31:21,0
134554,Smartphone Apple iPhone 15 128GB noir,DANSLEMIL,1177.8,2025-01-26 15:50:19,a92c9af6-cc76-4b2d-8bb6-df053d4eb03d,3,3.0,9.0,842.0,0,0,0,0,0,0,0,0,0,0 days 00:31:24,0
134655,Smartphone Apple iPhone 15 128GB noir,DANSLEMIL,1177.8,2025-01-26 16:21:41,a92c9af6-cc76-4b2d-8bb6-df053d4eb03d,3,3.0,9.0,842.0,0,0,0,0,0,0,0,0,0,0 days 00:31:22,0
134756,Smartphone Apple iPhone 15 128GB noir,DANSLEMIL,1177.8,2025-01-26 16:53:01,a92c9af6-cc76-4b2d-8bb6-df053d4eb03d,3,3.0,9.0,842.0,0,0,0,0,0,0,0,0,0,0 days 00:31:20,0
134857,Smartphone Apple iPhone 15 128GB noir,DANSLEMIL,1177.8,2025-01-26 17:24:22,a92c9af6-cc76-4b2d-8bb6-df053d4eb03d,3,3.0,9.0,842.0,0,0,0,0,0,0,0,0,0,0 days 00:31:21,0
134958,Smartphone Apple iPhone 15 128GB noir,DANSLEMIL,1177.8,2025-01-26 17:55:45,a92c9af6-cc76-4b2d-8bb6-df053d4eb03d,3,3.0,9.0,842.0,0,0,0,0,0,0,0,0,0,0 days 00:31:23,0
135059,Smartphone Apple iPhone 15 128GB noir,DANSLEMIL,1177.8,2025-01-26 18:27:06,a92c9af6-cc76-4b2d-8bb6-df053d4eb03d,3,3.0,9.0,842.0,0,0,0,0,0,0,0,0,0,0 days 00:31:21,0
135160,Smartphone Apple iPhone 15 128GB noir,DANSLEMIL,1177.8,2025-01-26 18:58:28,a92c9af6-cc76-4b2d-8bb6-df053d4eb03d,3,3.0,9.0,842.0,0,0,0,0,0,0,0,0,0,0 days 00:31:22,0
135261,Smartphone Apple iPhone 15 128GB noir,DANSLEMIL,1177.8,2025-01-26 19:29:47,a92c9af6-cc76-4b2d-8bb6-df053d4eb03d,3,3.0,9.0,842.0,0,0,0,0,0,0,0,0,0,0 days 00:31:19,0
135362,Smartphone Apple iPhone 15 128GB noir,DANSLEMIL,1177.8,2025-01-26 20:01:17,a92c9af6-cc76-4b2d-8bb6-df053d4eb03d,3,3.0,9.0,842.0,0,0,0,0,0,0,0,0,0,0 days 00:31:30,0
135463,Smartphone Apple iPhone 15 128GB noir,DANSLEMIL,1177.8,2025-01-26 20:32:38,a92c9af6-cc76-4b2d-8bb6-df053d4eb03d,3,3.0,9.0,842.0,0,0,0,0,0,0,0,0,0,0 days 00:31:21,0
135564,Smartphone Apple iPhone 15 128GB noir,DANSLEMIL,1177.8,2025-01-26 21:04:00,a92c9af6-cc76-4b2d-8bb6-df053d4eb03d,3,3.0,9.0,842.0,0,0,0,0,0,0,0,0,0,0 days 00:31:22,0
135665,Smartphone Apple iPhone 15 128GB noir,DANSLEMIL,1177.8,2025-01-26 21:35:24,a92c9af6-cc76-4b2d-8bb6-df053d4eb03d,3,3.0,9.0,842.0,0,0,0,0,0,0,0,0,0,0 days 00:31:24,0
135766,Smartphone Apple iPhone 15 128GB noir,DANSLEMIL,1177.8,2025-01-26 22:06:45,a92c9af6-cc76-4b2d-8bb6-df053d4eb03d,3,3.0,9.0,842.0,0,0,0,0,0,0,0,0,0,0 days 00:31:21,0
135867,Smartphone Apple iPhone 15 128GB noir,DANSLEMIL,1177.8,2025-01-26 22:38:09,a92c9af6-cc76-4b2d-8bb6-df053d4eb03d,3,3.0,9.0,842.0,0,0,0,0,0,0,0,0,0,0 days 00:31:24,0
135968,Smartphone Apple iPhone 15 128GB noir,DANSLEMIL,1177.8,2025-01-26 23:09:32,a92c9af6-cc76-4b2d-8bb6-df053d4eb03d,2,3.0,9.0,842.0,0,0,0,0,0,0,0,0,0,0 days 00:31:23,0
136069,Smartphone Apple iPhone 15 128GB noir,DANSLEMIL,1177.8,2025-01-26 23:40:55,a92c9af6-cc76-4b2d-8bb6-df053d4eb03d,2,3.0,9.0,842.0,0,0,0,0,0,0,0,0,0,0 days 00:31:23,0
136170,Smartphone Apple iPhone 15 128GB noir,DANSLEMIL,1177.8,2025-01-27 00:12:19,a92c9af6-cc76-4b2d-8bb6-df053d4eb03d,2,3.0,9.0,843.0,0,0,0,0,0,0,0,0,0,0 days 00:31:24,0
136271,Smartphone Apple iPhone 15 128GB noir,DANSLEMIL,1177.8,2025-01-27 00:43:38,a92c9af6-cc76-4b2d-8bb6-df053d4eb03d,2,3.0,9.0,843.0,0,0,0,0,0,0,0,0,0,0 days 00:31:19,0
136372,Smartphone Apple iPhone 15 128GB noir,DANSLEMIL,1177.8,2025-01-27 01:14:57,a92c9af6-cc76-4b2d-8bb6-df053d4eb03d,2,3.0,9.0,843.0,0,0,0,0,0,0,0,0,0,0 days 00:31:19,0
136473,Smartphone Apple iPhone 15 128GB noir,DANSLEMIL,1177.8,2025-01-27 01:46:19,a92c9af6-cc76-4b2d-8bb6-df053d4eb03d,2,3.0,9.0,843.0,0,0,0,0,0,0,0,0,0,0 days 00:31:22,0
136574,Smartphone Apple iPhone 15 128GB noir,DANSLEMIL,1177.8,2025-01-27 02:17:37,a92c9af6-cc76-4b2d-8bb6-df053d4eb03d,2,3.0,9.0,843.0,0,0,0,0,0,0,0,0,0,0 days 00:31:18,0
136675,Smartphone Apple iPhone 15 128GB noir,DANSLEMIL,1177.8,2025-01-27 02:48:56,a92c9af6-cc76-4b2d-8bb6-df053d4eb03d,2,3.0,9.0,843.0,0,0,0,0,0,0,0,0,0,0 days 00:31:19,0
136776,Smartphone Apple iPhone 15 128GB noir,DANSLEMIL,1177.8,2025-01-27 03:20:18,a92c9af6-cc76-4b2d-8bb6-df053d4eb03d,2,3.0,9.0,843.0,0,0,0,0,0,0,0,0,0,0 days 00:31:22,0
136877,Smartphone Apple iPhone 15 128GB noir,DANSLEMIL,1177.8,2025-01-27 03:51:35,a92c9af6-cc76-4b2d-8bb6-df053d4eb03d,2,3.0,9.0,843.0,0,0,0,0,0,0,0,0,0,0 days 00:31:17,0
136978,Smartphone Apple iPhone 15 128GB noir,DANSLEMIL,1177.8,2025-01-27 04:22:53,a92c9af6-cc76-4b2d-8bb6-df053d4eb03d,2,3.0,9.0,843.0,0,0,0,0,0,0,0,0,0,0 days 00:31:18,0
137079,Smartphone Apple iPhone 15 128GB noir,DANSLEMIL,1177.8,2025-01-27 04:54:10,a92c9af6-cc76-4b2d-8bb6-df053d4eb03d,2,3.0,9.0,843.0,0,0,0,0,0,0,0,0,0,0 days 00:31:17,0
137180,Smartphone Apple iPhone 15 128GB noir,DANSLEMIL,1177.8,2025-01-27 05:25:30,a92c9af6-cc76-4b2d-8bb6-df053d4eb03d,2,3.0,9.0,843.0,0,0,0,0,0,0,0,0,0,0 days 00:31:20,0
137281,Smartphone Apple iPhone 15 128GB noir,DANSLEMIL,1177.8,2025-01-27 05:56:48,a92c9af6-cc76-4b2d-8bb6-df053d4eb03d,2,3.0,9.0,843.0,0,0,0,0,0,0,0,0,0,0 days 00:31:18,0
137382,Smartphone Apple iPhone 15 128GB noir,DANSLEMIL,1177.8,2025-01-27 06:28:05,a92c9af6-cc76-4b2d-8bb6-df053d4eb03d,2,3.0,9.0,843.0,0,0,0,0,0,0,0,0,0,0 days 00:31:17,0
137483,Smartphone Apple iPhone 15 128GB noir,DANSLEMIL,1177.8,2025-01-27 06:59:23,a92c9af6-cc76-4b2d-8bb6-df053d4eb03d,2,3.0,9.0,843.0,0,0,0,0,0,0,0,0,0,0 days 00:31:18,0
137584,Smartphone Apple iPhone 15 128GB noir,DANSLEMIL,1177.8,2025-01-27 07:30:46,a92c9af6-cc76-4b2d-8bb6-df053d4eb03d,2,3.0,9.0,843.0,0,0,0,0,0,0,0,0,0,0 days 00:31:23,0
137685,Smartphone Apple iPhone 15 128GB noir,DANSLEMIL,1177.8,2025-01-27 08:02:08,a92c9af6-cc76-4b2d-8bb6-df053d4eb03d,2,3.0,9.0,843.0,0,0,0,0,0,0,0,0,0,0 days 00:31:22,0
137786,Smartphone Apple iPhone 15 128GB noir,DANSLEMIL,1177.8,2025-01-27 08:33:28,a92c9af6-cc76-4b2d-8bb6-df053d4eb03d,2,3.0,9.0,843.0,0,0,0,0,0,0,0,0,0,0 days 00:31:20,0
137887,Smartphone Apple iPhone 15 128GB noir,DANSLEMIL,1177.8,2025-01-27 09:04:48,a92c9af6-cc76-4b2d-8bb6-df053d4eb03d,2,3.0,9.0,843.0,0,0,0,0,0,0,0,0,0,0 days 00:31:20,0
20501,"Apple iPhone 16 Plus 17 cm (6.7"") Double SIM iOS 18 5G USB Type-C 512 Go Noir",Espace-Disque,1657.42,2024-12-31 05:04:05,b06ff580-4ba4-41ca-96ec-34207a08dcac,10,5.0,31.0,1568.0,0,0,0,0,0,0,0,0,1,1 days 05:45:53,1
20596,"Apple iPhone 16 Plus 17 cm (6.7"") Double SIM iOS 18 5G USB Type-C 512 Go Noir",Espace-Disque,1657.42,2024-12-31 05:35:29,b06ff580-4ba4-41ca-96ec-34207a08dcac,10,5.0,31.0,1568.0,0,0,0,0,0,0,0,0,1,0 days 00:31:24,1
20691,"Apple iPhone 16 Plus 17 cm (6.7"") Double SIM iOS 18 5G USB Type-C 512 Go Noir",Espace-Disque,1657.42,2024-12-31 06:06:50,b06ff580-4ba4-41ca-96ec-34207a08dcac,10,5.0,31.0,1568.0,0,0,0,0,0,0,0,0,1,0 days 00:31:21,1
20786,"Apple iPhone 16 Plus 17 cm (6.7"") Double SIM iOS 18 5G USB Type-C 512 Go Noir",Espace-Disque,1657.42,2024-12-31 06:38:16,b06ff580-4ba4-41ca-96ec-34207a08dcac,10,5.0,31.0,1568.0,0,0,0,0,0,0,0,0,1,0 days 00:31:26,1
20881,"Apple iPhone 16 Plus 17 cm (6.7"") Double SIM iOS 18 5G USB Type-C 512 Go Noir",Espace-Disque,1657.42,2024-12-31 07:09:38,b06ff580-4ba4-41ca-96ec-34207a08dcac,10,5.0,31.0,1568.0,0,0,0,0,0,0,0,0,1,0 days 00:31:22,1
20976,"Apple iPhone 16 Plus 17 cm (6.7"") Double SIM iOS 18 5G USB Type-C 512 Go Noir",Espace-Disque,1657.42,2024-12-31 07:41:00,b06ff580-4ba4-41ca-96ec-34207a08dcac,10,5.0,31.0,1568.0,0,0,0,0,0,0,0,0,1,0 days 00:31:22,1
21071,"Apple iPhone 16 Plus 17 cm (6.7"") Double SIM iOS 18 5G USB Type-C 512 Go Noir",Espace-Disque,1657.42,2024-12-31 08:12:20,b06ff580-4ba4-41ca-96ec-34207a08dcac,10,5.0,31.0,1568.0,0,0,0,0,0,0,0,0,1,0 days 00:31:20,1
21166,"Apple iPhone 16 Plus 17 cm (6.7"") Double SIM iOS 18 5G USB Type-C 512 Go Noir",Espace-Disque,1657.42,2024-12-31 08:43:41,b06ff580-4ba4-41ca-96ec-34207a08dcac,10,5.0,31.0,1568.0,0,0,0,0,0,0,0,0,1,0 days 00:31:21,1
21261,"Apple iPhone 16 Plus 17 cm (6.7"") Double SIM iOS 18 5G USB Type-C 512 Go Noir",Espace-Disque,1657.42,2024-12-31 09:15:04,b06ff580-4ba4-41ca-96ec-34207a08dcac,10,5.0,31.0,1568.0,0,0,0,0,0,0,0,0,1,0 days 00:31:23,1
21356,"Apple iPhone 16 Plus 17 cm (6.7"") Double SIM iOS 18 5G USB Type-C 512 Go Noir",Espace-Disque,1657.42,2024-12-31 09:46:26,b06ff580-4ba4-41ca-96ec-34207a08dcac,10,5.0,31.0,1568.0,0,0,0,0,0,0,0,0,1,0 days 00:31:22,1
21451,"Apple iPhone 16 Plus 17 cm (6.7"") Double SIM iOS 18 5G USB Type-C 512 Go Noir",Espace-Disque,1657.42,2024-12-31 10:17:48,b06ff580-4ba4-41ca-96ec-34207a08dcac,10,5.0,31.0,1568.0,0,0,0,0,0,0,0,0,1,0 days 00:31:22,1
21546,"Apple iPhone 16 Plus 17 cm (6.7"") Double SIM iOS 18 5G USB Type-C 512 Go Noir",Espace-Disque,1657.42,2024-12-31 10:49:11,b06ff580-4ba4-41ca-96ec-34207a08dcac,10,5.0,31.0,1568.0,0,0,0,0,0,0,0,0,1,0 days 00:31:23,1
21641,"Apple iPhone 16 Plus 17 cm (6.7"") Double SIM iOS 18 5G USB Type-C 512 Go Noir",Espace-Disque,1657.42,2024-12-31 11:20:33,b06ff580-4ba4-41ca-96ec-34207a08dcac,10,5.0,31.0,1568.0,0,0,0,0,0,0,0,0,1,0 days 00:31:22,1
21736,"Apple iPhone 16 Plus 17 cm (6.7"") Double SIM iOS 18 5G USB Type-C 512 Go Noir",Espace-Disque,1657.42,2024-12-31 11:51:55,b06ff580-4ba4-41ca-96ec-34207a08dcac,10,5.0,31.0,1568.0,0,0,0,0,0,0,0,0,1,0 days 00:31:22,1
21832,"Apple iPhone 16 Plus 17 cm (6.7"") Double SIM iOS 18 5G USB Type-C 512 Go Noir",Espace-Disque,1657.42,2024-12-31 12:23:14,b06ff580-4ba4-41ca-96ec-34207a08dcac,10,5.0,31.0,1568.0,0,0,0,0,0,0,0,0,1,0 days 00:31:19,1
21928,"Apple iPhone 16 Plus 17 cm (6.7"") Double SIM iOS 18 5G USB Type-C 512 Go Noir",Espace-Disque,1657.42,2024-12-31 12:54:36,b06ff580-4ba4-41ca-96ec-34207a08dcac,10,5.0,31.0,1568.0,0,0,0,0,0,0,0,0,1,0 days 00:31:22,1
22024,"Apple iPhone 16 Plus 17 cm (6.7"") Double SIM iOS 18 5G USB Type-C 512 Go Noir",Espace-Disque,1657.42,2024-12-31 13:25:58,b06ff580-4ba4-41ca-96ec-34207a08dcac,10,5.0,31.0,1568.0,0,0,0,0,0,0,0,0,1,0 days 00:31:22,1
22120,"Apple iPhone 16 Plus 17 cm (6.7"") Double SIM iOS 18 5G USB Type-C 512 Go Noir",Espace-Disque,1657.42,2024-12-31 13:57:19,b06ff580-4ba4-41ca-96ec-34207a08dcac,10,5.0,31.0,1568.0,0,0,0,0,0,0,0,0,1,0 days 00:31:21,1
22216,"Apple iPhone 16 Plus 17 cm (6.7"") Double SIM iOS 18 5G USB Type-C 512 Go Noir",Espace-Disque,1657.42,2024-12-31 14:28:40,b06ff580-4ba4-41ca-96ec-34207a08dcac,10,5.0,31.0,1568.0,0,0,0,0,0,0,0,0,1,0 days 00:31:21,1
22312,"Apple iPhone 16 Plus 17 cm (6.7"") Double SIM iOS 18 5G USB Type-C 512 Go Noir",Espace-Disque,1657.42,2024-12-31 14:59:58,b06ff580-4ba4-41ca-96ec-34207a08dcac,10,5.0,31.0,1568.0,0,0,0,0,0,0,0,0,1,0 days 00:31:18,1
22408,"Apple iPhone 16 Plus 17 cm (6.7"") Double SIM iOS 18 5G USB Type-C 512 Go Noir",Espace-Disque,1657.42,2024-12-31 15:31:19,b06ff580-4ba4-41ca-96ec-34207a08dcac,10,5.0,31.0,1568.0,0,0,0,0,0,0,0,0,1,0 days 00:31:21,1
22504,"Apple iPhone 16 Plus 17 cm (6.7"") Double SIM iOS 18 5G USB Type-C 512 Go Noir",Espace-Disque,1657.42,2024-12-31 16:02:41,b06ff580-4ba4-41ca-96ec-34207a08dcac,10,5.0,31.0,1568.0,0,0,0,0,0,0,0,0,1,0 days 00:31:22,1
22600,"Apple iPhone 16 Plus 17 cm (6.7"") Double SIM iOS 18 5G USB Type-C 512 Go Noir",Espace-Disque,1657.42,2024-12-31 16:34:00,b06ff580-4ba4-41ca-96ec-34207a08dcac,10,5.0,31.0,1568.0,0,0,0,0,0,0,0,0,1,0 days 00:31:19,1
22696,"Apple iPhone 16 Plus 17 cm (6.7"") Double SIM iOS 18 5G USB Type-C 512 Go Noir",Espace-Disque,1657.42,2024-12-31 17:05:19,b06ff580-4ba4-41ca-96ec-34207a08dcac,10,5.0,31.0,1568.0,0,0,0,0,0,0,0,0,1,0 days 00:31:19,1
22792,"Apple iPhone 16 Plus 17 cm (6.7"") Double SIM iOS 18 5G USB Type-C 512 Go Noir",Espace-Disque,1657.42,2024-12-31 17:36:38,b06ff580-4ba4-41ca-96ec-34207a08dcac,10,5.0,31.0,1568.0,0,0,0,0,0,0,0,0,1,0 days 00:31:19,1
22888,"Apple iPhone 16 Plus 17 cm (6.7"") Double SIM iOS 18 5G USB Type-C 512 Go Noir",Espace-Disque,1657.42,2024-12-31 18:07:59,b06ff580-4ba4-41ca-96ec-34207a08dcac,10,5.0,31.0,1568.0,0,0,0,0,0,0,0,0,1,0 days 00:31:21,1
22984,"Apple iPhone 16 Plus 17 cm (6.7"") Double SIM iOS 18 5G USB Type-C 512 Go Noir",Espace-Disque,1657.42,2024-12-31 18:39:27,b06ff580-4ba4-41ca-96ec-34207a08dcac,10,5.0,31.0,1568.0,0,0,0,0,0,0,0,0,1,0 days 00:31:28,1
23080,"Apple iPhone 16 Plus 17 cm (6.7"") Double SIM iOS 18 5G USB Type-C 512 Go Noir",Espace-Disque,1657.42,2024-12-31 19:10:49,b06ff580-4ba4-41ca-96ec-34207a08dcac,10,5.0,31.0,1568.0,0,0,0,0,0,0,0,0,1,0 days 00:31:22,1
23176,"Apple iPhone 16 Plus 17 cm (6.7"") Double SIM iOS 18 5G USB Type-C 512 Go Noir",Espace-Disque,1657.42,2024-12-31 19:42:10,b06ff580-4ba4-41ca-96ec-34207a08dcac,10,5.0,31.0,1568.0,0,0,0,0,0,0,0,0,1,0 days 00:31:21,1
23272,"Apple iPhone 16 Plus 17 cm (6.7"") Double SIM iOS 18 5G USB Type-C 512 Go Noir",Espace-Disque,1657.42,2024-12-31 20:13:32,b06ff580-4ba4-41ca-96ec-34207a08dcac,10,5.0,31.0,1568.0,0,0,0,0,0,0,0,0,1,0 days 00:31:22,1
23368,"Apple iPhone 16 Plus 17 cm (6.7"") Double SIM iOS 18 5G USB Type-C 512 Go Noir",Espace-Disque,1657.42,2024-12-31 20:44:53,b06ff580-4ba4-41ca-96ec-34207a08dcac,10,5.0,31.0,1568.0,0,0,0,0,0,0,0,0,1,0 days 00:31:21,1
23464,"Apple iPhone 16 Plus 17 cm (6.7"") Double SIM iOS 18 5G USB Type-C 512 Go Noir",Espace-Disque,1657.42,2024-12-31 21:16:15,b06ff580-4ba4-41ca-96ec-34207a08dcac,10,5.0,31.0,1568.0,0,0,0,0,0,0,0,0,1,0 days 00:31:22,1
23560,"Apple iPhone 16 Plus 17 cm (6.7"") Double SIM iOS 18 5G USB Type-C 512 Go Noir",Espace-Disque,1657.42,2024-12-31 21:47:35,b06ff580-4ba4-41ca-96ec-34207a08dcac,10,5.0,31.0,1568.0,0,0,0,0,0,0,0,0,1,0 days 00:31:20,1
23656,"Apple iPhone 16 Plus 17 cm (6.7"") Double SIM iOS 18 5G USB Type-C 512 Go Noir",Espace-Disque,1657.42,2024-12-31 22:18:55,b06ff580-4ba4-41ca-96ec-34207a08dcac,10,5.0,31.0,1568.0,0,0,0,0,0,0,0,0,1,0 days 00:31:20,1
23752,"Apple iPhone 16 Plus 17 cm (6.7"") Double SIM iOS 18 5G USB Type-C 512 Go Noir",Espace-Disque,1657.42,2024-12-31 22:50:17,b06ff580-4ba4-41ca-96ec-34207a08dcac,10,5.0,31.0,1568.0,0,0,0,0,0,0,0,0,1,0 days 00:31:22,1
23848,"Apple iPhone 16 Plus 17 cm (6.7"") Double SIM iOS 18 5G USB Type-C 512 Go Noir",Espace-Disque,1657.42,2024-12-31 23:21:37,b06ff580-4ba4-41ca-96ec-34207a08dcac,10,5.0,31.0,1568.0,0,0,0,0,0,0,0,0,1,0 days 00:31:20,1
23944,"Apple iPhone 16 Plus 17 cm (6.7"") Double SIM iOS 18 5G USB Type-C 512 Go Noir",Espace-Disque,1657.42,2024-12-31 23:52:57,b06ff580-4ba4-41ca-96ec-34207a08dcac,10,5.0,31.0,1568.0,0,0,0,0,0,0,0,0,1,0 days 00:31:20,1
24040,"Apple iPhone 16 Plus 17 cm (6.7"") Double SIM iOS 18 5G USB Type-C 512 Go Noir",Espace-Disque,1657.42,2025-01-01 00:24:17,b06ff580-4ba4-41ca-96ec-34207a08dcac,10,5.0,31.0,1569.0,0,0,0,0,0,0,0,0,1,0 days 00:31:20,1
24136,"Apple iPhone 16 Plus 17 cm (6.7"") Double SIM iOS 18 5G USB Type-C 512 Go Noir",Espace-Disque,1657.42,2025-01-01 00:55:38,b06ff580-4ba4-41ca-96ec-34207a08dcac,10,5.0,31.0,1569.0,0,0,0,0,0,0,0,0,1,0 days 00:31:21,1
24232,"Apple iPhone 16 Plus 17 cm (6.7"") Double SIM iOS 18 5G USB Type-C 512 Go Noir",Espace-Disque,1657.41,2025-01-01 01:26:59,b06ff580-4ba4-41ca-96ec-34207a08dcac,10,5.0,31.0,1569.0,0,0,0,0,0,0,0,0,1,0 days 00:31:21,1
24328,"Apple iPhone 16 Plus 17 cm (6.7"") Double SIM iOS 18 5G USB Type-C 512 Go Noir",Espace-Disque,1657.41,2025-01-01 01:58:20,b06ff580-4ba4-41ca-96ec-34207a08dcac,10,5.0,31.0,1569.0,0,0,0,0,0,0,0,0,1,0 days 00:31:21,1
24424,"Apple iPhone 16 Plus 17 cm (6.7"") Double SIM iOS 18 5G USB Type-C 512 Go Noir",Espace-Disque,1657.41,2025-01-01 02:29:39,b06ff580-4ba4-41ca-96ec-34207a08dcac,10,5.0,31.0,1569.0,0,0,0,0,0,0,0,0,1,0 days 00:31:19,1
24520,"Apple iPhone 16 Plus 17 cm (6.7"") Double SIM iOS 18 5G USB Type-C 512 Go Noir",Espace-Disque,1657.41,2025-01-01 03:00:59,b06ff580-4ba4-41ca-96ec-34207a08dcac,10,5.0,31.0,1569.0,0,0,0,0,0,0,0,0,1,0 days 00:31:20,1
24616,"Apple iPhone 16 Plus 17 cm (6.7"") Double SIM iOS 18 5G USB Type-C 512 Go Noir",Espace-Disque,1657.41,2025-01-01 03:32:19,b06ff580-4ba4-41ca-96ec-34207a08dcac,10,5.0,31.0,1569.0,0,0,0,0,0,0,0,0,1,0 days 00:31:20,1
24712,"Apple iPhone 16 Plus 17 cm (6.7"") Double SIM iOS 18 5G USB Type-C 512 Go Noir",Espace-Disque,1657.41,2025-01-01 04:03:38,b06ff580-4ba4-41ca-96ec-34207a08dcac,10,5.0,31.0,1569.0,0,0,0,0,0,0,0,0,1,0 days 00:31:19,1
24808,"Apple iPhone 16 Plus 17 cm (6.7"") Double SIM iOS 18 5G USB Type-C 512 Go Noir",Espace-Disque,1657.41,2025-01-01 04:34:56,b06ff580-4ba4-41ca-96ec-34207a08dcac,10,5.0,31.0,1569.0,0,0,0,0,0,0,0,0,1,0 days 00:31:18,1
24904,"Apple iPhone 16 Plus 17 cm (6.7"") Double SIM iOS 18 5G USB Type-C 512 Go Noir",Espace-Disque,1657.41,2025-01-01 05:06:15,b06ff580-4ba4-41ca-96ec-34207a08dcac,10,5.0,31.0,1569.0,0,0,0,0,0,0,0,0,1,0 days 00:31:19,1
25000,"Apple iPhone 16 Plus 17 cm (6.7"") Double SIM iOS 18 5G USB Type-C 512 Go Noir",Espace-Disque,1657.41,2025-01-01 05:37:34,b06ff580-4ba4-41ca-96ec-34207a08dcac,10,5.0,31.0,1569.0,0,0,0,0,0,0,0,0,1,0 days 00:31:19,1
25096,"Apple iPhone 16 Plus 17 cm (6.7"") Double SIM iOS 18 5G USB Type-C 512 Go Noir",Espace-Disque,1657.41,2025-01-01 06:08:52,b06ff580-4ba4-41ca-96ec-34207a08dcac,10,5.0,31.0,1569.0,0,0,0,0,0,0,0,0,1,0 days 00:31:18,1
25192,"Apple iPhone 16 Plus 17 cm (6.7"") Double SIM iOS 18 5G USB Type-C 512 Go Noir",Espace-Disque,1657.41,2025-01-01 06:40:14,b06ff580-4ba4-41ca-96ec-34207a08dcac,10,5.0,31.0,1569.0,0,0,0,0,0,0,0,0,1,0 days 00:31:22,1
25288,"Apple iPhone 16 Plus 17 cm (6.7"") Double SIM iOS 18 5G USB Type-C 512 Go Noir",Espace-Disque,1657.41,2025-01-01 07:11:34,b06ff580-4ba4-41ca-96ec-34207a08dcac,10,5.0,31.0,1569.0,0,0,0,0,0,0,0,0,1,0 days 00:31:20,1
25384,"Apple iPhone 16 Plus 17 cm (6.7"") Double SIM iOS 18 5G USB Type-C 512 Go Noir",Espace-Disque,1657.41,2025-01-01 07:42:55,b06ff580-4ba4-41ca-96ec-34207a08dcac,10,5.0,31.0,1569.0,0,0,0,0,0,0,0,0,1,0 days 00:31:21,1
25480,"Apple iPhone 16 Plus 17 cm (6.7"") Double SIM iOS 18 5G USB Type-C 512 Go Noir",Espace-Disque,1657.41,2025-01-01 08:14:14,b06ff580-4ba4-41ca-96ec-34207a08dcac,10,5.0,31.0,1569.0,0,0,0,0,0,0,0,0,1,0 days 00:31:19,1
25576,"Apple iPhone 16 Plus 17 cm (6.7"") Double SIM iOS 18 5G USB Type-C 512 Go Noir",Espace-Disque,1657.41,2025-01-01 08:45:34,b06ff580-4ba4-41ca-96ec-34207a08dcac,10,5.0,31.0,1569.0,0,0,0,0,0,0,0,0,1,0 days 00:31:20,1
25672,"Apple iPhone 16 Plus 17 cm (6.7"") Double SIM iOS 18 5G USB Type-C 512 Go Noir",Espace-Disque,1657.41,2025-01-01 09:16:54,b06ff580-4ba4-41ca-96ec-34207a08dcac,10,5.0,31.0,1569.0,0,0,0,0,0,0,0,0,1,0 days 00:31:20,1
13270,"Apple iPhone 14 15,5 cm (6.1"") Double SIM iOS 17 5G 512 Go Noir",ZOOMICI,1587.94,2024-12-29 12:20:51,b6ebe431-da28-4b74-a9d9-064285e1948d,8,4.0,19.0,1427.0,0,0,0,0,0,0,0,0,0,0 days 00:00:00,0
13365,"Apple iPhone 14 15,5 cm (6.1"") Double SIM iOS 17 5G 512 Go Noir",ZOOMICI,1587.94,2024-12-29 12:52:11,b6ebe431-da28-4b74-a9d9-064285e1948d,8,4.0,19.0,1427.0,0,0,0,0,0,0,0,0,0,0 days 00:31:20,0
13459,"Apple iPhone 14 15,5 cm (6.1"") Double SIM iOS 17 5G 512 Go Noir",ZOOMICI,1587.94,2024-12-29 13:23:31,b6ebe431-da28-4b74-a9d9-064285e1948d,8,4.0,19.0,1427.0,0,0,0,0,0,0,0,0,0,0 days 00:31:20,0
13555,"Apple iPhone 14 15,5 cm (6.1"") Double SIM iOS 17 5G 512 Go Noir",ZOOMICI,1587.94,2024-12-29 13:54:50,b6ebe431-da28-4b74-a9d9-064285e1948d,8,4.0,19.0,1427.0,0,0,0,0,0,0,0,0,0,0 days 00:31:19,0
13650,"Apple iPhone 14 15,5 cm (6.1"") Double SIM iOS 17 5G 512 Go Noir",ZOOMICI,1587.94,2024-12-29 14:26:11,b6ebe431-da28-4b74-a9d9-064285e1948d,9,4.0,19.0,1427.0,0,0,0,0,0,0,0,0,0,0 days 00:31:21,0
13745,"Apple iPhone 14 15,5 cm (6.1"") Double SIM iOS 17 5G 512 Go Noir",ZOOMICI,1587.94,2024-12-29 14:57:32,b6ebe431-da28-4b74-a9d9-064285e1948d,9,4.0,19.0,1427.0,0,0,0,0,0,0,0,0,0,0 days 00:31:21,0
13840,"Apple iPhone 14 15,5 cm (6.1"") Double SIM iOS 17 5G 512 Go Noir",ZOOMICI,1587.94,2024-12-29 15:28:50,b6ebe431-da28-4b74-a9d9-064285e1948d,9,4.0,19.0,1427.0,0,0,0,0,0,0,0,0,0,0 days 00:31:18,0
13935,"Apple iPhone 14 15,5 cm (6.1"") Double SIM iOS 17 5G 512 Go Noir",ZOOMICI,1587.94,2024-12-29 16:00:10,b6ebe431-da28-4b74-a9d9-064285e1948d,9,4.0,19.0,1427.0,0,0,0,0,0,0,0,0,0,0 days 00:31:20,0
14030,"Apple iPhone 14 15,5 cm (6.1"") Double SIM iOS 17 5G 512 Go Noir",ZOOMICI,1587.94,2024-12-29 16:31:30,b6ebe431-da28-4b74-a9d9-064285e1948d,9,4.0,19.0,1427.0,0,0,0,0,0,0,0,0,0,0 days 00:31:20,0
14125,"Apple iPhone 14 15,5 cm (6.1"") Double SIM iOS 17 5G 512 Go Noir",ZOOMICI,1587.94,2024-12-29 17:02:51,b6ebe431-da28-4b74-a9d9-064285e1948d,9,4.0,19.0,1427.0,0,0,0,0,0,0,0,0,0,0 days 00:31:21,0
14219,"Apple iPhone 14 15,5 cm (6.1"") Double SIM iOS 17 5G 512 Go Noir",ZOOMICI,1587.94,2024-12-29 17:34:13,b6ebe431-da28-4b74-a9d9-064285e1948d,9,4.0,19.0,1427.0,0,0,0,0,0,0,0,0,0,0 days 00:31:22,0
14315,"Apple iPhone 14 15,5 cm (6.1"") Double SIM iOS 17 5G 512 Go Noir",ZOOMICI,1587.94,2024-12-29 18:05:33,b6ebe431-da28-4b74-a9d9-064285e1948d,9,4.0,19.0,1427.0,0,0,0,0,0,0,0,0,0,0 days 00:31:20,0
14410,"Apple iPhone 14 15,5 cm (6.1"") Double SIM iOS 17 5G 512 Go Noir",ZOOMICI,1587.94,2024-12-29 18:36:53,b6ebe431-da28-4b74-a9d9-064285e1948d,9,4.0,19.0,1427.0,0,0,0,0,0,0,0,0,0,0 days 00:31:20,0
14505,"Apple iPhone 14 15,5 cm (6.1"") Double SIM iOS 17 5G 512 Go Noir",ZOOMICI,1587.94,2024-12-29 19:08:12,b6ebe431-da28-4b74-a9d9-064285e1948d,9,4.0,19.0,1427.0,0,0,0,0,0,0,0,0,0,0 days 00:31:19,0
33137,"Apple iPhone 14 15,5 cm (6.1"") Double SIM iOS 17 5G 512 Go Noir",ZOOMICI,1647.79,2025-01-03 02:32:48,b6ebe431-da28-4b74-a9d9-064285e1948d,3,4.0,19.0,1432.0,0,0,0,0,0,0,0,0,0,4 days 07:24:36,1
33233,"Apple iPhone 14 15,5 cm (6.1"") Double SIM iOS 17 5G 512 Go Noir",ZOOMICI,1647.79,2025-01-03 03:04:15,b6ebe431-da28-4b74-a9d9-064285e1948d,3,4.0,19.0,1432.0,0,0,0,0,0,0,0,0,0,0 days 00:31:27,1
33329,"Apple iPhone 14 15,5 cm (6.1"") Double SIM iOS 17 5G 512 Go Noir",ZOOMICI,1647.79,2025-01-03 03:35:35,b6ebe431-da28-4b74-a9d9-064285e1948d,3,4.0,19.0,1432.0,0,0,0,0,0,0,0,0,0,0 days 00:31:20,1
33425,"Apple iPhone 14 15,5 cm (6.1"") Double SIM iOS 17 5G 512 Go Noir",ZOOMICI,1647.79,2025-01-03 04:07:04,b6ebe431-da28-4b74-a9d9-064285e1948d,3,4.0,19.0,1432.0,0,0,0,0,0,0,0,0,0,0 days 00:31:29,1
33521,"Apple iPhone 14 15,5 cm (6.1"") Double SIM iOS 17 5G 512 Go Noir",ZOOMICI,1647.79,2025-01-03 04:38:24,b6ebe431-da28-4b74-a9d9-064285e1948d,3,4.0,19.0,1432.0,0,0,0,0,0,0,0,0,0,0 days 00:31:20,1
33617,"Apple iPhone 14 15,5 cm (6.1"") Double SIM iOS 17 5G 512 Go Noir",ZOOMICI,1647.79,2025-01-03 05:09:42,b6ebe431-da28-4b74-a9d9-064285e1948d,3,4.0,19.0,1432.0,0,0,0,0,0,0,0,0,0,0 days 00:31:18,1
33713,"Apple iPhone 14 15,5 cm (6.1"") Double SIM iOS 17 5G 512 Go Noir",ZOOMICI,1647.79,2025-01-03 05:41:02,b6ebe431-da28-4b74-a9d9-064285e1948d,3,4.0,19.0,1432.0,0,0,0,0,0,0,0,0,0,0 days 00:31:20,1
33809,"Apple iPhone 14 15,5 cm (6.1"") Double SIM iOS 17 5G 512 Go Noir",ZOOMICI,1647.79,2025-01-03 06:12:24,b6ebe431-da28-4b74-a9d9-064285e1948d,3,4.0,19.0,1432.0,0,0,0,0,0,0,0,0,0,0 days 00:31:22,1
33905,"Apple iPhone 14 15,5 cm (6.1"") Double SIM iOS 17 5G 512 Go Noir",ZOOMICI,1647.79,2025-01-03 06:43:43,b6ebe431-da28-4b74-a9d9-064285e1948d,3,4.0,19.0,1432.0,0,0,0,0,0,0,0,0,0,0 days 00:31:19,1
34001,"Apple iPhone 14 15,5 cm (6.1"") Double SIM iOS 17 5G 512 Go Noir",ZOOMICI,1647.79,2025-01-03 07:15:02,b6ebe431-da28-4b74-a9d9-064285e1948d,3,4.0,19.0,1432.0,0,0,0,0,0,0,0,0,0,0 days 00:31:19,1
54037,"Apple iPhone 14 15,5 cm (6.1"") Double SIM iOS 17 5G 512 Go Noir",ZOOMICI,1647.79,2025-01-07 21:28:59,b6ebe431-da28-4b74-a9d9-064285e1948d,3,4.0,19.0,1436.0,0,0,0,0,0,0,0,0,0,4 days 14:13:57,2
54134,"Apple iPhone 14 15,5 cm (6.1"") Double SIM iOS 17 5G 512 Go Noir",ZOOMICI,1647.79,2025-01-07 22:00:28,b6ebe431-da28-4b74-a9d9-064285e1948d,3,4.0,19.0,1436.0,0,0,0,0,0,0,0,0,0,0 days 00:31:29,2
54231,"Apple iPhone 14 15,5 cm (6.1"") Double SIM iOS 17 5G 512 Go Noir",ZOOMICI,1647.79,2025-01-07 22:31:51,b6ebe431-da28-4b74-a9d9-064285e1948d,3,4.0,19.0,1436.0,0,0,0,0,0,0,0,0,0,0 days 00:31:23,2
54328,"Apple iPhone 14 15,5 cm (6.1"") Double SIM iOS 17 5G 512 Go Noir",ZOOMICI,1647.79,2025-01-07 23:03:13,b6ebe431-da28-4b74-a9d9-064285e1948d,2,4.0,19.0,1436.0,0,0,0,0,0,0,0,0,0,0 days 00:31:22,2
54425,"Apple iPhone 14 15,5 cm (6.1"") Double SIM iOS 17 5G 512 Go Noir",ZOOMICI,1647.79,2025-01-07 23:34:34,b6ebe431-da28-4b74-a9d9-064285e1948d,2,4.0,19.0,1436.0,0,0,0,0,0,0,0,0,0,0 days 00:31:21,2
54522,"Apple iPhone 14 15,5 cm (6.1"") Double SIM iOS 17 5G 512 Go Noir",ZOOMICI,1647.79,2025-01-08 00:05:59,b6ebe431-da28-4b74-a9d9-064285e1948d,2,4.0,19.0,1437.0,0,0,0,0,0,0,0,0,0,0 days 00:31:25,2
54619,"Apple iPhone 14 15,5 cm (6.1"") Double SIM iOS 17 5G 512 Go Noir",ZOOMICI,1647.79,2025-01-08 00:37:20,b6ebe431-da28-4b74-a9d9-064285e1948d,2,4.0,19.0,1437.0,0,0,0,0,0,0,0,0,0,0 days 00:31:21,2
54716,"Apple iPhone 14 15,5 cm (6.1"") Double SIM iOS 17 5G 512 Go Noir",ZOOMICI,1647.79,2025-01-08 01:08:38,b6ebe431-da28-4b74-a9d9-064285e1948d,2,4.0,19.0,1437.0,0,0,0,0,0,0,0,0,0,0 days 00:31:18,2
54813,"Apple iPhone 14 15,5 cm (6.1"") Double SIM iOS 17 5G 512 Go Noir",ZOOMICI,1647.79,2025-01-08 01:39:57,b6ebe431-da28-4b74-a9d9-064285e1948d,2,4.0,19.0,1437.0,0,0,0,0,0,0,0,0,0,0 days 00:31:19,2
54910,"Apple iPhone 14 15,5 cm (6.1"") Double SIM iOS 17 5G 512 Go Noir",ZOOMICI,1647.79,2025-01-08 02:11:17,b6ebe431-da28-4b74-a9d9-064285e1948d,2,4.0,19.0,1437.0,0,0,0,0,0,0,0,0,0,0 days 00:31:20,2
76207,"Apple iPhone 14 15,5 cm (6.1"") Double SIM iOS 17 5G 512 Go Noir",ZOOMICI,1587.94,2025-01-13 02:27:39,b6ebe431-da28-4b74-a9d9-064285e1948d,2,4.0,19.0,1442.0,0,0,0,0,0,0,0,0,0,5 days 00:16:22,3
76298,"Apple iPhone 14 15,5 cm (6.1"") Double SIM iOS 17 5G 512 Go Noir",ZOOMICI,1587.94,2025-01-13 02:59:03,b6ebe431-da28-4b74-a9d9-064285e1948d,2,4.0,19.0,1442.0,0,0,0,0,0,0,0,0,0,0 days 00:31:24,3
76389,"Apple iPhone 14 15,5 cm (6.1"") Double SIM iOS 17 5G 512 Go Noir",ZOOMICI,1587.94,2025-01-13 03:30:24,b6ebe431-da28-4b74-a9d9-064285e1948d,2,4.0,19.0,1442.0,0,0,0,0,0,0,0,0,0,0 days 00:31:21,3
76480,"Apple iPhone 14 15,5 cm (6.1"") Double SIM iOS 17 5G 512 Go Noir",ZOOMICI,1587.94,2025-01-13 04:01:46,b6ebe431-da28-4b74-a9d9-064285e1948d,2,4.0,19.0,1442.0,0,0,0,0,0,0,0,0,0,0 days 00:31:22,3
76571,"Apple iPhone 14 15,5 cm (6.1"") Double SIM iOS 17 5G 512 Go Noir",ZOOMICI,1587.94,2025-01-13 04:33:09,b6ebe431-da28-4b74-a9d9-064285e1948d,2,4.0,19.0,1442.0,0,0,0,0,0,0,0,0,0,0 days 00:31:23,3
76662,"Apple iPhone 14 15,5 cm (6.1"") Double SIM iOS 17 5G 512 Go Noir",ZOOMICI,1587.94,2025-01-13 05:04:28,b6ebe431-da28-4b74-a9d9-064285e1948d,2,4.0,19.0,1442.0,0,0,0,0,0,0,0,0,0,0 days 00:31:19,3
76753,"Apple iPhone 14 15,5 cm (6.1"") Double SIM iOS 17 5G 512 Go Noir",ZOOMICI,1587.94,2025-01-13 05:35:52,b6ebe431-da28-4b74-a9d9-064285e1948d,2,4.0,19.0,1442.0,0,0,0,0,0,0,0,0,0,0 days 00:31:24,3
76844,"Apple iPhone 14 15,5 cm (6.1"") Double SIM iOS 17 5G 512 Go Noir",ZOOMICI,1587.94,2025-01-13 06:07:16,b6ebe431-da28-4b74-a9d9-064285e1948d,2,4.0,19.0,1442.0,0,0,0,0,0,0,0,0,0,0 days 00:31:24,3
76935,"Apple iPhone 14 15,5 cm (6.1"") Double SIM iOS 17 5G 512 Go Noir",ZOOMICI,1587.94,2025-01-13 06:38:35,b6ebe431-da28-4b74-a9d9-064285e1948d,2,4.0,19.0,1442.0,0,0,0,0,0,0,0,0,0,0 days 00:31:19,3
77026,"Apple iPhone 14 15,5 cm (6.1"") Double SIM iOS 17 5G 512 Go Noir",ZOOMICI,1587.94,2025-01-13 07:09:58,b6ebe431-da28-4b74-a9d9-064285e1948d,2,4.0,19.0,1442.0,0,0,0,0,0,0,0,0,0,0 days 00:31:23,3
77117,"Apple iPhone 14 15,5 cm (6.1"") Double SIM iOS 17 5G 512 Go Noir",ZOOMICI,1587.94,2025-01-13 07:41:19,b6ebe431-da28-4b74-a9d9-064285e1948d,2,4.0,19.0,1442.0,0,0,0,0,0,0,0,0,0,0 days 00:31:21,3
77208,"Apple iPhone 14 15,5 cm (6.1"") Double SIM iOS 17 5G 512 Go Noir",ZOOMICI,1587.94,2025-01-13 08:12:43,b6ebe431-da28-4b74-a9d9-064285e1948d,2,4.0,19.0,1442.0,0,0,0,0,0,0,0,0,0,0 days 00:31:24,3
77299,"Apple iPhone 14 15,5 cm (6.1"") Double SIM iOS 17 5G 512 Go Noir",ZOOMICI,1587.94,2025-01-13 08:44:07,b6ebe431-da28-4b74-a9d9-064285e1948d,2,4.0,19.0,1442.0,0,0,0,0,0,0,0,0,0,0 days 00:31:24,3
77389,"Apple iPhone 14 15,5 cm (6.1"") Double SIM iOS 17 5G 512 Go Noir",ZOOMICI,1587.94,2025-01-13 09:15:31,b6ebe431-da28-4b74-a9d9-064285e1948d,2,4.0,19.0,1442.0,0,0,0,0,0,0,0,0,0,0 days 00:31:24,3
77480,"Apple iPhone 14 15,5 cm (6.1"") Double SIM iOS 17 5G 512 Go Noir",ZOOMICI,1587.94,2025-01-13 09:46:55,b6ebe431-da28-4b74-a9d9-064285e1948d,2,4.0,19.0,1442.0,0,0,0,0,0,0,0,0,0,0 days 00:31:24,3
77570,"Apple iPhone 14 15,5 cm (6.1"") Double SIM iOS 17 5G 512 Go Noir",ZOOMICI,1587.94,2025-01-13 10:18:18,b6ebe431-da28-4b74-a9d9-064285e1948d,2,4.0,19.0,1442.0,0,0,0,0,0,0,0,0,0,0 days 00:31:23,3
77660,"Apple iPhone 14 15,5 cm (6.1"") Double SIM iOS 17 5G 512 Go Noir",ZOOMICI,1587.94,2025-01-13 10:49:43,b6ebe431-da28-4b74-a9d9-064285e1948d,2,4.0,19.0,1442.0,0,0,0,0,0,0,0,0,0,0 days 00:31:25,3
93897,"Apple iPhone 14 15,5 cm (6.1"") Double SIM iOS 17 5G 512 Go Noir",ZOOMICI,1587.94,2025-01-17 07:13:10,b6ebe431-da28-4b74-a9d9-064285e1948d,3,4.0,19.0,1446.0,0,0,0,0,0,0,0,0,0,3 days 20:23:27,4
93992,"Apple iPhone 14 15,5 cm (6.1"") Double SIM iOS 17 5G 512 Go Noir",ZOOMICI,1587.94,2025-01-17 07:44:27,b6ebe431-da28-4b74-a9d9-064285e1948d,3,4.0,19.0,1446.0,0,0,0,0,0,0,0,0,0,0 days 00:31:17,4
94087,"Apple iPhone 14 15,5 cm (6.1"") Double SIM iOS 17 5G 512 Go Noir",ZOOMICI,1587.94,2025-01-17 08:15:48,b6ebe431-da28-4b74-a9d9-064285e1948d,3,4.0,19.0,1446.0,0,0,0,0,0,0,0,0,0,0 days 00:31:21,4
94182,"Apple iPhone 14 15,5 cm (6.1"") Double SIM iOS 17 5G 512 Go Noir",ZOOMICI,1587.94,2025-01-17 08:47:09,b6ebe431-da28-4b74-a9d9-064285e1948d,3,4.0,19.0,1446.0,0,0,0,0,0,0,0,0,0,0 days 00:31:21,4
94276,"Apple iPhone 14 15,5 cm (6.1"") Double SIM iOS 17 5G 512 Go Noir",ZOOMICI,1587.94,2025-01-17 09:18:27,b6ebe431-da28-4b74-a9d9-064285e1948d,3,4.0,19.0,1446.0,0,0,0,0,0,0,0,0,0,0 days 00:31:18,4
94371,"Apple iPhone 14 15,5 cm (6.1"") Double SIM iOS 17 5G 512 Go Noir",ZOOMICI,1587.94,2025-01-17 09:49:46,b6ebe431-da28-4b74-a9d9-064285e1948d,3,4.0,19.0,1446.0,0,0,0,0,0,0,0,0,0,0 days 00:31:19,4
94465,"Apple iPhone 14 15,5 cm (6.1"") Double SIM iOS 17 5G 512 Go Noir",ZOOMICI,1587.94,2025-01-17 10:21:05,b6ebe431-da28-4b74-a9d9-064285e1948d,3,4.0,19.0,1446.0,0,0,0,0,0,0,0,0,0,0 days 00:31:19,4
94559,"Apple iPhone 14 15,5 cm (6.1"") Double SIM iOS 17 5G 512 Go Noir",ZOOMICI,1587.94,2025-01-17 10:52:24,b6ebe431-da28-4b74-a9d9-064285e1948d,3,4.0,19.0,1446.0,0,0,0,0,0,0,0,0,0,0 days 00:31:19,4
94653,"Apple iPhone 14 15,5 cm (6.1"") Double SIM iOS 17 5G 512 Go Noir",ZOOMICI,1587.94,2025-01-17 11:23:42,b6ebe431-da28-4b74-a9d9-064285e1948d,3,4.0,19.0,1446.0,0,0,0,0,0,0,0,0,0,0 days 00:31:18,4
94747,"Apple iPhone 14 15,5 cm (6.1"") Double SIM iOS 17 5G 512 Go Noir",ZOOMICI,1587.94,2025-01-17 11:55:05,b6ebe431-da28-4b74-a9d9-064285e1948d,3,4.0,19.0,1446.0,0,0,0,0,0,0,0,0,0,0 days 00:31:23,4
94841,"Apple iPhone 14 15,5 cm (6.1"") Double SIM iOS 17 5G 512 Go Noir",ZOOMICI,1587.94,2025-01-17 12:26:25,b6ebe431-da28-4b74-a9d9-064285e1948d,3,4.0,19.0,1446.0,0,0,0,0,0,0,0,0,0,0 days 00:31:20,4
94935,"Apple iPhone 14 15,5 cm (6.1"") Double SIM iOS 17 5G 512 Go Noir",ZOOMICI,1587.94,2025-01-17 12:57:44,b6ebe431-da28-4b74-a9d9-064285e1948d,3,4.0,19.0,1446.0,0,0,0,0,0,0,0,0,0,0 days 00:31:19,4
95029,"Apple iPhone 14 15,5 cm (6.1"") Double SIM iOS 17 5G 512 Go Noir",ZOOMICI,1587.94,2025-01-17 13:29:06,b6ebe431-da28-4b74-a9d9-064285e1948d,3,4.0,19.0,1446.0,0,0,0,0,0,0,0,0,0,0 days 00:31:22,4
95124,"Apple iPhone 14 15,5 cm (6.1"") Double SIM iOS 17 5G 512 Go Noir",ZOOMICI,1587.94,2025-01-17 14:00:26,b6ebe431-da28-4b74-a9d9-064285e1948d,4,4.0,19.0,1446.0,0,0,0,0,0,0,0,0,0,0 days 00:31:20,4
95219,"Apple iPhone 14 15,5 cm (6.1"") Double SIM iOS 17 5G 512 Go Noir",ZOOMICI,1587.94,2025-01-17 14:31:47,b6ebe431-da28-4b74-a9d9-064285e1948d,4,4.0,19.0,1446.0,0,0,0,0,0,0,0,0,0,0 days 00:31:21,4
112119,"Apple iPhone 14 15,5 cm (6.1"") Double SIM iOS 17 5G 512 Go Noir",ZOOMICI,1587.94,2025-01-21 13:34:56,b6ebe431-da28-4b74-a9d9-064285e1948d,2,4.0,19.0,1450.0,0,0,0,0,0,0,0,0,0,3 days 23:03:09,5
112212,"Apple iPhone 14 15,5 cm (6.1"") Double SIM iOS 17 5G 512 Go Noir",ZOOMICI,1587.94,2025-01-21 14:06:19,b6ebe431-da28-4b74-a9d9-064285e1948d,3,4.0,19.0,1450.0,0,0,0,0,0,0,0,0,0,0 days 00:31:23,5
112305,"Apple iPhone 14 15,5 cm (6.1"") Double SIM iOS 17 5G 512 Go Noir",ZOOMICI,1587.94,2025-01-21 14:37:40,b6ebe431-da28-4b74-a9d9-064285e1948d,3,4.0,19.0,1450.0,0,0,0,0,0,0,0,0,0,0 days 00:31:21,5
112398,"Apple iPhone 14 15,5 cm (6.1"") Double SIM iOS 17 5G 512 Go Noir",ZOOMICI,1587.94,2025-01-21 15:09:00,b6ebe431-da28-4b74-a9d9-064285e1948d,3,4.0,19.0,1450.0,0,0,0,0,0,0,0,0,0,0 days 00:31:20,5
112492,"Apple iPhone 14 15,5 cm (6.1"") Double SIM iOS 17 5G 512 Go Noir",ZOOMICI,1587.94,2025-01-21 15:40:26,b6ebe431-da28-4b74-a9d9-064285e1948d,3,4.0,19.0,1450.0,0,0,0,0,0,0,0,0,0,0 days 00:31:26,5
112586,"Apple iPhone 14 15,5 cm (6.1"") Double SIM iOS 17 5G 512 Go Noir",ZOOMICI,1587.94,2025-01-21 16:11:51,b6ebe431-da28-4b74-a9d9-064285e1948d,3,4.0,19.0,1450.0,0,0,0,0,0,0,0,0,0,0 days 00:31:25,5
112681,"Apple iPhone 14 15,5 cm (6.1"") Double SIM iOS 17 5G 512 Go Noir",ZOOMICI,1587.94,2025-01-21 16:43:13,b6ebe431-da28-4b74-a9d9-064285e1948d,3,4.0,19.0,1450.0,0,0,0,0,0,0,0,0,0,0 days 00:31:22,5
112776,"Apple iPhone 14 15,5 cm (6.1"") Double SIM iOS 17 5G 512 Go Noir",ZOOMICI,1587.94,2025-01-21 17:14:36,b6ebe431-da28-4b74-a9d9-064285e1948d,3,4.0,19.0,1450.0,0,0,0,0,0,0,0,0,0,0 days 00:31:23,5
112871,"Apple iPhone 14 15,5 cm (6.1"") Double SIM iOS 17 5G 512 Go Noir",ZOOMICI,1587.94,2025-01-21 17:46:00,b6ebe431-da28-4b74-a9d9-064285e1948d,3,4.0,19.0,1450.0,0,0,0,0,0,0,0,0,0,0 days 00:31:24,5
112966,"Apple iPhone 14 15,5 cm (6.1"") Double SIM iOS 17 5G 512 Go Noir",ZOOMICI,1587.94,2025-01-21 18:17:22,b6ebe431-da28-4b74-a9d9-064285e1948d,3,4.0,19.0,1450.0,0,0,0,0,0,0,0,0,0,0 days 00:31:22,5
113061,"Apple iPhone 14 15,5 cm (6.1"") Double SIM iOS 17 5G 512 Go Noir",ZOOMICI,1587.94,2025-01-21 18:48:43,b6ebe431-da28-4b74-a9d9-064285e1948d,3,4.0,19.0,1450.0,0,0,0,0,0,0,0,0,0,0 days 00:31:21,5
133445,"Apple iPhone 14 15,5 cm (6.1"") Double SIM iOS 17 5G 512 Go Noir",ZOOMICI,1669.12,2025-01-26 10:05:25,b6ebe431-da28-4b74-a9d9-064285e1948d,2,4.0,19.0,1455.0,0,0,0,0,0,0,0,0,0,4 days 15:16:42,6
133547,"Apple iPhone 14 15,5 cm (6.1"") Double SIM iOS 17 5G 512 Go Noir",ZOOMICI,1669.12,2025-01-26 10:36:45,b6ebe431-da28-4b74-a9d9-064285e1948d,2,4.0,19.0,1455.0,0,0,0,0,0,0,0,0,0,0 days 00:31:20,6
133648,"Apple iPhone 14 15,5 cm (6.1"") Double SIM iOS 17 5G 512 Go Noir",ZOOMICI,1669.12,2025-01-26 11:08:07,b6ebe431-da28-4b74-a9d9-064285e1948d,2,4.0,19.0,1455.0,0,0,0,0,0,0,0,0,0,0 days 00:31:22,6
133751,"Apple iPhone 14 15,5 cm (6.1"") Double SIM iOS 17 5G 512 Go Noir",ZOOMICI,1669.12,2025-01-26 11:39:32,b6ebe431-da28-4b74-a9d9-064285e1948d,2,4.0,19.0,1455.0,0,0,0,0,0,0,0,0,0,0 days 00:31:25,6
133853,"Apple iPhone 14 15,5 cm (6.1"") Double SIM iOS 17 5G 512 Go Noir",ZOOMICI,1669.12,2025-01-26 12:11:00,b6ebe431-da28-4b74-a9d9-064285e1948d,2,4.0,19.0,1455.0,0,0,0,0,0,0,0,0,0,0 days 00:31:28,6
133955,"Apple iPhone 14 15,5 cm (6.1"") Double SIM iOS 17 5G 512 Go Noir",ZOOMICI,1669.12,2025-01-26 12:42:16,b6ebe431-da28-4b74-a9d9-064285e1948d,2,4.0,19.0,1455.0,0,0,0,0,0,0,0,0,0,0 days 00:31:16,6
134057,"Apple iPhone 14 15,5 cm (6.1"") Double SIM iOS 17 5G 512 Go Noir",ZOOMICI,1669.12,2025-01-26 13:13:37,b6ebe431-da28-4b74-a9d9-064285e1948d,2,4.0,19.0,1455.0,0,0,0,0,0,0,0,0,0,0 days 00:31:21,6
154145,"Apple iPhone 14 15,5 cm (6.1"") Double SIM iOS 17 5G 512 Go Noir",ZOOMICI,1587.94,2025-01-31 02:28:44,b6ebe431-da28-4b74-a9d9-064285e1948d,3,4.0,19.0,1460.0,0,0,0,0,0,0,0,0,0,4 days 13:15:07,7
154240,"Apple iPhone 14 15,5 cm (6.1"") Double SIM iOS 17 5G 512 Go Noir",ZOOMICI,1587.94,2025-01-31 03:00:02,b6ebe431-da28-4b74-a9d9-064285e1948d,3,4.0,19.0,1460.0,0,0,0,0,0,0,0,0,0,0 days 00:31:18,7
154335,"Apple iPhone 14 15,5 cm (6.1"") Double SIM iOS 17 5G 512 Go Noir",ZOOMICI,1587.94,2025-01-31 03:31:23,b6ebe431-da28-4b74-a9d9-064285e1948d,3,4.0,19.0,1460.0,0,0,0,0,0,0,0,0,0,0 days 00:31:21,7
154430,"Apple iPhone 14 15,5 cm (6.1"") Double SIM iOS 17 5G 512 Go Noir",ZOOMICI,1587.94,2025-01-31 04:02:43,b6ebe431-da28-4b74-a9d9-064285e1948d,3,4.0,19.0,1460.0,0,0,0,0,0,0,0,0,0,0 days 00:31:20,7
154525,"Apple iPhone 14 15,5 cm (6.1"") Double SIM iOS 17 5G 512 Go Noir",ZOOMICI,1587.94,2025-01-31 04:34:03,b6ebe431-da28-4b74-a9d9-064285e1948d,3,4.0,19.0,1460.0,0,0,0,0,0,0,0,0,0,0 days 00:31:20,7
154620,"Apple iPhone 14 15,5 cm (6.1"") Double SIM iOS 17 5G 512 Go Noir",ZOOMICI,1587.94,2025-01-31 05:05:24,b6ebe431-da28-4b74-a9d9-064285e1948d,3,4.0,19.0,1460.0,0,0,0,0,0,0,0,0,0,0 days 00:31:21,7
154715,"Apple iPhone 14 15,5 cm (6.1"") Double SIM iOS 17 5G 512 Go Noir",ZOOMICI,1587.94,2025-01-31 05:36:43,b6ebe431-da28-4b74-a9d9-064285e1948d,3,4.0,19.0,1460.0,0,0,0,0,0,0,0,0,0,0 days 00:31:19,7
154810,"Apple iPhone 14 15,5 cm (6.1"") Double SIM iOS 17 5G 512 Go Noir",ZOOMICI,1587.94,2025-01-31 06:08:03,b6ebe431-da28-4b74-a9d9-064285e1948d,3,4.0,19.0,1460.0,0,0,0,0,0,0,0,0,0,0 days 00:31:20,7
154905,"Apple iPhone 14 15,5 cm (6.1"") Double SIM iOS 17 5G 512 Go Noir",ZOOMICI,1587.94,2025-01-31 06:39:22,b6ebe431-da28-4b74-a9d9-064285e1948d,3,4.0,19.0,1460.0,0,0,0,0,0,0,0,0,0,0 days 00:31:19,7
155000,"Apple iPhone 14 15,5 cm (6.1"") Double SIM iOS 17 5G 512 Go Noir",ZOOMICI,1587.94,2025-01-31 07:10:44,b6ebe431-da28-4b74-a9d9-064285e1948d,3,4.0,19.0,1460.0,0,0,0,0,0,0,0,0,0,0 days 00:31:22,7
175571,"Apple iPhone 14 15,5 cm (6.1"") Double SIM iOS 17 5G 512 Go Noir",ZOOMICI,1587.94,2025-02-05 02:11:44,b6ebe431-da28-4b74-a9d9-064285e1948d,2,4.0,19.0,1465.0,0,0,0,0,0,0,0,0,0,4 days 19:01:00,8
175667,"Apple iPhone 14 15,5 cm (6.1"") Double SIM iOS 17 5G 512 Go Noir",ZOOMICI,1587.94,2025-02-05 02:43:01,b6ebe431-da28-4b74-a9d9-064285e1948d,2,4.0,19.0,1465.0,0,0,0,0,0,0,0,0,0,0 days 00:31:17,8
175763,"Apple iPhone 14 15,5 cm (6.1"") Double SIM iOS 17 5G 512 Go Noir",ZOOMICI,1587.94,2025-02-05 03:14:19,b6ebe431-da28-4b74-a9d9-064285e1948d,2,4.0,19.0,1465.0,0,0,0,0,0,0,0,0,0,0 days 00:31:18,8
175859,"Apple iPhone 14 15,5 cm (6.1"") Double SIM iOS 17 5G 512 Go Noir",ZOOMICI,1587.94,2025-02-05 03:45:37,b6ebe431-da28-4b74-a9d9-064285e1948d,2,4.0,19.0,1465.0,0,0,0,0,0,0,0,0,0,0 days 00:31:18,8
175955,"Apple iPhone 14 15,5 cm (6.1"") Double SIM iOS 17 5G 512 Go Noir",ZOOMICI,1587.94,2025-02-05 04:16:56,b6ebe431-da28-4b74-a9d9-064285e1948d,2,4.0,19.0,1465.0,0,0,0,0,0,0,0,0,0,0 days 00:31:19,8
176051,"Apple iPhone 14 15,5 cm (6.1"") Double SIM iOS 17 5G 512 Go Noir",ZOOMICI,1587.94,2025-02-05 04:48:18,b6ebe431-da28-4b74-a9d9-064285e1948d,2,4.0,19.0,1465.0,0,0,0,0,0,0,0,0,0,0 days 00:31:22,8
176147,"Apple iPhone 14 15,5 cm (6.1"") Double SIM iOS 17 5G 512 Go Noir",ZOOMICI,1587.94,2025-02-05 05:19:39,b6ebe431-da28-4b74-a9d9-064285e1948d,2,4.0,19.0,1465.0,0,0,0,0,0,0,0,0,0,0 days 00:31:21,8
176243,"Apple iPhone 14 15,5 cm (6.1"") Double SIM iOS 17 5G 512 Go Noir",ZOOMICI,1587.94,2025-02-05 05:51:06,b6ebe431-da28-4b74-a9d9-064285e1948d,2,4.0,19.0,1465.0,0,0,0,0,0,0,0,0,0,0 days 00:31:27,8
176339,"Apple iPhone 14 15,5 cm (6.1"") Double SIM iOS 17 5G 512 Go Noir",ZOOMICI,1587.94,2025-02-05 06:22:25,b6ebe431-da28-4b74-a9d9-064285e1948d,2,4.0,19.0,1465.0,0,0,0,0,0,0,0,0,0,0 days 00:31:19,8
176435,"Apple iPhone 14 15,5 cm (6.1"") Double SIM iOS 17 5G 512 Go Noir",ZOOMICI,1587.94,2025-02-05 06:53:44,b6ebe431-da28-4b74-a9d9-064285e1948d,2,4.0,19.0,1465.0,0,0,0,0,0,0,0,0,0,0 days 00:31:19,8
132546,Smartphone Apple iPhone 14 256Go Noir Midnight,Nest Green,569.0,2025-01-26 05:23:41,b9a258e5-a455-464a-8914-7fe8f97f02bf,2,3.0,4.0,376.0,1,0,0,0,0,0,0,0,0,1 days 00:01:08,1
132647,Smartphone Apple iPhone 14 256Go Noir Midnight,Nest Green,569.0,2025-01-26 05:54:58,b9a258e5-a455-464a-8914-7fe8f97f02bf,2,3.0,4.0,376.0,1,0,0,0,0,0,0,0,0,0 days 00:31:17,1
132748,Smartphone Apple iPhone 14 256Go Noir Midnight,Nest Green,569.0,2025-01-26 06:26:18,b9a258e5-a455-464a-8914-7fe8f97f02bf,2,3.0,4.0,376.0,1,0,0,0,0,0,0,0,0,0 days 00:31:20,1
132849,Smartphone Apple iPhone 14 256Go Noir Midnight,Nest Green,569.0,2025-01-26 06:57:35,b9a258e5-a455-464a-8914-7fe8f97f02bf,2,3.0,4.0,376.0,1,0,0,0,0,0,0,0,0,0 days 00:31:17,1
132950,Smartphone Apple iPhone 14 256Go Noir Midnight,Nest Green,569.0,2025-01-26 07:28:53,b9a258e5-a455-464a-8914-7fe8f97f02bf,2,3.0,4.0,376.0,1,0,0,0,0,0,0,0,0,0 days 00:31:18,1
133051,Smartphone Apple iPhone 14 256Go Noir Midnight,Nest Green,569.0,2025-01-26 08:00:12,b9a258e5-a455-464a-8914-7fe8f97f02bf,2,3.0,4.0,376.0,1,0,0,0,0,0,0,0,0,0 days 00:31:19,1
133152,Smartphone Apple iPhone 14 256Go Noir Midnight,Nest Green,569.0,2025-01-26 08:31:31,b9a258e5-a455-464a-8914-7fe8f97f02bf,2,3.0,4.0,376.0,1,0,0,0,0,0,0,0,0,0 days 00:31:19,1
133253,Smartphone Apple iPhone 14 256Go Noir Midnight,Nest Green,569.0,2025-01-26 09:02:51,b9a258e5-a455-464a-8914-7fe8f97f02bf,2,3.0,4.0,376.0,1,0,0,0,0,0,0,0,0,0 days 00:31:20,1
133456,Smartphone Apple iPhone 14 256Go Noir Midnight,Nest Green,569.0,2025-01-26 10:05:32,b9a258e5-a455-464a-8914-7fe8f97f02bf,2,3.0,4.0,376.0,1,0,0,0,0,0,0,0,0,0 days 01:02:41,1
133558,Smartphone Apple iPhone 14 256Go Noir Midnight,Nest Green,569.0,2025-01-26 10:36:51,b9a258e5-a455-464a-8914-7fe8f97f02bf,2,3.0,4.0,376.0,1,0,0,0,0,0,0,0,0,0 days 00:31:19,1
133660,Smartphone Apple iPhone 14 256Go Noir Midnight,Nest Green,569.0,2025-01-26 11:08:15,b9a258e5-a455-464a-8914-7fe8f97f02bf,2,3.0,4.0,376.0,1,0,0,0,0,0,0,0,0,0 days 00:31:24,1
133762,Smartphone Apple iPhone 14 256Go Noir Midnight,Nest Green,569.0,2025-01-26 11:39:40,b9a258e5-a455-464a-8914-7fe8f97f02bf,2,3.0,4.0,376.0,1,0,0,0,0,0,0,0,0,0 days 00:31:25,1
133864,Smartphone Apple iPhone 14 256Go Noir Midnight,Nest Green,569.0,2025-01-26 12:11:06,b9a258e5-a455-464a-8914-7fe8f97f02bf,2,3.0,4.0,376.0,1,0,0,0,0,0,0,0,0,0 days 00:31:26,1
133966,Smartphone Apple iPhone 14 256Go Noir Midnight,Nest Green,569.0,2025-01-26 12:42:22,b9a258e5-a455-464a-8914-7fe8f97f02bf,2,3.0,4.0,376.0,1,0,0,0,0,0,0,0,0,0 days 00:31:16,1
134068,Smartphone Apple iPhone 14 256Go Noir Midnight,Nest Green,569.0,2025-01-26 13:13:43,b9a258e5-a455-464a-8914-7fe8f97f02bf,2,3.0,4.0,376.0,1,0,0,0,0,0,0,0,0,0 days 00:31:21,1
143158,Smartphone Apple iPhone 14 256Go Noir Midnight,Nest Green,569.0,2025-01-28 13:18:40,b9a258e5-a455-464a-8914-7fe8f97f02bf,2,3.0,4.0,378.0,1,0,0,0,0,0,0,0,0,2 days 00:04:57,2
143252,Smartphone Apple iPhone 14 256Go Noir Midnight,Nest Green,569.0,2025-01-28 13:50:06,b9a258e5-a455-464a-8914-7fe8f97f02bf,2,3.0,4.0,378.0,1,0,0,0,0,0,0,0,0,0 days 00:31:26,2
143346,Smartphone Apple iPhone 14 256Go Noir Midnight,Nest Green,569.0,2025-01-28 14:21:31,b9a258e5-a455-464a-8914-7fe8f97f02bf,3,3.0,4.0,378.0,1,0,0,0,0,0,0,0,0,0 days 00:31:25,2
143440,Smartphone Apple iPhone 14 256Go Noir Midnight,Nest Green,569.0,2025-01-28 14:52:54,b9a258e5-a455-464a-8914-7fe8f97f02bf,3,3.0,4.0,378.0,1,0,0,0,0,0,0,0,0,0 days 00:31:23,2
143534,Smartphone Apple iPhone 14 256Go Noir Midnight,Nest Green,569.0,2025-01-28 15:24:16,b9a258e5-a455-464a-8914-7fe8f97f02bf,3,3.0,4.0,378.0,1,0,0,0,0,0,0,0,0,0 days 00:31:22,2
143628,Smartphone Apple iPhone 14 256Go Noir Midnight,Nest Green,569.0,2025-01-28 15:55:39,b9a258e5-a455-464a-8914-7fe8f97f02bf,3,3.0,4.0,378.0,1,0,0,0,0,0,0,0,0,0 days 00:31:23,2
143722,Smartphone Apple iPhone 14 256Go Noir Midnight,Nest Green,569.0,2025-01-28 16:27:01,b9a258e5-a455-464a-8914-7fe8f97f02bf,3,3.0,4.0,378.0,1,0,0,0,0,0,0,0,0,0 days 00:31:22,2
143816,Smartphone Apple iPhone 14 256Go Noir Midnight,Nest Green,569.0,2025-01-28 16:58:20,b9a258e5-a455-464a-8914-7fe8f97f02bf,3,3.0,4.0,378.0,1,0,0,0,0,0,0,0,0,0 days 00:31:19,2
143910,Smartphone Apple iPhone 14 256Go Noir Midnight,Nest Green,569.0,2025-01-28 17:29:41,b9a258e5-a455-464a-8914-7fe8f97f02bf,3,3.0,4.0,378.0,1,0,0,0,0,0,0,0,0,0 days 00:31:21,2
144003,Smartphone Apple iPhone 14 256Go Noir Midnight,Nest Green,569.0,2025-01-28 18:01:08,b9a258e5-a455-464a-8914-7fe8f97f02bf,3,3.0,4.0,378.0,1,0,0,0,0,0,0,0,0,0 days 00:31:27,2
144097,Smartphone Apple iPhone 14 256Go Noir Midnight,Nest Green,569.0,2025-01-28 18:32:28,b9a258e5-a455-464a-8914-7fe8f97f02bf,3,3.0,4.0,378.0,1,0,0,0,0,0,0,0,0,0 days 00:31:20,2
144191,Smartphone Apple iPhone 14 256Go Noir Midnight,Nest Green,569.0,2025-01-28 19:03:48,b9a258e5-a455-464a-8914-7fe8f97f02bf,3,3.0,4.0,378.0,1,0,0,0,0,0,0,0,0,0 days 00:31:20,2
144285,Smartphone Apple iPhone 14 256Go Noir Midnight,Nest Green,569.0,2025-01-28 19:35:12,b9a258e5-a455-464a-8914-7fe8f97f02bf,3,3.0,4.0,378.0,1,0,0,0,0,0,0,0,0,0 days 00:31:24,2
144379,Smartphone Apple iPhone 14 256Go Noir Midnight,Nest Green,569.0,2025-01-28 20:06:33,b9a258e5-a455-464a-8914-7fe8f97f02bf,3,3.0,4.0,378.0,1,0,0,0,0,0,0,0,0,0 days 00:31:21,2
144473,Smartphone Apple iPhone 14 256Go Noir Midnight,Nest Green,569.0,2025-01-28 20:37:51,b9a258e5-a455-464a-8914-7fe8f97f02bf,3,3.0,4.0,378.0,1,0,0,0,0,0,0,0,0,0 days 00:31:18,2
144567,Smartphone Apple iPhone 14 256Go Noir Midnight,Nest Green,569.0,2025-01-28 21:09:18,b9a258e5-a455-464a-8914-7fe8f97f02bf,3,3.0,4.0,378.0,1,0,0,0,0,0,0,0,0,0 days 00:31:27,2
144661,Smartphone Apple iPhone 14 256Go Noir Midnight,Nest Green,569.0,2025-01-28 21:40:36,b9a258e5-a455-464a-8914-7fe8f97f02bf,3,3.0,4.0,378.0,1,0,0,0,0,0,0,0,0,0 days 00:31:18,2
144755,Smartphone Apple iPhone 14 256Go Noir Midnight,Nest Green,569.0,2025-01-28 22:11:56,b9a258e5-a455-464a-8914-7fe8f97f02bf,3,3.0,4.0,378.0,1,0,0,0,0,0,0,0,0,0 days 00:31:20,2
144849,Smartphone Apple iPhone 14 256Go Noir Midnight,Nest Green,569.0,2025-01-28 22:43:17,b9a258e5-a455-464a-8914-7fe8f97f02bf,3,3.0,4.0,378.0,1,0,0,0,0,0,0,0,0,0 days 00:31:21,2
144943,Smartphone Apple iPhone 14 256Go Noir Midnight,Nest Green,569.0,2025-01-28 23:14:36,b9a258e5-a455-464a-8914-7fe8f97f02bf,2,3.0,4.0,378.0,1,0,0,0,0,0,0,0,0,0 days 00:31:19,2
145037,Smartphone Apple iPhone 14 256Go Noir Midnight,Nest Green,569.0,2025-01-28 23:45:58,b9a258e5-a455-464a-8914-7fe8f97f02bf,2,3.0,4.0,378.0,1,0,0,0,0,0,0,0,0,0 days 00:31:22,2
145131,Smartphone Apple iPhone 14 256Go Noir Midnight,Nest Green,569.0,2025-01-29 00:17:19,b9a258e5-a455-464a-8914-7fe8f97f02bf,2,3.0,4.0,379.0,1,0,0,0,0,0,0,0,0,0 days 00:31:21,2
145225,Smartphone Apple iPhone 14 256Go Noir Midnight,Nest Green,569.0,2025-01-29 00:48:37,b9a258e5-a455-464a-8914-7fe8f97f02bf,2,3.0,4.0,379.0,1,0,0,0,0,0,0,0,0,0 days 00:31:18,2
145319,Smartphone Apple iPhone 14 256Go Noir Midnight,Nest Green,569.0,2025-01-29 01:19:58,b9a258e5-a455-464a-8914-7fe8f97f02bf,2,3.0,4.0,379.0,1,0,0,0,0,0,0,0,0,0 days 00:31:21,2
145413,Smartphone Apple iPhone 14 256Go Noir Midnight,Nest Green,569.0,2025-01-29 01:51:18,b9a258e5-a455-464a-8914-7fe8f97f02bf,2,3.0,4.0,379.0,1,0,0,0,0,0,0,0,0,0 days 00:31:20,2
145507,Smartphone Apple iPhone 14 256Go Noir Midnight,Nest Green,569.0,2025-01-29 02:22:35,b9a258e5-a455-464a-8914-7fe8f97f02bf,2,3.0,4.0,379.0,1,0,0,0,0,0,0,0,0,0 days 00:31:17,2
145601,Smartphone Apple iPhone 14 256Go Noir Midnight,Nest Green,569.0,2025-01-29 02:53:53,b9a258e5-a455-464a-8914-7fe8f97f02bf,2,3.0,4.0,379.0,1,0,0,0,0,0,0,0,0,0 days 00:31:18,2
145695,Smartphone Apple iPhone 14 256Go Noir Midnight,Nest Green,569.0,2025-01-29 03:25:11,b9a258e5-a455-464a-8914-7fe8f97f02bf,2,3.0,4.0,379.0,1,0,0,0,0,0,0,0,0,0 days 00:31:18,2
145789,Smartphone Apple iPhone 14 256Go Noir Midnight,Nest Green,569.0,2025-01-29 03:56:29,b9a258e5-a455-464a-8914-7fe8f97f02bf,2,3.0,4.0,379.0,1,0,0,0,0,0,0,0,0,0 days 00:31:18,2
145883,Smartphone Apple iPhone 14 256Go Noir Midnight,Nest Green,569.0,2025-01-29 04:27:48,b9a258e5-a455-464a-8914-7fe8f97f02bf,2,3.0,4.0,379.0,1,0,0,0,0,0,0,0,0,0 days 00:31:19,2
145977,Smartphone Apple iPhone 14 256Go Noir Midnight,Nest Green,569.0,2025-01-29 04:59:07,b9a258e5-a455-464a-8914-7fe8f97f02bf,2,3.0,4.0,379.0,1,0,0,0,0,0,0,0,0,0 days 00:31:19,2
146071,Smartphone Apple iPhone 14 256Go Noir Midnight,Nest Green,569.0,2025-01-29 05:30:29,b9a258e5-a455-464a-8914-7fe8f97f02bf,2,3.0,4.0,379.0,1,0,0,0,0,0,0,0,0,0 days 00:31:22,2
146166,Smartphone Apple iPhone 14 256Go Noir Midnight,Nest Green,569.0,2025-01-29 06:01:50,b9a258e5-a455-464a-8914-7fe8f97f02bf,2,3.0,4.0,379.0,1,0,0,0,0,0,0,0,0,0 days 00:31:21,2
146260,Smartphone Apple iPhone 14 256Go Noir Midnight,Nest Green,569.0,2025-01-29 06:33:09,b9a258e5-a455-464a-8914-7fe8f97f02bf,2,3.0,4.0,379.0,1,0,0,0,0,0,0,0,0,0 days 00:31:19,2
146354,Smartphone Apple iPhone 14 256Go Noir Midnight,Nest Green,569.0,2025-01-29 07:04:29,b9a258e5-a455-464a-8914-7fe8f97f02bf,2,3.0,4.0,379.0,1,0,0,0,0,0,0,0,0,0 days 00:31:20,2
146448,Smartphone Apple iPhone 14 256Go Noir Midnight,Nest Green,569.0,2025-01-29 07:35:51,b9a258e5-a455-464a-8914-7fe8f97f02bf,2,3.0,4.0,379.0,1,0,0,0,0,0,0,0,0,0 days 00:31:22,2
146542,Smartphone Apple iPhone 14 256Go Noir Midnight,Nest Green,569.0,2025-01-29 08:07:16,b9a258e5-a455-464a-8914-7fe8f97f02bf,2,3.0,4.0,379.0,1,0,0,0,0,0,0,0,0,0 days 00:31:25,2
146636,Smartphone Apple iPhone 14 256Go Noir Midnight,Nest Green,569.0,2025-01-29 08:38:38,b9a258e5-a455-464a-8914-7fe8f97f02bf,2,3.0,4.0,379.0,1,0,0,0,0,0,0,0,0,0 days 00:31:22,2
146730,Smartphone Apple iPhone 14 256Go Noir Midnight,Nest Green,569.0,2025-01-29 09:09:59,b9a258e5-a455-464a-8914-7fe8f97f02bf,2,3.0,4.0,379.0,1,0,0,0,0,0,0,0,0,0 days 00:31:21,2
148704,Smartphone Apple iPhone 14 256Go Noir Midnight,Nest Green,569.0,2025-01-29 20:09:20,b9a258e5-a455-464a-8914-7fe8f97f02bf,3,3.0,4.0,379.0,1,0,0,0,0,0,0,0,0,0 days 10:59:21,2
148798,Smartphone Apple iPhone 14 256Go Noir Midnight,Nest Green,569.0,2025-01-29 20:40:45,b9a258e5-a455-464a-8914-7fe8f97f02bf,3,3.0,4.0,379.0,1,0,0,0,0,0,0,0,0,0 days 00:31:25,2
148892,Smartphone Apple iPhone 14 256Go Noir Midnight,Nest Green,569.0,2025-01-29 21:12:09,b9a258e5-a455-464a-8914-7fe8f97f02bf,3,3.0,4.0,379.0,1,0,0,0,0,0,0,0,0,0 days 00:31:24,2
148985,Smartphone Apple iPhone 14 256Go Noir Midnight,Nest Green,569.0,2025-01-29 21:43:30,b9a258e5-a455-464a-8914-7fe8f97f02bf,3,3.0,4.0,379.0,1,0,0,0,0,0,0,0,0,0 days 00:31:21,2
149079,Smartphone Apple iPhone 14 256Go Noir Midnight,Nest Green,569.0,2025-01-29 22:14:51,b9a258e5-a455-464a-8914-7fe8f97f02bf,3,3.0,4.0,379.0,1,0,0,0,0,0,0,0,0,0 days 00:31:21,2
149173,Smartphone Apple iPhone 14 256Go Noir Midnight,Nest Green,569.0,2025-01-29 22:46:14,b9a258e5-a455-464a-8914-7fe8f97f02bf,3,3.0,4.0,379.0,1,0,0,0,0,0,0,0,0,0 days 00:31:23,2
149267,Smartphone Apple iPhone 14 256Go Noir Midnight,Nest Green,569.0,2025-01-29 23:17:36,b9a258e5-a455-464a-8914-7fe8f97f02bf,2,3.0,4.0,379.0,1,0,0,0,0,0,0,0,0,0 days 00:31:22,2
149361,Smartphone Apple iPhone 14 256Go Noir Midnight,Nest Green,569.0,2025-01-29 23:48:55,b9a258e5-a455-464a-8914-7fe8f97f02bf,2,3.0,4.0,379.0,1,0,0,0,0,0,0,0,0,0 days 00:31:19,2
149455,Smartphone Apple iPhone 14 256Go Noir Midnight,Nest Green,569.0,2025-01-30 00:20:21,b9a258e5-a455-464a-8914-7fe8f97f02bf,2,3.0,4.0,380.0,1,0,0,0,0,0,0,0,0,0 days 00:31:26,2
149549,Smartphone Apple iPhone 14 256Go Noir Midnight,Nest Green,569.0,2025-01-30 00:51:44,b9a258e5-a455-464a-8914-7fe8f97f02bf,2,3.0,4.0,380.0,1,0,0,0,0,0,0,0,0,0 days 00:31:23,2
149643,Smartphone Apple iPhone 14 256Go Noir Midnight,Nest Green,569.0,2025-01-30 01:23:03,b9a258e5-a455-464a-8914-7fe8f97f02bf,2,3.0,4.0,380.0,1,0,0,0,0,0,0,0,0,0 days 00:31:19,2
149738,Smartphone Apple iPhone 14 256Go Noir Midnight,Nest Green,569.0,2025-01-30 01:54:21,b9a258e5-a455-464a-8914-7fe8f97f02bf,2,3.0,4.0,380.0,1,0,0,0,0,0,0,0,0,0 days 00:31:18,2
149833,Smartphone Apple iPhone 14 256Go Noir Midnight,Nest Green,569.0,2025-01-30 02:25:42,b9a258e5-a455-464a-8914-7fe8f97f02bf,2,3.0,4.0,380.0,1,0,0,0,0,0,0,0,0,0 days 00:31:21,2
149928,Smartphone Apple iPhone 14 256Go Noir Midnight,Nest Green,569.0,2025-01-30 02:57:01,b9a258e5-a455-464a-8914-7fe8f97f02bf,2,3.0,4.0,380.0,1,0,0,0,0,0,0,0,0,0 days 00:31:19,2
150023,Smartphone Apple iPhone 14 256Go Noir Midnight,Nest Green,569.0,2025-01-30 03:28:19,b9a258e5-a455-464a-8914-7fe8f97f02bf,2,3.0,4.0,380.0,1,0,0,0,0,0,0,0,0,0 days 00:31:18,2
150118,Smartphone Apple iPhone 14 256Go Noir Midnight,Nest Green,569.0,2025-01-30 03:59:37,b9a258e5-a455-464a-8914-7fe8f97f02bf,2,3.0,4.0,380.0,1,0,0,0,0,0,0,0,0,0 days 00:31:18,2
150213,Smartphone Apple iPhone 14 256Go Noir Midnight,Nest Green,569.0,2025-01-30 04:30:59,b9a258e5-a455-464a-8914-7fe8f97f02bf,2,3.0,4.0,380.0,1,0,0,0,0,0,0,0,0,0 days 00:31:22,2
150308,Smartphone Apple iPhone 14 256Go Noir Midnight,Nest Green,569.0,2025-01-30 05:02:17,b9a258e5-a455-464a-8914-7fe8f97f02bf,2,3.0,4.0,380.0,1,0,0,0,0,0,0,0,0,0 days 00:31:18,2
150404,Smartphone Apple iPhone 14 256Go Noir Midnight,Nest Green,569.0,2025-01-30 05:33:37,b9a258e5-a455-464a-8914-7fe8f97f02bf,2,3.0,4.0,380.0,1,0,0,0,0,0,0,0,0,0 days 00:31:20,2
150499,Smartphone Apple iPhone 14 256Go Noir Midnight,Nest Green,569.0,2025-01-30 06:04:54,b9a258e5-a455-464a-8914-7fe8f97f02bf,2,3.0,4.0,380.0,1,0,0,0,0,0,0,0,0,0 days 00:31:17,2
150594,Smartphone Apple iPhone 14 256Go Noir Midnight,Nest Green,569.0,2025-01-30 06:36:19,b9a258e5-a455-464a-8914-7fe8f97f02bf,2,3.0,4.0,380.0,1,0,0,0,0,0,0,0,0,0 days 00:31:25,2
150689,Smartphone Apple iPhone 14 256Go Noir Midnight,Nest Green,569.0,2025-01-30 07:07:36,b9a258e5-a455-464a-8914-7fe8f97f02bf,2,3.0,4.0,380.0,1,0,0,0,0,0,0,0,0,0 days 00:31:17,2
150784,Smartphone Apple iPhone 14 256Go Noir Midnight,Nest Green,569.0,2025-01-30 07:38:55,b9a258e5-a455-464a-8914-7fe8f97f02bf,2,3.0,4.0,380.0,1,0,0,0,0,0,0,0,0,0 days 00:31:19,2
150879,Smartphone Apple iPhone 14 256Go Noir Midnight,Nest Green,569.0,2025-01-30 08:10:20,b9a258e5-a455-464a-8914-7fe8f97f02bf,2,3.0,4.0,380.0,1,0,0,0,0,0,0,0,0,0 days 00:31:25,2
150974,Smartphone Apple iPhone 14 256Go Noir Midnight,Nest Green,569.0,2025-01-30 08:41:43,b9a258e5-a455-464a-8914-7fe8f97f02bf,2,3.0,4.0,380.0,1,0,0,0,0,0,0,0,0,0 days 00:31:23,2
151069,Smartphone Apple iPhone 14 256Go Noir Midnight,Nest Green,569.0,2025-01-30 09:13:03,b9a258e5-a455-464a-8914-7fe8f97f02bf,2,3.0,4.0,380.0,1,0,0,0,0,0,0,0,0,0 days 00:31:20,2
161296,Smartphone Apple iPhone 14 256Go Noir Midnight,Nest Green,569.0,2025-02-01 18:13:05,b9a258e5-a455-464a-8914-7fe8f97f02bf,4,3.0,4.0,382.0,1,0,0,0,0,0,0,0,0,2 days 09:00:02,3
161475,Smartphone Apple iPhone 14 256Go Noir Midnight,Nest Green,569.0,2025-02-01 19:15:56,b9a258e5-a455-464a-8914-7fe8f97f02bf,4,3.0,4.0,382.0,1,0,0,0,0,0,0,0,0,0 days 01:02:51,3
161570,Smartphone Apple iPhone 14 256Go Noir Midnight,Nest Green,569.0,2025-02-01 19:47:20,b9a258e5-a455-464a-8914-7fe8f97f02bf,4,3.0,4.0,382.0,1,0,0,0,0,0,0,0,0,0 days 00:31:24,3
161665,Smartphone Apple iPhone 14 256Go Noir Midnight,Nest Green,569.0,2025-02-01 20:18:51,b9a258e5-a455-464a-8914-7fe8f97f02bf,4,3.0,4.0,382.0,1,0,0,0,0,0,0,0,0,0 days 00:31:31,3
161760,Smartphone Apple iPhone 14 256Go Noir Midnight,Nest Green,569.0,2025-02-01 20:50:15,b9a258e5-a455-464a-8914-7fe8f97f02bf,4,3.0,4.0,382.0,1,0,0,0,0,0,0,0,0,0 days 00:31:24,3
163375,Smartphone Apple iPhone 14 256Go Noir Midnight,Nest Green,569.0,2025-02-02 05:42:56,b9a258e5-a455-464a-8914-7fe8f97f02bf,2,3.0,4.0,383.0,1,0,0,0,0,0,0,0,0,0 days 08:52:41,3
163470,Smartphone Apple iPhone 14 256Go Noir Midnight,Nest Green,569.0,2025-02-02 06:14:16,b9a258e5-a455-464a-8914-7fe8f97f02bf,2,3.0,4.0,383.0,1,0,0,0,0,0,0,0,0,0 days 00:31:20,3
168125,Smartphone Apple iPhone 14 256Go Noir Midnight,Nest Green,569.0,2025-02-03 07:51:02,b9a258e5-a455-464a-8914-7fe8f97f02bf,2,3.0,4.0,384.0,1,0,0,0,0,0,0,0,0,1 days 01:36:46,4
168220,Smartphone Apple iPhone 14 256Go Noir Midnight,Nest Green,569.0,2025-02-03 08:22:23,b9a258e5-a455-464a-8914-7fe8f97f02bf,2,3.0,4.0,384.0,1,0,0,0,0,0,0,0,0,0 days 00:31:21,4
168315,Smartphone Apple iPhone 14 256Go Noir Midnight,Nest Green,569.0,2025-02-03 08:53:43,b9a258e5-a455-464a-8914-7fe8f97f02bf,2,3.0,4.0,384.0,1,0,0,0,0,0,0,0,0,0 days 00:31:20,4
168695,Smartphone Apple iPhone 14 256Go Noir Midnight,Nest Green,569.0,2025-02-03 10:59:04,b9a258e5-a455-464a-8914-7fe8f97f02bf,2,3.0,4.0,384.0,1,0,0,0,0,0,0,0,0,0 days 02:05:21,4
168790,Smartphone Apple iPhone 14 256Go Noir Midnight,Nest Green,569.0,2025-02-03 11:30:25,b9a258e5-a455-464a-8914-7fe8f97f02bf,2,3.0,4.0,384.0,1,0,0,0,0,0,0,0,0,0 days 00:31:21,4
168885,Smartphone Apple iPhone 14 256Go Noir Midnight,Nest Green,569.0,2025-02-03 12:01:50,b9a258e5-a455-464a-8914-7fe8f97f02bf,2,3.0,4.0,384.0,1,0,0,0,0,0,0,0,0,0 days 00:31:25,4
168980,Smartphone Apple iPhone 14 256Go Noir Midnight,Nest Green,569.0,2025-02-03 12:33:10,b9a258e5-a455-464a-8914-7fe8f97f02bf,2,3.0,4.0,384.0,1,0,0,0,0,0,0,0,0,0 days 00:31:20,4
169075,Smartphone Apple iPhone 14 256Go Noir Midnight,Nest Green,569.0,2025-02-03 13:04:35,b9a258e5-a455-464a-8914-7fe8f97f02bf,2,3.0,4.0,384.0,1,0,0,0,0,0,0,0,0,0 days 00:31:25,4
169170,Smartphone Apple iPhone 14 256Go Noir Midnight,Nest Green,569.0,2025-02-03 13:36:02,b9a258e5-a455-464a-8914-7fe8f97f02bf,2,3.0,4.0,384.0,1,0,0,0,0,0,0,0,0,0 days 00:31:27,4
169265,Smartphone Apple iPhone 14 256Go Noir Midnight,Nest Green,569.0,2025-02-03 14:07:25,b9a258e5-a455-464a-8914-7fe8f97f02bf,3,3.0,4.0,384.0,1,0,0,0,0,0,0,0,0,0 days 00:31:23,4
169361,Smartphone Apple iPhone 14 256Go Noir Midnight,Nest Green,569.0,2025-02-03 14:38:50,b9a258e5-a455-464a-8914-7fe8f97f02bf,3,3.0,4.0,384.0,1,0,0,0,0,0,0,0,0,0 days 00:31:25,4
169457,Smartphone Apple iPhone 14 256Go Noir Midnight,Nest Green,569.0,2025-02-03 15:10:20,b9a258e5-a455-464a-8914-7fe8f97f02bf,3,3.0,4.0,384.0,1,0,0,0,0,0,0,0,0,0 days 00:31:30,4
169553,Smartphone Apple iPhone 14 256Go Noir Midnight,Nest Green,569.0,2025-02-03 15:41:45,b9a258e5-a455-464a-8914-7fe8f97f02bf,3,3.0,4.0,384.0,1,0,0,0,0,0,0,0,0,0 days 00:31:25,4
169649,Smartphone Apple iPhone 14 256Go Noir Midnight,Nest Green,569.0,2025-02-03 16:13:09,b9a258e5-a455-464a-8914-7fe8f97f02bf,3,3.0,4.0,384.0,1,0,0,0,0,0,0,0,0,0 days 00:31:24,4
169745,Smartphone Apple iPhone 14 256Go Noir Midnight,Nest Green,569.0,2025-02-03 16:44:39,b9a258e5-a455-464a-8914-7fe8f97f02bf,3,3.0,4.0,384.0,1,0,0,0,0,0,0,0,0,0 days 00:31:30,4
169841,Smartphone Apple iPhone 14 256Go Noir Midnight,Nest Green,569.0,2025-02-03 17:16:02,b9a258e5-a455-464a-8914-7fe8f97f02bf,3,3.0,4.0,384.0,1,0,0,0,0,0,0,0,0,0 days 00:31:23,4
169937,Smartphone Apple iPhone 14 256Go Noir Midnight,Nest Green,569.0,2025-02-03 17:47:27,b9a258e5-a455-464a-8914-7fe8f97f02bf,3,3.0,4.0,384.0,1,0,0,0,0,0,0,0,0,0 days 00:31:25,4
170033,Smartphone Apple iPhone 14 256Go Noir Midnight,Nest Green,569.0,2025-02-03 18:18:51,b9a258e5-a455-464a-8914-7fe8f97f02bf,3,3.0,4.0,384.0,1,0,0,0,0,0,0,0,0,0 days 00:31:24,4
170129,Smartphone Apple iPhone 14 256Go Noir Midnight,Nest Green,569.0,2025-02-03 18:50:16,b9a258e5-a455-464a-8914-7fe8f97f02bf,3,3.0,4.0,384.0,1,0,0,0,0,0,0,0,0,0 days 00:31:25,4
170224,Smartphone Apple iPhone 14 256Go Noir Midnight,Nest Green,569.0,2025-02-03 19:21:39,b9a258e5-a455-464a-8914-7fe8f97f02bf,3,3.0,4.0,384.0,1,0,0,0,0,0,0,0,0,0 days 00:31:23,4
170319,Smartphone Apple iPhone 14 256Go Noir Midnight,Nest Green,569.0,2025-02-03 19:52:58,b9a258e5-a455-464a-8914-7fe8f97f02bf,3,3.0,4.0,384.0,1,0,0,0,0,0,0,0,0,0 days 00:31:19,4
170414,Smartphone Apple iPhone 14 256Go Noir Midnight,Nest Green,569.0,2025-02-03 20:24:17,b9a258e5-a455-464a-8914-7fe8f97f02bf,3,3.0,4.0,384.0,1,0,0,0,0,0,0,0,0,0 days 00:31:19,4
170509,Smartphone Apple iPhone 14 256Go Noir Midnight,Nest Green,569.0,2025-02-03 20:55:38,b9a258e5-a455-464a-8914-7fe8f97f02bf,3,3.0,4.0,384.0,1,0,0,0,0,0,0,0,0,0 days 00:31:21,4
170604,Smartphone Apple iPhone 14 256Go Noir Midnight,Nest Green,569.0,2025-02-03 21:26:58,b9a258e5-a455-464a-8914-7fe8f97f02bf,3,3.0,4.0,384.0,1,0,0,0,0,0,0,0,0,0 days 00:31:20,4
170699,Smartphone Apple iPhone 14 256Go Noir Midnight,Nest Green,569.0,2025-02-03 21:58:19,b9a258e5-a455-464a-8914-7fe8f97f02bf,3,3.0,4.0,384.0,1,0,0,0,0,0,0,0,0,0 days 00:31:21,4
170794,Smartphone Apple iPhone 14 256Go Noir Midnight,Nest Green,569.0,2025-02-03 22:29:39,b9a258e5-a455-464a-8914-7fe8f97f02bf,3,3.0,4.0,384.0,1,0,0,0,0,0,0,0,0,0 days 00:31:20,4
170889,Smartphone Apple iPhone 14 256Go Noir Midnight,Nest Green,569.0,2025-02-03 23:01:02,b9a258e5-a455-464a-8914-7fe8f97f02bf,2,3.0,4.0,384.0,1,0,0,0,0,0,0,0,0,0 days 00:31:23,4
170984,Smartphone Apple iPhone 14 256Go Noir Midnight,Nest Green,569.0,2025-02-03 23:32:22,b9a258e5-a455-464a-8914-7fe8f97f02bf,2,3.0,4.0,384.0,1,0,0,0,0,0,0,0,0,0 days 00:31:20,4
171079,Smartphone Apple iPhone 14 256Go Noir Midnight,Nest Green,569.0,2025-02-04 00:03:45,b9a258e5-a455-464a-8914-7fe8f97f02bf,2,3.0,4.0,385.0,1,0,0,0,0,0,0,0,0,0 days 00:31:23,4
171174,Smartphone Apple iPhone 14 256Go Noir Midnight,Nest Green,569.0,2025-02-04 00:35:04,b9a258e5-a455-464a-8914-7fe8f97f02bf,2,3.0,4.0,385.0,1,0,0,0,0,0,0,0,0,0 days 00:31:19,4
171269,Smartphone Apple iPhone 14 256Go Noir Midnight,Nest Green,569.0,2025-02-04 01:06:27,b9a258e5-a455-464a-8914-7fe8f97f02bf,2,3.0,4.0,385.0,1,0,0,0,0,0,0,0,0,0 days 00:31:23,4
171364,Smartphone Apple iPhone 14 256Go Noir Midnight,Nest Green,569.0,2025-02-04 01:37:45,b9a258e5-a455-464a-8914-7fe8f97f02bf,2,3.0,4.0,385.0,1,0,0,0,0,0,0,0,0,0 days 00:31:18,4
171457,Smartphone Apple iPhone 14 256Go Noir Midnight,Nest Green,569.0,2025-02-04 02:09:03,b9a258e5-a455-464a-8914-7fe8f97f02bf,2,3.0,4.0,385.0,1,0,0,0,0,0,0,0,0,0 days 00:31:18,4
171550,Smartphone Apple iPhone 14 256Go Noir Midnight,Nest Green,569.0,2025-02-04 02:40:24,b9a258e5-a455-464a-8914-7fe8f97f02bf,2,3.0,4.0,385.0,1,0,0,0,0,0,0,0,0,0 days 00:31:21,4
171643,Smartphone Apple iPhone 14 256Go Noir Midnight,Nest Green,569.0,2025-02-04 03:11:45,b9a258e5-a455-464a-8914-7fe8f97f02bf,2,3.0,4.0,385.0,1,0,0,0,0,0,0,0,0,0 days 00:31:21,4
171736,Smartphone Apple iPhone 14 256Go Noir Midnight,Nest Green,569.0,2025-02-04 03:43:04,b9a258e5-a455-464a-8914-7fe8f97f02bf,2,3.0,4.0,385.0,1,0,0,0,0,0,0,0,0,0 days 00:31:19,4
171829,Smartphone Apple iPhone 14 256Go Noir Midnight,Nest Green,569.0,2025-02-04 04:14:22,b9a258e5-a455-464a-8914-7fe8f97f02bf,2,3.0,4.0,385.0,1,0,0,0,0,0,0,0,0,0 days 00:31:18,4
171922,Smartphone Apple iPhone 14 256Go Noir Midnight,Nest Green,569.0,2025-02-04 04:45:44,b9a258e5-a455-464a-8914-7fe8f97f02bf,2,3.0,4.0,385.0,1,0,0,0,0,0,0,0,0,0 days 00:31:22,4
172015,Smartphone Apple iPhone 14 256Go Noir Midnight,Nest Green,569.0,2025-02-04 05:17:03,b9a258e5-a455-464a-8914-7fe8f97f02bf,2,3.0,4.0,385.0,1,0,0,0,0,0,0,0,0,0 days 00:31:19,4
172108,Smartphone Apple iPhone 14 256Go Noir Midnight,Nest Green,569.0,2025-02-04 05:48:22,b9a258e5-a455-464a-8914-7fe8f97f02bf,2,3.0,4.0,385.0,1,0,0,0,0,0,0,0,0,0 days 00:31:19,4
172201,Smartphone Apple iPhone 14 256Go Noir Midnight,Nest Green,569.0,2025-02-04 06:19:44,b9a258e5-a455-464a-8914-7fe8f97f02bf,2,3.0,4.0,385.0,1,0,0,0,0,0,0,0,0,0 days 00:31:22,4
172294,Smartphone Apple iPhone 14 256Go Noir Midnight,Nest Green,569.0,2025-02-04 06:51:05,b9a258e5-a455-464a-8914-7fe8f97f02bf,2,3.0,4.0,385.0,1,0,0,0,0,0,0,0,0,0 days 00:31:21,4
172387,Smartphone Apple iPhone 14 256Go Noir Midnight,Nest Green,569.0,2025-02-04 07:22:25,b9a258e5-a455-464a-8914-7fe8f97f02bf,2,3.0,4.0,385.0,1,0,0,0,0,0,0,0,0,0 days 00:31:20,4
172480,Smartphone Apple iPhone 14 256Go Noir Midnight,Nest Green,569.0,2025-02-04 07:53:45,b9a258e5-a455-464a-8914-7fe8f97f02bf,2,3.0,4.0,385.0,1,0,0,0,0,0,0,0,0,0 days 00:31:20,4
172573,Smartphone Apple iPhone 14 256Go Noir Midnight,Nest Green,569.0,2025-02-04 08:25:03,b9a258e5-a455-464a-8914-7fe8f97f02bf,2,3.0,4.0,385.0,1,0,0,0,0,0,0,0,0,0 days 00:31:18,4
172666,Smartphone Apple iPhone 14 256Go Noir Midnight,Nest Green,569.0,2025-02-04 08:56:26,b9a258e5-a455-464a-8914-7fe8f97f02bf,2,3.0,4.0,385.0,1,0,0,0,0,0,0,0,0,0 days 00:31:23,4
172759,Smartphone Apple iPhone 14 256Go Noir Midnight,Nest Green,569.0,2025-02-04 09:27:48,b9a258e5-a455-464a-8914-7fe8f97f02bf,2,3.0,4.0,385.0,1,0,0,0,0,0,0,0,0,0 days 00:31:22,4
172845,Smartphone Apple iPhone 14 256Go Noir Midnight,Nest Green,569.0,2025-02-04 09:59:08,b9a258e5-a455-464a-8914-7fe8f97f02bf,2,3.0,4.0,385.0,1,0,0,0,0,0,0,0,0,0 days 00:31:20,4
172931,Smartphone Apple iPhone 14 256Go Noir Midnight,Nest Green,569.0,2025-02-04 10:30:32,b9a258e5-a455-464a-8914-7fe8f97f02bf,2,3.0,4.0,385.0,1,0,0,0,0,0,0,0,0,0 days 00:31:24,4
173017,Smartphone Apple iPhone 14 256Go Noir Midnight,Nest Green,569.0,2025-02-04 11:01:52,b9a258e5-a455-464a-8914-7fe8f97f02bf,2,3.0,4.0,385.0,1,0,0,0,0,0,0,0,0,0 days 00:31:20,4
173103,Smartphone Apple iPhone 14 256Go Noir Midnight,Nest Green,569.0,2025-02-04 11:33:11,b9a258e5-a455-464a-8914-7fe8f97f02bf,2,3.0,4.0,385.0,1,0,0,0,0,0,0,0,0,0 days 00:31:19,4
173189,Smartphone Apple iPhone 14 256Go Noir Midnight,Nest Green,569.0,2025-02-04 12:04:37,b9a258e5-a455-464a-8914-7fe8f97f02bf,2,3.0,4.0,385.0,1,0,0,0,0,0,0,0,0,0 days 00:31:26,4
173275,Smartphone Apple iPhone 14 256Go Noir Midnight,Nest Green,569.0,2025-02-04 12:36:02,b9a258e5-a455-464a-8914-7fe8f97f02bf,2,3.0,4.0,385.0,1,0,0,0,0,0,0,0,0,0 days 00:31:25,4
173362,Smartphone Apple iPhone 14 256Go Noir Midnight,Nest Green,569.0,2025-02-04 13:07:24,b9a258e5-a455-464a-8914-7fe8f97f02bf,2,3.0,4.0,385.0,1,0,0,0,0,0,0,0,0,0 days 00:31:22,4
173448,Smartphone Apple iPhone 14 256Go Noir Midnight,Nest Green,569.0,2025-02-04 13:38:50,b9a258e5-a455-464a-8914-7fe8f97f02bf,2,3.0,4.0,385.0,1,0,0,0,0,0,0,0,0,0 days 00:31:26,4
173533,Smartphone Apple iPhone 14 256Go Noir Midnight,Nest Green,569.0,2025-02-04 14:10:19,b9a258e5-a455-464a-8914-7fe8f97f02bf,3,3.0,4.0,385.0,1,0,0,0,0,0,0,0,0,0 days 00:31:29,4
173618,Smartphone Apple iPhone 14 256Go Noir Midnight,Nest Green,569.0,2025-02-04 14:41:42,b9a258e5-a455-464a-8914-7fe8f97f02bf,3,3.0,4.0,385.0,1,0,0,0,0,0,0,0,0,0 days 00:31:23,4
173703,Smartphone Apple iPhone 14 256Go Noir Midnight,Nest Green,569.0,2025-02-04 15:13:05,b9a258e5-a455-464a-8914-7fe8f97f02bf,3,3.0,4.0,385.0,1,0,0,0,0,0,0,0,0,0 days 00:31:23,4
173788,Smartphone Apple iPhone 14 256Go Noir Midnight,Nest Green,569.0,2025-02-04 15:44:28,b9a258e5-a455-464a-8914-7fe8f97f02bf,3,3.0,4.0,385.0,1,0,0,0,0,0,0,0,0,0 days 00:31:23,4
173873,Smartphone Apple iPhone 14 256Go Noir Midnight,Nest Green,569.0,2025-02-04 16:15:56,b9a258e5-a455-464a-8914-7fe8f97f02bf,3,3.0,4.0,385.0,1,0,0,0,0,0,0,0,0,0 days 00:31:28,4
173958,Smartphone Apple iPhone 14 256Go Noir Midnight,Nest Green,569.0,2025-02-04 16:47:21,b9a258e5-a455-464a-8914-7fe8f97f02bf,3,3.0,4.0,385.0,1,0,0,0,0,0,0,0,0,0 days 00:31:25,4
174043,Smartphone Apple iPhone 14 256Go Noir Midnight,Nest Green,569.0,2025-02-04 17:18:38,b9a258e5-a455-464a-8914-7fe8f97f02bf,3,3.0,4.0,385.0,1,0,0,0,0,0,0,0,0,0 days 00:31:17,4
174128,Smartphone Apple iPhone 14 256Go Noir Midnight,Nest Green,569.0,2025-02-04 17:50:10,b9a258e5-a455-464a-8914-7fe8f97f02bf,3,3.0,4.0,385.0,1,0,0,0,0,0,0,0,0,0 days 00:31:32,4
174213,Smartphone Apple iPhone 14 256Go Noir Midnight,Nest Green,569.0,2025-02-04 18:21:35,b9a258e5-a455-464a-8914-7fe8f97f02bf,3,3.0,4.0,385.0,1,0,0,0,0,0,0,0,0,0 days 00:31:25,4
174298,Smartphone Apple iPhone 14 256Go Noir Midnight,Nest Green,569.0,2025-02-04 18:52:55,b9a258e5-a455-464a-8914-7fe8f97f02bf,3,3.0,4.0,385.0,1,0,0,0,0,0,0,0,0,0 days 00:31:20,4
174383,Smartphone Apple iPhone 14 256Go Noir Midnight,Nest Green,569.0,2025-02-04 19:24:14,b9a258e5-a455-464a-8914-7fe8f97f02bf,3,3.0,4.0,385.0,1,0,0,0,0,0,0,0,0,0 days 00:31:19,4
194226,Smartphone Apple iPhone 14 256Go Noir Midnight,Nest Green,569.0,2025-02-09 08:01:40,b9a258e5-a455-464a-8914-7fe8f97f02bf,2,3.0,4.0,390.0,1,0,0,0,0,0,0,0,0,4 days 12:37:26,5
194313,Smartphone Apple iPhone 14 256Go Noir Midnight,Nest Green,569.0,2025-02-09 08:32:56,b9a258e5-a455-464a-8914-7fe8f97f02bf,2,3.0,4.0,390.0,1,0,0,0,0,0,0,0,0,0 days 00:31:16,5
194400,Smartphone Apple iPhone 14 256Go Noir Midnight,Nest Green,569.0,2025-02-09 09:04:13,b9a258e5-a455-464a-8914-7fe8f97f02bf,2,3.0,4.0,390.0,1,0,0,0,0,0,0,0,0,0 days 00:31:17,5
194487,Smartphone Apple iPhone 14 256Go Noir Midnight,Nest Green,569.0,2025-02-09 09:35:37,b9a258e5-a455-464a-8914-7fe8f97f02bf,2,3.0,4.0,390.0,1,0,0,0,0,0,0,0,0,0 days 00:31:24,5
194574,Smartphone Apple iPhone 14 256Go Noir Midnight,Nest Green,569.0,2025-02-09 10:06:56,b9a258e5-a455-464a-8914-7fe8f97f02bf,2,3.0,4.0,390.0,1,0,0,0,0,0,0,0,0,0 days 00:31:19,5
194661,Smartphone Apple iPhone 14 256Go Noir Midnight,Nest Green,569.0,2025-02-09 10:38:15,b9a258e5-a455-464a-8914-7fe8f97f02bf,2,3.0,4.0,390.0,1,0,0,0,0,0,0,0,0,0 days 00:31:19,5
194748,Smartphone Apple iPhone 14 256Go Noir Midnight,Nest Green,569.0,2025-02-09 11:09:38,b9a258e5-a455-464a-8914-7fe8f97f02bf,2,3.0,4.0,390.0,1,0,0,0,0,0,0,0,0,0 days 00:31:23,5
194835,Smartphone Apple iPhone 14 256Go Noir Midnight,Nest Green,569.0,2025-02-09 11:40:59,b9a258e5-a455-464a-8914-7fe8f97f02bf,2,3.0,4.0,390.0,1,0,0,0,0,0,0,0,0,0 days 00:31:21,5
194922,Smartphone Apple iPhone 14 256Go Noir Midnight,Nest Green,569.0,2025-02-09 12:12:18,b9a258e5-a455-464a-8914-7fe8f97f02bf,2,3.0,4.0,390.0,1,0,0,0,0,0,0,0,0,0 days 00:31:19,5
195009,Smartphone Apple iPhone 14 256Go Noir Midnight,Nest Green,569.0,2025-02-09 12:43:35,b9a258e5-a455-464a-8914-7fe8f97f02bf,2,3.0,4.0,390.0,1,0,0,0,0,0,0,0,0,0 days 00:31:17,5
195096,Smartphone Apple iPhone 14 256Go Noir Midnight,Nest Green,569.0,2025-02-09 13:14:56,b9a258e5-a455-464a-8914-7fe8f97f02bf,2,3.0,4.0,390.0,1,0,0,0,0,0,0,0,0,0 days 00:31:21,5
195183,Smartphone Apple iPhone 14 256Go Noir Midnight,Nest Green,569.0,2025-02-09 13:46:20,b9a258e5-a455-464a-8914-7fe8f97f02bf,2,3.0,4.0,390.0,1,0,0,0,0,0,0,0,0,0 days 00:31:24,5
195270,Smartphone Apple iPhone 14 256Go Noir Midnight,Nest Green,569.0,2025-02-09 14:17:39,b9a258e5-a455-464a-8914-7fe8f97f02bf,3,3.0,4.0,390.0,1,0,0,0,0,0,0,0,0,0 days 00:31:19,5
195357,Smartphone Apple iPhone 14 256Go Noir Midnight,Nest Green,569.0,2025-02-09 14:48:57,b9a258e5-a455-464a-8914-7fe8f97f02bf,3,3.0,4.0,390.0,1,0,0,0,0,0,0,0,0,0 days 00:31:18,5
195444,Smartphone Apple iPhone 14 256Go Noir Midnight,Nest Green,569.0,2025-02-09 15:20:19,b9a258e5-a455-464a-8914-7fe8f97f02bf,3,3.0,4.0,390.0,1,0,0,0,0,0,0,0,0,0 days 00:31:22,5
195532,Smartphone Apple iPhone 14 256Go Noir Midnight,Nest Green,569.0,2025-02-09 15:51:36,b9a258e5-a455-464a-8914-7fe8f97f02bf,3,3.0,4.0,390.0,1,0,0,0,0,0,0,0,0,0 days 00:31:17,5
195620,Smartphone Apple iPhone 14 256Go Noir Midnight,Nest Green,569.0,2025-02-09 16:22:55,b9a258e5-a455-464a-8914-7fe8f97f02bf,3,3.0,4.0,390.0,1,0,0,0,0,0,0,0,0,0 days 00:31:19,5
137989,Smartphone Apple iPhone 15 128GB noir,[🇫🇷] e-Recycle - Reconditionné en France,649.9,2025-01-27 09:36:13,bd1887be-4752-4ead-bc91-8e55173a2d07,2,4.0,4.0,1424.0,0,0,0,0,1,0,0,0,0,1 days 05:15:22,2
138090,Smartphone Apple iPhone 15 128GB noir,[🇫🇷] e-Recycle - Reconditionné en France,649.9,2025-01-27 10:07:36,bd1887be-4752-4ead-bc91-8e55173a2d07,2,4.0,4.0,1424.0,0,0,0,0,1,0,0,0,0,0 days 00:31:23,2
138191,Smartphone Apple iPhone 15 128GB noir,[🇫🇷] e-Recycle - Reconditionné en France,649.9,2025-01-27 10:39:02,bd1887be-4752-4ead-bc91-8e55173a2d07,2,4.0,4.0,1424.0,0,0,0,0,1,0,0,0,0,0 days 00:31:26,2
138293,Smartphone Apple iPhone 15 128GB noir,[🇫🇷] e-Recycle - Reconditionné en France,649.9,2025-01-27 11:10:29,bd1887be-4752-4ead-bc91-8e55173a2d07,2,4.0,4.0,1424.0,0,0,0,0,1,0,0,0,0,0 days 00:31:27,2
138394,Smartphone Apple iPhone 15 128GB noir,[🇫🇷] e-Recycle - Reconditionné en France,649.9,2025-01-27 11:41:51,bd1887be-4752-4ead-bc91-8e55173a2d07,2,4.0,4.0,1424.0,0,0,0,0,1,0,0,0,0,0 days 00:31:22,2
138495,Smartphone Apple iPhone 15 128GB noir,[🇫🇷] e-Recycle - Reconditionné en France,649.9,2025-01-27 12:13:11,bd1887be-4752-4ead-bc91-8e55173a2d07,2,4.0,4.0,1424.0,0,0,0,0,1,0,0,0,0,0 days 00:31:20,2
138596,Smartphone Apple iPhone 15 128GB noir,[🇫🇷] e-Recycle - Reconditionné en France,649.9,2025-01-27 12:44:36,bd1887be-4752-4ead-bc91-8e55173a2d07,2,4.0,4.0,1424.0,0,0,0,0,1,0,0,0,0,0 days 00:31:25,2
138697,Smartphone Apple iPhone 15 128GB noir,[🇫🇷] e-Recycle - Reconditionné en France,649.9,2025-01-27 13:16:00,bd1887be-4752-4ead-bc91-8e55173a2d07,2,4.0,4.0,1424.0,0,0,0,0,1,0,0,0,0,0 days 00:31:24,2
138797,Smartphone Apple iPhone 15 128GB noir,[🇫🇷] e-Recycle - Reconditionné en France,649.9,2025-01-27 13:47:22,bd1887be-4752-4ead-bc91-8e55173a2d07,2,4.0,4.0,1424.0,0,0,0,0,1,0,0,0,0,0 days 00:31:22,2
138897,Smartphone Apple iPhone 15 128GB noir,[🇫🇷] e-Recycle - Reconditionné en France,649.9,2025-01-27 14:50:01,bd1887be-4752-4ead-bc91-8e55173a2d07,3,4.0,4.0,1424.0,0,0,0,0,1,0,0,0,0,0 days 01:02:39,2
138996,Smartphone Apple iPhone 15 128GB noir,[🇫🇷] e-Recycle - Reconditionné en France,649.9,2025-01-27 15:21:29,bd1887be-4752-4ead-bc91-8e55173a2d07,3,4.0,4.0,1424.0,0,0,0,0,1,0,0,0,0,0 days 00:31:28,2
139095,Smartphone Apple iPhone 15 128GB noir,[🇫🇷] e-Recycle - Reconditionné en France,649.9,2025-01-27 15:52:52,bd1887be-4752-4ead-bc91-8e55173a2d07,3,4.0,4.0,1424.0,0,0,0,0,1,0,0,0,0,0 days 00:31:23,2
139194,Smartphone Apple iPhone 15 128GB noir,[🇫🇷] e-Recycle - Reconditionné en France,649.9,2025-01-27 16:24:15,bd1887be-4752-4ead-bc91-8e55173a2d07,3,4.0,4.0,1424.0,0,0,0,0,1,0,0,0,0,0 days 00:31:23,2
139293,Smartphone Apple iPhone 15 128GB noir,[🇫🇷] e-Recycle - Reconditionné en France,649.9,2025-01-27 16:55:37,bd1887be-4752-4ead-bc91-8e55173a2d07,3,4.0,4.0,1424.0,0,0,0,0,1,0,0,0,0,0 days 00:31:22,2
139392,Smartphone Apple iPhone 15 128GB noir,[🇫🇷] e-Recycle - Reconditionné en France,649.9,2025-01-27 17:26:58,bd1887be-4752-4ead-bc91-8e55173a2d07,3,4.0,4.0,1424.0,0,0,0,0,1,0,0,0,0,0 days 00:31:21,2
139491,Smartphone Apple iPhone 15 128GB noir,[🇫🇷] e-Recycle - Reconditionné en France,649.9,2025-01-27 17:58:17,bd1887be-4752-4ead-bc91-8e55173a2d07,3,4.0,4.0,1424.0,0,0,0,0,1,0,0,0,0,0 days 00:31:19,2
139590,Smartphone Apple iPhone 15 128GB noir,[🇫🇷] e-Recycle - Reconditionné en France,649.9,2025-01-27 18:29:36,bd1887be-4752-4ead-bc91-8e55173a2d07,3,4.0,4.0,1424.0,0,0,0,0,1,0,0,0,0,0 days 00:31:19,2
139689,Smartphone Apple iPhone 15 128GB noir,[🇫🇷] e-Recycle - Reconditionné en France,649.9,2025-01-27 19:01:01,bd1887be-4752-4ead-bc91-8e55173a2d07,3,4.0,4.0,1424.0,0,0,0,0,1,0,0,0,0,0 days 00:31:25,2
172829,Smartphone Apple iPhone 15 128GB noir,[🇫🇷] e-Recycle - Reconditionné en France,649.9,2025-02-04 09:58:55,bd1887be-4752-4ead-bc91-8e55173a2d07,2,4.0,4.0,1432.0,0,0,0,0,1,0,0,0,0,4 days 00:42:57,4
172915,Smartphone Apple iPhone 15 128GB noir,[🇫🇷] e-Recycle - Reconditionné en France,649.9,2025-02-04 10:30:19,bd1887be-4752-4ead-bc91-8e55173a2d07,2,4.0,4.0,1432.0,0,0,0,0,1,0,0,0,0,0 days 00:31:24,4
173001,Smartphone Apple iPhone 15 128GB noir,[🇫🇷] e-Recycle - Reconditionné en France,649.9,2025-02-04 11:01:40,bd1887be-4752-4ead-bc91-8e55173a2d07,2,4.0,4.0,1432.0,0,0,0,0,1,0,0,0,0,0 days 00:31:21,4
173087,Smartphone Apple iPhone 15 128GB noir,[🇫🇷] e-Recycle - Reconditionné en France,649.9,2025-02-04 11:32:58,bd1887be-4752-4ead-bc91-8e55173a2d07,2,4.0,4.0,1432.0,0,0,0,0,1,0,0,0,0,0 days 00:31:18,4
173432,Smartphone Apple iPhone 15 128GB noir,[🇫🇷] e-Recycle - Reconditionné en France,649.9,2025-02-04 13:38:36,bd1887be-4752-4ead-bc91-8e55173a2d07,2,4.0,4.0,1432.0,0,0,0,0,1,0,0,0,0,0 days 02:05:38,4
173517,Smartphone Apple iPhone 15 128GB noir,[🇫🇷] e-Recycle - Reconditionné en France,649.9,2025-02-04 14:10:01,bd1887be-4752-4ead-bc91-8e55173a2d07,3,4.0,4.0,1432.0,0,0,0,0,1,0,0,0,0,0 days 00:31:25,4
173602,Smartphone Apple iPhone 15 128GB noir,[🇫🇷] e-Recycle - Reconditionné en France,649.9,2025-02-04 14:41:29,bd1887be-4752-4ead-bc91-8e55173a2d07,3,4.0,4.0,1432.0,0,0,0,0,1,0,0,0,0,0 days 00:31:28,4
173687,Smartphone Apple iPhone 15 128GB noir,[🇫🇷] e-Recycle - Reconditionné en France,649.9,2025-02-04 15:12:52,bd1887be-4752-4ead-bc91-8e55173a2d07,3,4.0,4.0,1432.0,0,0,0,0,1,0,0,0,0,0 days 00:31:23,4
173772,Smartphone Apple iPhone 15 128GB noir,[🇫🇷] e-Recycle - Reconditionné en France,649.9,2025-02-04 15:44:15,bd1887be-4752-4ead-bc91-8e55173a2d07,3,4.0,4.0,1432.0,0,0,0,0,1,0,0,0,0,0 days 00:31:23,4
173857,Smartphone Apple iPhone 15 128GB noir,[🇫🇷] e-Recycle - Reconditionné en France,649.9,2025-02-04 16:15:43,bd1887be-4752-4ead-bc91-8e55173a2d07,3,4.0,4.0,1432.0,0,0,0,0,1,0,0,0,0,0 days 00:31:28,4
173942,Smartphone Apple iPhone 15 128GB noir,[🇫🇷] e-Recycle - Reconditionné en France,649.9,2025-02-04 16:47:07,bd1887be-4752-4ead-bc91-8e55173a2d07,3,4.0,4.0,1432.0,0,0,0,0,1,0,0,0,0,0 days 00:31:24,4
174027,Smartphone Apple iPhone 15 128GB noir,[🇫🇷] e-Recycle - Reconditionné en France,649.9,2025-02-04 17:18:25,bd1887be-4752-4ead-bc91-8e55173a2d07,3,4.0,4.0,1432.0,0,0,0,0,1,0,0,0,0,0 days 00:31:18,4
174112,Smartphone Apple iPhone 15 128GB noir,[🇫🇷] e-Recycle - Reconditionné en France,649.9,2025-02-04 17:49:54,bd1887be-4752-4ead-bc91-8e55173a2d07,3,4.0,4.0,1432.0,0,0,0,0,1,0,0,0,0,0 days 00:31:29,4
174197,Smartphone Apple iPhone 15 128GB noir,[🇫🇷] e-Recycle - Reconditionné en France,649.9,2025-02-04 18:21:22,bd1887be-4752-4ead-bc91-8e55173a2d07,3,4.0,4.0,1432.0,0,0,0,0,1,0,0,0,0,0 days 00:31:28,4
174282,Smartphone Apple iPhone 15 128GB noir,[🇫🇷] e-Recycle - Reconditionné en France,649.9,2025-02-04 18:52:41,bd1887be-4752-4ead-bc91-8e55173a2d07,3,4.0,4.0,1432.0,0,0,0,0,1,0,0,0,0,0 days 00:31:19,4
174367,Smartphone Apple iPhone 15 128GB noir,[🇫🇷] e-Recycle - Reconditionné en France,649.9,2025-02-04 19:24:01,bd1887be-4752-4ead-bc91-8e55173a2d07,3,4.0,4.0,1432.0,0,0,0,0,1,0,0,0,0,0 days 00:31:20,4
184786,Smartphone Apple iPhone 15 128GB noir,[🇫🇷] e-Recycle - Reconditionné en France,629.9,2025-02-07 04:19:55,bd1887be-4752-4ead-bc91-8e55173a2d07,3,4.0,4.0,1435.0,0,0,0,0,1,0,0,0,0,2 days 08:55:54,5
184883,Smartphone Apple iPhone 15 128GB noir,[🇫🇷] e-Recycle - Reconditionné en France,629.9,2025-02-07 04:51:15,bd1887be-4752-4ead-bc91-8e55173a2d07,3,4.0,4.0,1435.0,0,0,0,0,1,0,0,0,0,0 days 00:31:20,5
184980,Smartphone Apple iPhone 15 128GB noir,[🇫🇷] e-Recycle - Reconditionné en France,629.9,2025-02-07 05:22:32,bd1887be-4752-4ead-bc91-8e55173a2d07,3,4.0,4.0,1435.0,0,0,0,0,1,0,0,0,0,0 days 00:31:17,5
185077,Smartphone Apple iPhone 15 128GB noir,[🇫🇷] e-Recycle - Reconditionné en France,629.9,2025-02-07 05:53:53,bd1887be-4752-4ead-bc91-8e55173a2d07,3,4.0,4.0,1435.0,0,0,0,0,1,0,0,0,0,0 days 00:31:21,5
185174,Smartphone Apple iPhone 15 128GB noir,[🇫🇷] e-Recycle - Reconditionné en France,629.9,2025-02-07 06:25:12,bd1887be-4752-4ead-bc91-8e55173a2d07,3,4.0,4.0,1435.0,0,0,0,0,1,0,0,0,0,0 days 00:31:19,5
185271,Smartphone Apple iPhone 15 128GB noir,[🇫🇷] e-Recycle - Reconditionné en France,629.9,2025-02-07 06:56:30,bd1887be-4752-4ead-bc91-8e55173a2d07,3,4.0,4.0,1435.0,0,0,0,0,1,0,0,0,0,0 days 00:31:18,5
185368,Smartphone Apple iPhone 15 128GB noir,[🇫🇷] e-Recycle - Reconditionné en France,629.9,2025-02-07 07:27:48,bd1887be-4752-4ead-bc91-8e55173a2d07,3,4.0,4.0,1435.0,0,0,0,0,1,0,0,0,0,0 days 00:31:18,5
185465,Smartphone Apple iPhone 15 128GB noir,[🇫🇷] e-Recycle - Reconditionné en France,629.9,2025-02-07 07:59:07,bd1887be-4752-4ead-bc91-8e55173a2d07,3,4.0,4.0,1435.0,0,0,0,0,1,0,0,0,0,0 days 00:31:19,5
185562,Smartphone Apple iPhone 15 128GB noir,[🇫🇷] e-Recycle - Reconditionné en France,629.9,2025-02-07 08:30:29,bd1887be-4752-4ead-bc91-8e55173a2d07,3,4.0,4.0,1435.0,0,0,0,0,1,0,0,0,0,0 days 00:31:22,5
185659,Smartphone Apple iPhone 15 128GB noir,[🇫🇷] e-Recycle - Reconditionné en France,629.9,2025-02-07 09:01:49,bd1887be-4752-4ead-bc91-8e55173a2d07,3,4.0,4.0,1435.0,0,0,0,0,1,0,0,0,0,0 days 00:31:20,5
185756,Smartphone Apple iPhone 15 128GB noir,[🇫🇷] e-Recycle - Reconditionné en France,629.9,2025-02-07 09:33:09,bd1887be-4752-4ead-bc91-8e55173a2d07,3,4.0,4.0,1435.0,0,0,0,0,1,0,0,0,0,0 days 00:31:20,5
185853,Smartphone Apple iPhone 15 128GB noir,[🇫🇷] e-Recycle - Reconditionné en France,629.9,2025-02-07 10:04:29,bd1887be-4752-4ead-bc91-8e55173a2d07,3,4.0,4.0,1435.0,0,0,0,0,1,0,0,0,0,0 days 00:31:20,5
185950,Smartphone Apple iPhone 15 128GB noir,[🇫🇷] e-Recycle - Reconditionné en France,629.9,2025-02-07 10:35:52,bd1887be-4752-4ead-bc91-8e55173a2d07,3,4.0,4.0,1435.0,0,0,0,0,1,0,0,0,0,0 days 00:31:23,5
186047,Smartphone Apple iPhone 15 128GB noir,[🇫🇷] e-Recycle - Reconditionné en France,629.9,2025-02-07 11:07:12,bd1887be-4752-4ead-bc91-8e55173a2d07,3,4.0,4.0,1435.0,0,0,0,0,1,0,0,0,0,0 days 00:31:20,5
186144,Smartphone Apple iPhone 15 128GB noir,[🇫🇷] e-Recycle - Reconditionné en France,629.9,2025-02-07 11:38:31,bd1887be-4752-4ead-bc91-8e55173a2d07,3,4.0,4.0,1435.0,0,0,0,0,1,0,0,0,0,0 days 00:31:19,5
89621,Smartphone Apple iPhone 14 256Go Noir Midnight,Alloccaz,549.0,2025-01-16 07:13:27,c90b9429-c1e8-42d8-b873-d36553e9ae7a,2,4.0,30.0,618.0,1,0,0,0,0,0,0,0,0,0 days 00:00:00,0
89713,Smartphone Apple iPhone 14 256Go Noir Midnight,Alloccaz,549.0,2025-01-16 07:44:44,c90b9429-c1e8-42d8-b873-d36553e9ae7a,2,4.0,30.0,618.0,1,0,0,0,0,0,0,0,0,0 days 00:31:17,0
89805,Smartphone Apple iPhone 14 256Go Noir Midnight,Alloccaz,549.0,2025-01-16 08:16:03,c90b9429-c1e8-42d8-b873-d36553e9ae7a,2,4.0,30.0,618.0,1,0,0,0,0,0,0,0,0,0 days 00:31:19,0
89897,Smartphone Apple iPhone 14 256Go Noir Midnight,Alloccaz,549.0,2025-01-16 08:47:20,c90b9429-c1e8-42d8-b873-d36553e9ae7a,2,4.0,30.0,618.0,1,0,0,0,0,0,0,0,0,0 days 00:31:17,0
89989,Smartphone Apple iPhone 14 256Go Noir Midnight,Alloccaz,549.0,2025-01-16 09:18:37,c90b9429-c1e8-42d8-b873-d36553e9ae7a,2,4.0,30.0,618.0,1,0,0,0,0,0,0,0,0,0 days 00:31:17,0
90082,Smartphone Apple iPhone 14 256Go Noir Midnight,Alloccaz,549.0,2025-01-16 09:49:56,c90b9429-c1e8-42d8-b873-d36553e9ae7a,2,4.0,30.0,618.0,1,0,0,0,0,0,0,0,0,0 days 00:31:19,0
90175,Smartphone Apple iPhone 14 256Go Noir Midnight,Alloccaz,549.0,2025-01-16 10:21:15,c90b9429-c1e8-42d8-b873-d36553e9ae7a,2,4.0,30.0,618.0,1,0,0,0,0,0,0,0,0,0 days 00:31:19,0
90268,Smartphone Apple iPhone 14 256Go Noir Midnight,Alloccaz,549.0,2025-01-16 10:52:32,c90b9429-c1e8-42d8-b873-d36553e9ae7a,2,4.0,30.0,618.0,1,0,0,0,0,0,0,0,0,0 days 00:31:17,0
90360,Smartphone Apple iPhone 14 256Go Noir Midnight,Alloccaz,549.0,2025-01-16 11:23:50,c90b9429-c1e8-42d8-b873-d36553e9ae7a,2,4.0,30.0,618.0,1,0,0,0,0,0,0,0,0,0 days 00:31:18,0
90452,Smartphone Apple iPhone 14 256Go Noir Midnight,Alloccaz,549.0,2025-01-16 11:55:08,c90b9429-c1e8-42d8-b873-d36553e9ae7a,2,4.0,30.0,618.0,1,0,0,0,0,0,0,0,0,0 days 00:31:18,0
90544,Smartphone Apple iPhone 14 256Go Noir Midnight,Alloccaz,549.0,2025-01-16 12:26:26,c90b9429-c1e8-42d8-b873-d36553e9ae7a,2,4.0,30.0,618.0,1,0,0,0,0,0,0,0,0,0 days 00:31:18,0
90636,Smartphone Apple iPhone 14 256Go Noir Midnight,Alloccaz,549.0,2025-01-16 12:57:44,c90b9429-c1e8-42d8-b873-d36553e9ae7a,2,4.0,30.0,618.0,1,0,0,0,0,0,0,0,0,0 days 00:31:18,0
90728,Smartphone Apple iPhone 14 256Go Noir Midnight,Alloccaz,549.0,2025-01-16 13:29:03,c90b9429-c1e8-42d8-b873-d36553e9ae7a,2,4.0,30.0,618.0,1,0,0,0,0,0,0,0,0,0 days 00:31:19,0
90821,Smartphone Apple iPhone 14 256Go Noir Midnight,Alloccaz,549.0,2025-01-16 14:00:22,c90b9429-c1e8-42d8-b873-d36553e9ae7a,4,4.0,30.0,618.0,1,0,0,0,0,0,0,0,0,0 days 00:31:19,0
90914,Smartphone Apple iPhone 14 256Go Noir Midnight,Alloccaz,549.0,2025-01-16 14:31:40,c90b9429-c1e8-42d8-b873-d36553e9ae7a,4,4.0,30.0,618.0,1,0,0,0,0,0,0,0,0,0 days 00:31:18,0
91007,Smartphone Apple iPhone 14 256Go Noir Midnight,Alloccaz,549.0,2025-01-16 15:02:59,c90b9429-c1e8-42d8-b873-d36553e9ae7a,4,4.0,30.0,618.0,1,0,0,0,0,0,0,0,0,0 days 00:31:19,0
91100,Smartphone Apple iPhone 14 256Go Noir Midnight,Alloccaz,549.0,2025-01-16 15:34:17,c90b9429-c1e8-42d8-b873-d36553e9ae7a,4,4.0,30.0,618.0,1,0,0,0,0,0,0,0,0,0 days 00:31:18,0
91193,Smartphone Apple iPhone 14 256Go Noir Midnight,Alloccaz,549.0,2025-01-16 16:05:35,c90b9429-c1e8-42d8-b873-d36553e9ae7a,4,4.0,30.0,618.0,1,0,0,0,0,0,0,0,0,0 days 00:31:18,0
91286,Smartphone Apple iPhone 14 256Go Noir Midnight,Alloccaz,549.0,2025-01-16 16:36:54,c90b9429-c1e8-42d8-b873-d36553e9ae7a,4,4.0,30.0,618.0,1,0,0,0,0,0,0,0,0,0 days 00:31:19,0
91379,Smartphone Apple iPhone 14 256Go Noir Midnight,Alloccaz,549.0,2025-01-16 17:08:11,c90b9429-c1e8-42d8-b873-d36553e9ae7a,4,4.0,30.0,618.0,1,0,0,0,0,0,0,0,0,0 days 00:31:17,0
58576,Smartphone Apple iPhone 15 256GB noir,RPS  Technologies,819.0,2025-01-08 22:34:25,c9563079-c67a-4712-93d8-d1704ad34532,3,5.0,1.0,349.0,1,0,0,0,0,0,0,0,0,6 days 06:28:29,1
59328,Smartphone Apple iPhone 15 256GB noir,RPS  Technologies,819.0,2025-01-09 02:45:20,c9563079-c67a-4712-93d8-d1704ad34532,2,5.0,1.0,350.0,1,0,0,0,0,0,0,0,0,0 days 04:10:55,1
59422,Smartphone Apple iPhone 15 256GB noir,RPS  Technologies,819.0,2025-01-09 03:16:42,c9563079-c67a-4712-93d8-d1704ad34532,2,5.0,1.0,350.0,1,0,0,0,0,0,0,0,0,0 days 00:31:22,1
59516,Smartphone Apple iPhone 15 256GB noir,RPS  Technologies,819.0,2025-01-09 03:48:03,c9563079-c67a-4712-93d8-d1704ad34532,2,5.0,1.0,350.0,1,0,0,0,0,0,0,0,0,0 days 00:31:21,1
59610,Smartphone Apple iPhone 15 256GB noir,RPS  Technologies,819.0,2025-01-09 04:19:25,c9563079-c67a-4712-93d8-d1704ad34532,2,5.0,1.0,350.0,1,0,0,0,0,0,0,0,0,0 days 00:31:22,1
59704,Smartphone Apple iPhone 15 256GB noir,RPS  Technologies,819.0,2025-01-09 04:50:46,c9563079-c67a-4712-93d8-d1704ad34532,2,5.0,1.0,350.0,1,0,0,0,0,0,0,0,0,0 days 00:31:21,1
59798,Smartphone Apple iPhone 15 256GB noir,RPS  Technologies,819.0,2025-01-09 05:22:04,c9563079-c67a-4712-93d8-d1704ad34532,2,5.0,1.0,350.0,1,0,0,0,0,0,0,0,0,0 days 00:31:18,1
59892,Smartphone Apple iPhone 15 256GB noir,RPS  Technologies,819.0,2025-01-09 05:53:24,c9563079-c67a-4712-93d8-d1704ad34532,2,5.0,1.0,350.0,1,0,0,0,0,0,0,0,0,0 days 00:31:20,1
59986,Smartphone Apple iPhone 15 256GB noir,RPS  Technologies,819.0,2025-01-09 06:24:44,c9563079-c67a-4712-93d8-d1704ad34532,2,5.0,1.0,350.0,1,0,0,0,0,0,0,0,0,0 days 00:31:20,1
60080,Smartphone Apple iPhone 15 256GB noir,RPS  Technologies,819.0,2025-01-09 06:56:16,c9563079-c67a-4712-93d8-d1704ad34532,2,5.0,1.0,350.0,1,0,0,0,0,0,0,0,0,0 days 00:31:32,1
60174,Smartphone Apple iPhone 15 256GB noir,RPS  Technologies,819.0,2025-01-09 07:27:40,c9563079-c67a-4712-93d8-d1704ad34532,2,5.0,1.0,350.0,1,0,0,0,0,0,0,0,0,0 days 00:31:24,1
60268,Smartphone Apple iPhone 15 256GB noir,RPS  Technologies,819.0,2025-01-09 07:59:02,c9563079-c67a-4712-93d8-d1704ad34532,2,5.0,1.0,350.0,1,0,0,0,0,0,0,0,0,0 days 00:31:22,1
60362,Smartphone Apple iPhone 15 256GB noir,RPS  Technologies,819.0,2025-01-09 08:30:28,c9563079-c67a-4712-93d8-d1704ad34532,2,5.0,1.0,350.0,1,0,0,0,0,0,0,0,0,0 days 00:31:26,1
60456,Smartphone Apple iPhone 15 256GB noir,RPS  Technologies,819.0,2025-01-09 09:01:53,c9563079-c67a-4712-93d8-d1704ad34532,2,5.0,1.0,350.0,1,0,0,0,0,0,0,0,0,0 days 00:31:25,1
60550,Smartphone Apple iPhone 15 256GB noir,RPS  Technologies,819.0,2025-01-09 09:33:14,c9563079-c67a-4712-93d8-d1704ad34532,2,5.0,1.0,350.0,1,0,0,0,0,0,0,0,0,0 days 00:31:21,1
60644,Smartphone Apple iPhone 15 256GB noir,RPS  Technologies,819.0,2025-01-09 10:04:35,c9563079-c67a-4712-93d8-d1704ad34532,2,5.0,1.0,350.0,1,0,0,0,0,0,0,0,0,0 days 00:31:21,1
60738,Smartphone Apple iPhone 15 256GB noir,RPS  Technologies,819.0,2025-01-09 10:35:59,c9563079-c67a-4712-93d8-d1704ad34532,2,5.0,1.0,350.0,1,0,0,0,0,0,0,0,0,0 days 00:31:24,1
60832,Smartphone Apple iPhone 15 256GB noir,RPS  Technologies,819.0,2025-01-09 11:07:22,c9563079-c67a-4712-93d8-d1704ad34532,2,5.0,1.0,350.0,1,0,0,0,0,0,0,0,0,0 days 00:31:23,1
60926,Smartphone Apple iPhone 15 256GB noir,RPS  Technologies,819.0,2025-01-09 11:38:45,c9563079-c67a-4712-93d8-d1704ad34532,2,5.0,1.0,350.0,1,0,0,0,0,0,0,0,0,0 days 00:31:23,1
61020,Smartphone Apple iPhone 15 256GB noir,RPS  Technologies,819.0,2025-01-09 12:10:06,c9563079-c67a-4712-93d8-d1704ad34532,2,5.0,1.0,350.0,1,0,0,0,0,0,0,0,0,0 days 00:31:21,1
61114,Smartphone Apple iPhone 15 256GB noir,RPS  Technologies,819.0,2025-01-09 12:41:27,c9563079-c67a-4712-93d8-d1704ad34532,2,5.0,1.0,350.0,1,0,0,0,0,0,0,0,0,0 days 00:31:21,1
61208,Smartphone Apple iPhone 15 256GB noir,RPS  Technologies,819.0,2025-01-09 13:12:48,c9563079-c67a-4712-93d8-d1704ad34532,2,5.0,1.0,350.0,1,0,0,0,0,0,0,0,0,0 days 00:31:21,1
61302,Smartphone Apple iPhone 15 256GB noir,RPS  Technologies,819.0,2025-01-09 13:44:11,c9563079-c67a-4712-93d8-d1704ad34532,2,5.0,1.0,350.0,1,0,0,0,0,0,0,0,0,0 days 00:31:23,1
61396,Smartphone Apple iPhone 15 256GB noir,RPS  Technologies,819.0,2025-01-09 14:15:36,c9563079-c67a-4712-93d8-d1704ad34532,4,5.0,1.0,350.0,1,0,0,0,0,0,0,0,0,0 days 00:31:25,1
61490,Smartphone Apple iPhone 15 256GB noir,RPS  Technologies,819.0,2025-01-09 14:46:55,c9563079-c67a-4712-93d8-d1704ad34532,4,5.0,1.0,350.0,1,0,0,0,0,0,0,0,0,0 days 00:31:19,1
61584,Smartphone Apple iPhone 15 256GB noir,RPS  Technologies,819.0,2025-01-09 15:18:15,c9563079-c67a-4712-93d8-d1704ad34532,4,5.0,1.0,350.0,1,0,0,0,0,0,0,0,0,0 days 00:31:20,1
61678,Smartphone Apple iPhone 15 256GB noir,RPS  Technologies,819.0,2025-01-09 15:49:38,c9563079-c67a-4712-93d8-d1704ad34532,4,5.0,1.0,350.0,1,0,0,0,0,0,0,0,0,0 days 00:31:23,1
61772,Smartphone Apple iPhone 15 256GB noir,RPS  Technologies,819.0,2025-01-09 16:21:04,c9563079-c67a-4712-93d8-d1704ad34532,4,5.0,1.0,350.0,1,0,0,0,0,0,0,0,0,0 days 00:31:26,1
61866,Smartphone Apple iPhone 15 256GB noir,RPS  Technologies,819.0,2025-01-09 16:52:29,c9563079-c67a-4712-93d8-d1704ad34532,4,5.0,1.0,350.0,1,0,0,0,0,0,0,0,0,0 days 00:31:25,1
61959,Smartphone Apple iPhone 15 256GB noir,RPS  Technologies,819.0,2025-01-09 17:23:51,c9563079-c67a-4712-93d8-d1704ad34532,4,5.0,1.0,350.0,1,0,0,0,0,0,0,0,0,0 days 00:31:22,1
62052,Smartphone Apple iPhone 15 256GB noir,RPS  Technologies,819.0,2025-01-09 17:55:20,c9563079-c67a-4712-93d8-d1704ad34532,4,5.0,1.0,350.0,1,0,0,0,0,0,0,0,0,0 days 00:31:29,1
62145,Smartphone Apple iPhone 15 256GB noir,RPS  Technologies,819.0,2025-01-09 18:26:44,c9563079-c67a-4712-93d8-d1704ad34532,4,5.0,1.0,350.0,1,0,0,0,0,0,0,0,0,0 days 00:31:24,1
62238,Smartphone Apple iPhone 15 256GB noir,RPS  Technologies,819.0,2025-01-09 18:58:10,c9563079-c67a-4712-93d8-d1704ad34532,4,5.0,1.0,350.0,1,0,0,0,0,0,0,0,0,0 days 00:31:26,1
62331,Smartphone Apple iPhone 15 256GB noir,RPS  Technologies,819.0,2025-01-09 19:29:37,c9563079-c67a-4712-93d8-d1704ad34532,4,5.0,1.0,350.0,1,0,0,0,0,0,0,0,0,0 days 00:31:27,1
62424,Smartphone Apple iPhone 15 256GB noir,RPS  Technologies,819.0,2025-01-09 20:01:06,c9563079-c67a-4712-93d8-d1704ad34532,4,5.0,1.0,350.0,1,0,0,0,0,0,0,0,0,0 days 00:31:29,1
62517,Smartphone Apple iPhone 15 256GB noir,RPS  Technologies,819.0,2025-01-09 20:32:29,c9563079-c67a-4712-93d8-d1704ad34532,4,5.0,1.0,350.0,1,0,0,0,0,0,0,0,0,0 days 00:31:23,1
62610,Smartphone Apple iPhone 15 256GB noir,RPS  Technologies,819.0,2025-01-09 21:03:50,c9563079-c67a-4712-93d8-d1704ad34532,4,5.0,1.0,350.0,1,0,0,0,0,0,0,0,0,0 days 00:31:21,1
62703,Smartphone Apple iPhone 15 256GB noir,RPS  Technologies,819.0,2025-01-09 21:35:13,c9563079-c67a-4712-93d8-d1704ad34532,4,5.0,1.0,350.0,1,0,0,0,0,0,0,0,0,0 days 00:31:23,1
62796,Smartphone Apple iPhone 15 256GB noir,RPS  Technologies,819.0,2025-01-09 22:06:35,c9563079-c67a-4712-93d8-d1704ad34532,4,5.0,1.0,350.0,1,0,0,0,0,0,0,0,0,0 days 00:31:22,1
62889,Smartphone Apple iPhone 15 256GB noir,RPS  Technologies,819.0,2025-01-09 22:37:56,c9563079-c67a-4712-93d8-d1704ad34532,4,5.0,1.0,350.0,1,0,0,0,0,0,0,0,0,0 days 00:31:21,1
62982,Smartphone Apple iPhone 15 256GB noir,RPS  Technologies,819.0,2025-01-09 23:09:19,c9563079-c67a-4712-93d8-d1704ad34532,2,5.0,1.0,350.0,1,0,0,0,0,0,0,0,0,0 days 00:31:23,1
63075,Smartphone Apple iPhone 15 256GB noir,RPS  Technologies,819.0,2025-01-09 23:40:45,c9563079-c67a-4712-93d8-d1704ad34532,2,5.0,1.0,350.0,1,0,0,0,0,0,0,0,0,0 days 00:31:26,1
63168,Smartphone Apple iPhone 15 256GB noir,RPS  Technologies,819.0,2025-01-10 00:12:08,c9563079-c67a-4712-93d8-d1704ad34532,3,5.0,1.0,351.0,1,0,0,0,0,0,0,0,0,0 days 00:31:23,1
63261,Smartphone Apple iPhone 15 256GB noir,RPS  Technologies,819.0,2025-01-10 00:43:27,c9563079-c67a-4712-93d8-d1704ad34532,3,5.0,1.0,351.0,1,0,0,0,0,0,0,0,0,0 days 00:31:19,1
63354,Smartphone Apple iPhone 15 256GB noir,RPS  Technologies,819.0,2025-01-10 01:14:49,c9563079-c67a-4712-93d8-d1704ad34532,3,5.0,1.0,351.0,1,0,0,0,0,0,0,0,0,0 days 00:31:22,1
63447,Smartphone Apple iPhone 15 256GB noir,RPS  Technologies,819.0,2025-01-10 01:46:21,c9563079-c67a-4712-93d8-d1704ad34532,3,5.0,1.0,351.0,1,0,0,0,0,0,0,0,0,0 days 00:31:32,1
63540,Smartphone Apple iPhone 15 256GB noir,RPS  Technologies,819.0,2025-01-10 02:17:46,c9563079-c67a-4712-93d8-d1704ad34532,3,5.0,1.0,351.0,1,0,0,0,0,0,0,0,0,0 days 00:31:25,1
63633,Smartphone Apple iPhone 15 256GB noir,RPS  Technologies,819.0,2025-01-10 02:49:05,c9563079-c67a-4712-93d8-d1704ad34532,3,5.0,1.0,351.0,1,0,0,0,0,0,0,0,0,0 days 00:31:19,1
63726,Smartphone Apple iPhone 15 256GB noir,RPS  Technologies,819.0,2025-01-10 03:20:25,c9563079-c67a-4712-93d8-d1704ad34532,3,5.0,1.0,351.0,1,0,0,0,0,0,0,0,0,0 days 00:31:20,1
63819,Smartphone Apple iPhone 15 256GB noir,RPS  Technologies,819.0,2025-01-10 03:51:44,c9563079-c67a-4712-93d8-d1704ad34532,3,5.0,1.0,351.0,1,0,0,0,0,0,0,0,0,0 days 00:31:19,1
63912,Smartphone Apple iPhone 15 256GB noir,RPS  Technologies,819.0,2025-01-10 04:23:04,c9563079-c67a-4712-93d8-d1704ad34532,3,5.0,1.0,351.0,1,0,0,0,0,0,0,0,0,0 days 00:31:20,1
64005,Smartphone Apple iPhone 15 256GB noir,RPS  Technologies,819.0,2025-01-10 04:54:28,c9563079-c67a-4712-93d8-d1704ad34532,3,5.0,1.0,351.0,1,0,0,0,0,0,0,0,0,0 days 00:31:24,1
64098,Smartphone Apple iPhone 15 256GB noir,RPS  Technologies,819.0,2025-01-10 05:25:49,c9563079-c67a-4712-93d8-d1704ad34532,3,5.0,1.0,351.0,1,0,0,0,0,0,0,0,0,0 days 00:31:21,1
64191,Smartphone Apple iPhone 15 256GB noir,RPS  Technologies,819.0,2025-01-10 05:57:09,c9563079-c67a-4712-93d8-d1704ad34532,3,5.0,1.0,351.0,1,0,0,0,0,0,0,0,0,0 days 00:31:20,1
64284,Smartphone Apple iPhone 15 256GB noir,RPS  Technologies,819.0,2025-01-10 06:28:30,c9563079-c67a-4712-93d8-d1704ad34532,3,5.0,1.0,351.0,1,0,0,0,0,0,0,0,0,0 days 00:31:21,1
64377,Smartphone Apple iPhone 15 256GB noir,RPS  Technologies,819.0,2025-01-10 06:59:51,c9563079-c67a-4712-93d8-d1704ad34532,3,5.0,1.0,351.0,1,0,0,0,0,0,0,0,0,0 days 00:31:21,1
64470,Smartphone Apple iPhone 15 256GB noir,RPS  Technologies,819.0,2025-01-10 07:31:12,c9563079-c67a-4712-93d8-d1704ad34532,3,5.0,1.0,351.0,1,0,0,0,0,0,0,0,0,0 days 00:31:21,1
64563,Smartphone Apple iPhone 15 256GB noir,RPS  Technologies,819.0,2025-01-10 08:02:31,c9563079-c67a-4712-93d8-d1704ad34532,3,5.0,1.0,351.0,1,0,0,0,0,0,0,0,0,0 days 00:31:19,1
64655,Smartphone Apple iPhone 15 256GB noir,RPS  Technologies,819.0,2025-01-10 08:33:52,c9563079-c67a-4712-93d8-d1704ad34532,3,5.0,1.0,351.0,1,0,0,0,0,0,0,0,0,0 days 00:31:21,1
64656,Smartphone Apple iPhone 15 256GB noir,RPS  Technologies,825.0,2025-01-10 08:33:52,c9563079-c67a-4712-93d8-d1704ad34532,3,5.0,1.0,351.0,0,0,0,1,0,0,0,0,0,0 days 00:00:00,1
64749,Smartphone Apple iPhone 15 256GB noir,RPS  Technologies,825.0,2025-01-10 09:05:19,c9563079-c67a-4712-93d8-d1704ad34532,3,5.0,1.0,351.0,0,0,0,1,0,0,0,0,0,0 days 00:31:27,1
64748,Smartphone Apple iPhone 15 256GB noir,RPS  Technologies,819.0,2025-01-10 09:05:19,c9563079-c67a-4712-93d8-d1704ad34532,3,5.0,1.0,351.0,1,0,0,0,0,0,0,0,0,0 days 00:00:00,1
64841,Smartphone Apple iPhone 15 256GB noir,RPS  Technologies,819.0,2025-01-10 09:36:48,c9563079-c67a-4712-93d8-d1704ad34532,3,5.0,1.0,351.0,1,0,0,0,0,0,0,0,0,0 days 00:31:29,1
64842,Smartphone Apple iPhone 15 256GB noir,RPS  Technologies,825.0,2025-01-10 09:36:48,c9563079-c67a-4712-93d8-d1704ad34532,3,5.0,1.0,351.0,0,0,0,1,0,0,0,0,0,0 days 00:00:00,1
64934,Smartphone Apple iPhone 15 256GB noir,RPS  Technologies,819.0,2025-01-10 10:08:09,c9563079-c67a-4712-93d8-d1704ad34532,3,5.0,1.0,351.0,1,0,0,0,0,0,0,0,0,0 days 00:31:21,1
64935,Smartphone Apple iPhone 15 256GB noir,RPS  Technologies,825.0,2025-01-10 10:08:09,c9563079-c67a-4712-93d8-d1704ad34532,3,5.0,1.0,351.0,0,0,0,1,0,0,0,0,0,0 days 00:00:00,1
65027,Smartphone Apple iPhone 15 256GB noir,RPS  Technologies,819.0,2025-01-10 10:39:31,c9563079-c67a-4712-93d8-d1704ad34532,3,5.0,1.0,351.0,1,0,0,0,0,0,0,0,0,0 days 00:31:22,1
65028,Smartphone Apple iPhone 15 256GB noir,RPS  Technologies,825.0,2025-01-10 10:39:31,c9563079-c67a-4712-93d8-d1704ad34532,3,5.0,1.0,351.0,0,0,0,1,0,0,0,0,0,0 days 00:00:00,1
65120,Smartphone Apple iPhone 15 256GB noir,RPS  Technologies,819.0,2025-01-10 11:10:52,c9563079-c67a-4712-93d8-d1704ad34532,3,5.0,1.0,351.0,1,0,0,0,0,0,0,0,0,0 days 00:31:21,1
65121,Smartphone Apple iPhone 15 256GB noir,RPS  Technologies,825.0,2025-01-10 11:10:52,c9563079-c67a-4712-93d8-d1704ad34532,3,5.0,1.0,351.0,0,0,0,1,0,0,0,0,0,0 days 00:00:00,1
65214,Smartphone Apple iPhone 15 256GB noir,RPS  Technologies,825.0,2025-01-10 11:42:14,c9563079-c67a-4712-93d8-d1704ad34532,3,5.0,1.0,351.0,0,0,0,1,0,0,0,0,0,0 days 00:31:22,1
65213,Smartphone Apple iPhone 15 256GB noir,RPS  Technologies,819.0,2025-01-10 11:42:14,c9563079-c67a-4712-93d8-d1704ad34532,3,5.0,1.0,351.0,1,0,0,0,0,0,0,0,0,0 days 00:00:00,1
65308,Smartphone Apple iPhone 15 256GB noir,RPS  Technologies,825.0,2025-01-10 12:13:38,c9563079-c67a-4712-93d8-d1704ad34532,3,5.0,1.0,351.0,0,0,0,1,0,0,0,0,0,0 days 00:31:24,1
65307,Smartphone Apple iPhone 15 256GB noir,RPS  Technologies,819.0,2025-01-10 12:13:38,c9563079-c67a-4712-93d8-d1704ad34532,3,5.0,1.0,351.0,1,0,0,0,0,0,0,0,0,0 days 00:00:00,1
65402,Smartphone Apple iPhone 15 256GB noir,RPS  Technologies,819.0,2025-01-10 12:44:59,c9563079-c67a-4712-93d8-d1704ad34532,3,5.0,1.0,351.0,1,0,0,0,0,0,0,0,0,0 days 00:31:21,1
65496,Smartphone Apple iPhone 15 256GB noir,RPS  Technologies,819.0,2025-01-10 13:16:23,c9563079-c67a-4712-93d8-d1704ad34532,3,5.0,1.0,351.0,1,0,0,0,0,0,0,0,0,0 days 00:31:24,1
163,Smartphone Apple iPhone 15 128GB noir,Espace-Disque,972.23,2024-12-26 11:44:50,ca9aa06a-0235-42f8-b5e2-0edd3a89c186,4,5.0,31.0,1563.0,0,0,0,0,0,0,0,0,1,0 days 00:00:00,0
257,Smartphone Apple iPhone 15 128GB noir,Espace-Disque,972.23,2024-12-26 12:16:12,ca9aa06a-0235-42f8-b5e2-0edd3a89c186,4,5.0,31.0,1563.0,0,0,0,0,0,0,0,0,1,0 days 00:31:22,0
351,Smartphone Apple iPhone 15 128GB noir,Espace-Disque,972.23,2024-12-26 12:47:31,ca9aa06a-0235-42f8-b5e2-0edd3a89c186,4,5.0,31.0,1563.0,0,0,0,0,0,0,0,0,1,0 days 00:31:19,0
445,Smartphone Apple iPhone 15 128GB noir,Espace-Disque,972.23,2024-12-26 13:18:51,ca9aa06a-0235-42f8-b5e2-0edd3a89c186,4,5.0,31.0,1563.0,0,0,0,0,0,0,0,0,1,0 days 00:31:20,0
539,Smartphone Apple iPhone 15 128GB noir,Espace-Disque,972.23,2024-12-26 13:50:11,ca9aa06a-0235-42f8-b5e2-0edd3a89c186,4,5.0,31.0,1563.0,0,0,0,0,0,0,0,0,1,0 days 00:31:20,0
633,Smartphone Apple iPhone 15 128GB noir,Espace-Disque,972.23,2024-12-26 14:21:32,ca9aa06a-0235-42f8-b5e2-0edd3a89c186,5,5.0,31.0,1563.0,0,0,0,0,0,0,0,0,1,0 days 00:31:21,0
727,Smartphone Apple iPhone 15 128GB noir,Espace-Disque,972.23,2024-12-26 14:52:52,ca9aa06a-0235-42f8-b5e2-0edd3a89c186,5,5.0,31.0,1563.0,0,0,0,0,0,0,0,0,1,0 days 00:31:20,0
821,Smartphone Apple iPhone 15 128GB noir,Espace-Disque,972.23,2024-12-26 15:24:11,ca9aa06a-0235-42f8-b5e2-0edd3a89c186,5,5.0,31.0,1563.0,0,0,0,0,0,0,0,0,1,0 days 00:31:19,0
915,Smartphone Apple iPhone 15 128GB noir,Espace-Disque,972.23,2024-12-26 15:55:31,ca9aa06a-0235-42f8-b5e2-0edd3a89c186,5,5.0,31.0,1563.0,0,0,0,0,0,0,0,0,1,0 days 00:31:20,0
1009,Smartphone Apple iPhone 15 128GB noir,Espace-Disque,972.23,2024-12-26 16:26:49,ca9aa06a-0235-42f8-b5e2-0edd3a89c186,5,5.0,31.0,1563.0,0,0,0,0,0,0,0,0,1,0 days 00:31:18,0
1103,Smartphone Apple iPhone 15 128GB noir,Espace-Disque,972.23,2024-12-26 16:58:07,ca9aa06a-0235-42f8-b5e2-0edd3a89c186,5,5.0,31.0,1563.0,0,0,0,0,0,0,0,0,1,0 days 00:31:18,0
1197,Smartphone Apple iPhone 15 128GB noir,Espace-Disque,972.23,2024-12-26 17:29:26,ca9aa06a-0235-42f8-b5e2-0edd3a89c186,5,5.0,31.0,1563.0,0,0,0,0,0,0,0,0,1,0 days 00:31:19,0
1291,Smartphone Apple iPhone 15 128GB noir,Espace-Disque,972.23,2024-12-26 18:00:46,ca9aa06a-0235-42f8-b5e2-0edd3a89c186,5,5.0,31.0,1563.0,0,0,0,0,0,0,0,0,1,0 days 00:31:20,0
1385,Smartphone Apple iPhone 15 128GB noir,Espace-Disque,972.23,2024-12-26 18:32:06,ca9aa06a-0235-42f8-b5e2-0edd3a89c186,5,5.0,31.0,1563.0,0,0,0,0,0,0,0,0,1,0 days 00:31:20,0
1479,Smartphone Apple iPhone 15 128GB noir,Espace-Disque,972.23,2024-12-26 19:03:23,ca9aa06a-0235-42f8-b5e2-0edd3a89c186,5,5.0,31.0,1563.0,0,0,0,0,0,0,0,0,1,0 days 00:31:17,0
1573,Smartphone Apple iPhone 15 128GB noir,Espace-Disque,972.23,2024-12-26 19:34:46,ca9aa06a-0235-42f8-b5e2-0edd3a89c186,5,5.0,31.0,1563.0,0,0,0,0,0,0,0,0,1,0 days 00:31:23,0
1667,Smartphone Apple iPhone 15 128GB noir,Espace-Disque,972.23,2024-12-26 20:06:08,ca9aa06a-0235-42f8-b5e2-0edd3a89c186,5,5.0,31.0,1563.0,0,0,0,0,0,0,0,0,1,0 days 00:31:22,0
1761,Smartphone Apple iPhone 15 128GB noir,Espace-Disque,972.23,2024-12-26 20:37:27,ca9aa06a-0235-42f8-b5e2-0edd3a89c186,5,5.0,31.0,1563.0,0,0,0,0,0,0,0,0,1,0 days 00:31:19,0
1855,Smartphone Apple iPhone 15 128GB noir,Espace-Disque,972.23,2024-12-26 21:08:45,ca9aa06a-0235-42f8-b5e2-0edd3a89c186,5,5.0,31.0,1563.0,0,0,0,0,0,0,0,0,1,0 days 00:31:18,0
1949,Smartphone Apple iPhone 15 128GB noir,Espace-Disque,972.23,2024-12-26 21:40:02,ca9aa06a-0235-42f8-b5e2-0edd3a89c186,5,5.0,31.0,1563.0,0,0,0,0,0,0,0,0,1,0 days 00:31:17,0
2043,Smartphone Apple iPhone 15 128GB noir,Espace-Disque,972.23,2024-12-26 22:11:22,ca9aa06a-0235-42f8-b5e2-0edd3a89c186,5,5.0,31.0,1563.0,0,0,0,0,0,0,0,0,1,0 days 00:31:20,0
2137,Smartphone Apple iPhone 15 128GB noir,Espace-Disque,972.23,2024-12-26 22:42:41,ca9aa06a-0235-42f8-b5e2-0edd3a89c186,5,5.0,31.0,1563.0,0,0,0,0,0,0,0,0,1,0 days 00:31:19,0
2231,Smartphone Apple iPhone 15 128GB noir,Espace-Disque,972.23,2024-12-26 23:13:59,ca9aa06a-0235-42f8-b5e2-0edd3a89c186,4,5.0,31.0,1563.0,0,0,0,0,0,0,0,0,1,0 days 00:31:18,0
2325,Smartphone Apple iPhone 15 128GB noir,Espace-Disque,972.23,2024-12-26 23:45:19,ca9aa06a-0235-42f8-b5e2-0edd3a89c186,4,5.0,31.0,1563.0,0,0,0,0,0,0,0,0,1,0 days 00:31:20,0
2419,Smartphone Apple iPhone 15 128GB noir,Espace-Disque,972.23,2024-12-27 00:16:39,ca9aa06a-0235-42f8-b5e2-0edd3a89c186,4,5.0,31.0,1564.0,0,0,0,0,0,0,0,0,1,0 days 00:31:20,0
2513,Smartphone Apple iPhone 15 128GB noir,Espace-Disque,972.23,2024-12-27 00:47:59,ca9aa06a-0235-42f8-b5e2-0edd3a89c186,4,5.0,31.0,1564.0,0,0,0,0,0,0,0,0,1,0 days 00:31:20,0
2607,Smartphone Apple iPhone 15 128GB noir,Espace-Disque,972.23,2024-12-27 01:19:22,ca9aa06a-0235-42f8-b5e2-0edd3a89c186,4,5.0,31.0,1564.0,0,0,0,0,0,0,0,0,1,0 days 00:31:23,0
2701,Smartphone Apple iPhone 15 128GB noir,Espace-Disque,972.23,2024-12-27 01:50:42,ca9aa06a-0235-42f8-b5e2-0edd3a89c186,4,5.0,31.0,1564.0,0,0,0,0,0,0,0,0,1,0 days 00:31:20,0
2795,Smartphone Apple iPhone 15 128GB noir,Espace-Disque,972.23,2024-12-27 02:22:01,ca9aa06a-0235-42f8-b5e2-0edd3a89c186,4,5.0,31.0,1564.0,0,0,0,0,0,0,0,0,1,0 days 00:31:19,0
2889,Smartphone Apple iPhone 15 128GB noir,Espace-Disque,972.23,2024-12-27 02:53:19,ca9aa06a-0235-42f8-b5e2-0edd3a89c186,4,5.0,31.0,1564.0,0,0,0,0,0,0,0,0,1,0 days 00:31:18,0
2983,Smartphone Apple iPhone 15 128GB noir,Espace-Disque,972.23,2024-12-27 03:24:39,ca9aa06a-0235-42f8-b5e2-0edd3a89c186,4,5.0,31.0,1564.0,0,0,0,0,0,0,0,0,1,0 days 00:31:20,0
3077,Smartphone Apple iPhone 15 128GB noir,Espace-Disque,972.23,2024-12-27 03:55:57,ca9aa06a-0235-42f8-b5e2-0edd3a89c186,4,5.0,31.0,1564.0,0,0,0,0,0,0,0,0,1,0 days 00:31:18,0
3171,Smartphone Apple iPhone 15 128GB noir,Espace-Disque,972.23,2024-12-27 04:27:15,ca9aa06a-0235-42f8-b5e2-0edd3a89c186,4,5.0,31.0,1564.0,0,0,0,0,0,0,0,0,1,0 days 00:31:18,0
3265,Smartphone Apple iPhone 15 128GB noir,Espace-Disque,972.23,2024-12-27 04:58:36,ca9aa06a-0235-42f8-b5e2-0edd3a89c186,4,5.0,31.0,1564.0,0,0,0,0,0,0,0,0,1,0 days 00:31:21,0
3360,Smartphone Apple iPhone 15 128GB noir,Espace-Disque,972.23,2024-12-27 05:29:55,ca9aa06a-0235-42f8-b5e2-0edd3a89c186,4,5.0,31.0,1564.0,0,0,0,0,0,0,0,0,1,0 days 00:31:19,0
3455,Smartphone Apple iPhone 15 128GB noir,Espace-Disque,972.23,2024-12-27 06:01:17,ca9aa06a-0235-42f8-b5e2-0edd3a89c186,4,5.0,31.0,1564.0,0,0,0,0,0,0,0,0,1,0 days 00:31:22,0
3550,Smartphone Apple iPhone 15 128GB noir,Espace-Disque,972.23,2024-12-27 06:32:35,ca9aa06a-0235-42f8-b5e2-0edd3a89c186,4,5.0,31.0,1564.0,0,0,0,0,0,0,0,0,1,0 days 00:31:18,0
3645,Smartphone Apple iPhone 15 128GB noir,Espace-Disque,972.23,2024-12-27 07:04:02,ca9aa06a-0235-42f8-b5e2-0edd3a89c186,4,5.0,31.0,1564.0,0,0,0,0,0,0,0,0,1,0 days 00:31:27,0
3740,Smartphone Apple iPhone 15 128GB noir,Espace-Disque,972.23,2024-12-27 07:35:24,ca9aa06a-0235-42f8-b5e2-0edd3a89c186,4,5.0,31.0,1564.0,0,0,0,0,0,0,0,0,1,0 days 00:31:22,0
3835,Smartphone Apple iPhone 15 128GB noir,Espace-Disque,972.23,2024-12-27 08:06:45,ca9aa06a-0235-42f8-b5e2-0edd3a89c186,4,5.0,31.0,1564.0,0,0,0,0,0,0,0,0,1,0 days 00:31:21,0
3930,Smartphone Apple iPhone 15 128GB noir,Espace-Disque,972.23,2024-12-27 08:38:07,ca9aa06a-0235-42f8-b5e2-0edd3a89c186,4,5.0,31.0,1564.0,0,0,0,0,0,0,0,0,1,0 days 00:31:22,0
4025,Smartphone Apple iPhone 15 128GB noir,Espace-Disque,972.23,2024-12-27 09:09:28,ca9aa06a-0235-42f8-b5e2-0edd3a89c186,4,5.0,31.0,1564.0,0,0,0,0,0,0,0,0,1,0 days 00:31:21,0
4120,Smartphone Apple iPhone 15 128GB noir,Espace-Disque,972.23,2024-12-27 09:40:49,ca9aa06a-0235-42f8-b5e2-0edd3a89c186,4,5.0,31.0,1564.0,0,0,0,0,0,0,0,0,1,0 days 00:31:21,0
4215,Smartphone Apple iPhone 15 128GB noir,Espace-Disque,972.23,2024-12-27 10:12:11,ca9aa06a-0235-42f8-b5e2-0edd3a89c186,8,5.0,31.0,1564.0,0,0,0,0,0,0,0,0,1,0 days 00:31:22,0
4310,Smartphone Apple iPhone 15 128GB noir,Espace-Disque,972.23,2024-12-27 10:43:30,ca9aa06a-0235-42f8-b5e2-0edd3a89c186,8,5.0,31.0,1564.0,0,0,0,0,0,0,0,0,1,0 days 00:31:19,0
4405,Smartphone Apple iPhone 15 128GB noir,Espace-Disque,972.23,2024-12-27 11:14:50,ca9aa06a-0235-42f8-b5e2-0edd3a89c186,8,5.0,31.0,1564.0,0,0,0,0,0,0,0,0,1,0 days 00:31:20,0
4500,Smartphone Apple iPhone 15 128GB noir,Espace-Disque,972.23,2024-12-27 11:46:12,ca9aa06a-0235-42f8-b5e2-0edd3a89c186,8,5.0,31.0,1564.0,0,0,0,0,0,0,0,0,1,0 days 00:31:22,0
4595,Smartphone Apple iPhone 15 128GB noir,Espace-Disque,972.23,2024-12-27 12:17:33,ca9aa06a-0235-42f8-b5e2-0edd3a89c186,8,5.0,31.0,1564.0,0,0,0,0,0,0,0,0,1,0 days 00:31:21,0
4690,Smartphone Apple iPhone 15 128GB noir,Espace-Disque,972.23,2024-12-27 12:48:55,ca9aa06a-0235-42f8-b5e2-0edd3a89c186,8,5.0,31.0,1564.0,0,0,0,0,0,0,0,0,1,0 days 00:31:22,0
4785,Smartphone Apple iPhone 15 128GB noir,Espace-Disque,972.23,2024-12-27 13:20:18,ca9aa06a-0235-42f8-b5e2-0edd3a89c186,8,5.0,31.0,1564.0,0,0,0,0,0,0,0,0,1,0 days 00:31:23,0
4880,Smartphone Apple iPhone 15 128GB noir,Espace-Disque,972.23,2024-12-27 13:51:40,ca9aa06a-0235-42f8-b5e2-0edd3a89c186,8,5.0,31.0,1564.0,0,0,0,0,0,0,0,0,1,0 days 00:31:22,0
4975,Smartphone Apple iPhone 15 128GB noir,Espace-Disque,972.23,2024-12-27 14:23:02,ca9aa06a-0235-42f8-b5e2-0edd3a89c186,10,5.0,31.0,1564.0,0,0,0,0,0,0,0,0,1,0 days 00:31:22,0
5070,Smartphone Apple iPhone 15 128GB noir,Espace-Disque,972.23,2024-12-27 14:54:23,ca9aa06a-0235-42f8-b5e2-0edd3a89c186,10,5.0,31.0,1564.0,0,0,0,0,0,0,0,0,1,0 days 00:31:21,0
5165,Smartphone Apple iPhone 15 128GB noir,Espace-Disque,972.23,2024-12-27 15:25:46,ca9aa06a-0235-42f8-b5e2-0edd3a89c186,10,5.0,31.0,1564.0,0,0,0,0,0,0,0,0,1,0 days 00:31:23,0
5260,Smartphone Apple iPhone 15 128GB noir,Espace-Disque,972.23,2024-12-27 15:57:04,ca9aa06a-0235-42f8-b5e2-0edd3a89c186,10,5.0,31.0,1564.0,0,0,0,0,0,0,0,0,1,0 days 00:31:18,0
5355,Smartphone Apple iPhone 15 128GB noir,Espace-Disque,972.23,2024-12-27 16:28:22,ca9aa06a-0235-42f8-b5e2-0edd3a89c186,10,5.0,31.0,1564.0,0,0,0,0,0,0,0,0,1,0 days 00:31:18,0
5450,Smartphone Apple iPhone 15 128GB noir,Espace-Disque,972.23,2024-12-27 16:59:43,ca9aa06a-0235-42f8-b5e2-0edd3a89c186,10,5.0,31.0,1564.0,0,0,0,0,0,0,0,0,1,0 days 00:31:21,0
5545,Smartphone Apple iPhone 15 128GB noir,Espace-Disque,972.23,2024-12-27 17:31:03,ca9aa06a-0235-42f8-b5e2-0edd3a89c186,10,5.0,31.0,1564.0,0,0,0,0,0,0,0,0,1,0 days 00:31:20,0
5640,Smartphone Apple iPhone 15 128GB noir,Espace-Disque,972.23,2024-12-27 18:02:24,ca9aa06a-0235-42f8-b5e2-0edd3a89c186,10,5.0,31.0,1564.0,0,0,0,0,0,0,0,0,1,0 days 00:31:21,0
5735,Smartphone Apple iPhone 15 128GB noir,Espace-Disque,972.23,2024-12-27 18:33:43,ca9aa06a-0235-42f8-b5e2-0edd3a89c186,10,5.0,31.0,1564.0,0,0,0,0,0,0,0,0,1,0 days 00:31:19,0
5830,Smartphone Apple iPhone 15 128GB noir,Espace-Disque,972.23,2024-12-27 19:05:03,ca9aa06a-0235-42f8-b5e2-0edd3a89c186,10,5.0,31.0,1564.0,0,0,0,0,0,0,0,0,1,0 days 00:31:20,0
5924,Smartphone Apple iPhone 15 128GB noir,Espace-Disque,972.23,2024-12-27 19:36:25,ca9aa06a-0235-42f8-b5e2-0edd3a89c186,10,5.0,31.0,1564.0,0,0,0,0,0,0,0,0,1,0 days 00:31:22,0
6018,Smartphone Apple iPhone 15 128GB noir,Espace-Disque,972.23,2024-12-27 20:07:46,ca9aa06a-0235-42f8-b5e2-0edd3a89c186,10,5.0,31.0,1564.0,0,0,0,0,0,0,0,0,1,0 days 00:31:21,0
6112,Smartphone Apple iPhone 15 128GB noir,Espace-Disque,972.23,2024-12-27 20:39:05,ca9aa06a-0235-42f8-b5e2-0edd3a89c186,10,5.0,31.0,1564.0,0,0,0,0,0,0,0,0,1,0 days 00:31:19,0
6206,Smartphone Apple iPhone 15 128GB noir,Espace-Disque,972.23,2024-12-27 21:10:25,ca9aa06a-0235-42f8-b5e2-0edd3a89c186,10,5.0,31.0,1564.0,0,0,0,0,0,0,0,0,1,0 days 00:31:20,0
6300,Smartphone Apple iPhone 15 128GB noir,Espace-Disque,972.23,2024-12-27 21:41:46,ca9aa06a-0235-42f8-b5e2-0edd3a89c186,10,5.0,31.0,1564.0,0,0,0,0,0,0,0,0,1,0 days 00:31:21,0
6394,Smartphone Apple iPhone 15 128GB noir,Espace-Disque,972.23,2024-12-27 22:13:06,ca9aa06a-0235-42f8-b5e2-0edd3a89c186,10,5.0,31.0,1564.0,0,0,0,0,0,0,0,0,1,0 days 00:31:20,0
6488,Smartphone Apple iPhone 15 128GB noir,Espace-Disque,972.23,2024-12-27 22:44:26,ca9aa06a-0235-42f8-b5e2-0edd3a89c186,10,5.0,31.0,1564.0,0,0,0,0,0,0,0,0,1,0 days 00:31:20,0
6582,Smartphone Apple iPhone 15 128GB noir,Espace-Disque,972.23,2024-12-27 23:15:49,ca9aa06a-0235-42f8-b5e2-0edd3a89c186,8,5.0,31.0,1564.0,0,0,0,0,0,0,0,0,1,0 days 00:31:23,0
6676,Smartphone Apple iPhone 15 128GB noir,Espace-Disque,972.23,2024-12-27 23:47:09,ca9aa06a-0235-42f8-b5e2-0edd3a89c186,8,5.0,31.0,1564.0,0,0,0,0,0,0,0,0,1,0 days 00:31:20,0
6770,Smartphone Apple iPhone 15 128GB noir,Espace-Disque,972.23,2024-12-28 00:18:28,ca9aa06a-0235-42f8-b5e2-0edd3a89c186,9,5.0,31.0,1565.0,0,0,0,0,0,0,0,0,1,0 days 00:31:19,0
6864,Smartphone Apple iPhone 15 128GB noir,Espace-Disque,972.23,2024-12-28 00:49:46,ca9aa06a-0235-42f8-b5e2-0edd3a89c186,9,5.0,31.0,1565.0,0,0,0,0,0,0,0,0,1,0 days 00:31:18,0
6958,Smartphone Apple iPhone 15 128GB noir,Espace-Disque,972.23,2024-12-28 01:21:05,ca9aa06a-0235-42f8-b5e2-0edd3a89c186,9,5.0,31.0,1565.0,0,0,0,0,0,0,0,0,1,0 days 00:31:19,0
7052,Smartphone Apple iPhone 15 128GB noir,Espace-Disque,972.23,2024-12-28 01:52:23,ca9aa06a-0235-42f8-b5e2-0edd3a89c186,9,5.0,31.0,1565.0,0,0,0,0,0,0,0,0,1,0 days 00:31:18,0
7146,Smartphone Apple iPhone 15 128GB noir,Espace-Disque,972.23,2024-12-28 02:23:41,ca9aa06a-0235-42f8-b5e2-0edd3a89c186,9,5.0,31.0,1565.0,0,0,0,0,0,0,0,0,1,0 days 00:31:18,0
7240,Smartphone Apple iPhone 15 128GB noir,Espace-Disque,972.23,2024-12-28 02:55:00,ca9aa06a-0235-42f8-b5e2-0edd3a89c186,9,5.0,31.0,1565.0,0,0,0,0,0,0,0,0,1,0 days 00:31:19,0
7334,Smartphone Apple iPhone 15 128GB noir,Espace-Disque,972.23,2024-12-28 03:26:18,ca9aa06a-0235-42f8-b5e2-0edd3a89c186,9,5.0,31.0,1565.0,0,0,0,0,0,0,0,0,1,0 days 00:31:18,0
7428,Smartphone Apple iPhone 15 128GB noir,Espace-Disque,972.23,2024-12-28 03:57:37,ca9aa06a-0235-42f8-b5e2-0edd3a89c186,9,5.0,31.0,1565.0,0,0,0,0,0,0,0,0,1,0 days 00:31:19,0
7522,Smartphone Apple iPhone 15 128GB noir,Espace-Disque,972.23,2024-12-28 04:28:57,ca9aa06a-0235-42f8-b5e2-0edd3a89c186,9,5.0,31.0,1565.0,0,0,0,0,0,0,0,0,1,0 days 00:31:20,0
7616,Smartphone Apple iPhone 15 128GB noir,Espace-Disque,972.23,2024-12-28 05:00:18,ca9aa06a-0235-42f8-b5e2-0edd3a89c186,9,5.0,31.0,1565.0,0,0,0,0,0,0,0,0,1,0 days 00:31:21,0
7710,Smartphone Apple iPhone 15 128GB noir,Espace-Disque,972.23,2024-12-28 05:31:37,ca9aa06a-0235-42f8-b5e2-0edd3a89c186,9,5.0,31.0,1565.0,0,0,0,0,0,0,0,0,1,0 days 00:31:19,0
200827,"Apple iPhone 16 Plus 17 cm (6.7"") Double SIM iOS 18 5G USB Type-C 256 Go Noir",MercatoXL,1665.59,2025-02-10 21:36:37,e5a65547-6ff1-47a3-900d-fc0f2a58348b,3,3.0,38.0,955.0,0,0,0,0,0,0,1,0,0,2 days 13:36:54,2
200920,"Apple iPhone 16 Plus 17 cm (6.7"") Double SIM iOS 18 5G USB Type-C 256 Go Noir",MercatoXL,1261.15,2025-02-10 22:07:55,e5a65547-6ff1-47a3-900d-fc0f2a58348b,3,3.0,38.0,955.0,0,0,0,0,0,0,1,0,0,0 days 00:31:18,2
201018,"Apple iPhone 16 Plus 17 cm (6.7"") Double SIM iOS 18 5G USB Type-C 256 Go Noir",MercatoXL,1261.15,2025-02-10 22:39:16,e5a65547-6ff1-47a3-900d-fc0f2a58348b,3,3.0,38.0,955.0,0,0,0,0,0,0,1,0,0,0 days 00:31:21,2
201116,"Apple iPhone 16 Plus 17 cm (6.7"") Double SIM iOS 18 5G USB Type-C 256 Go Noir",MercatoXL,1261.15,2025-02-10 23:10:37,e5a65547-6ff1-47a3-900d-fc0f2a58348b,2,3.0,38.0,955.0,0,0,0,0,0,0,1,0,0,0 days 00:31:21,2
201214,"Apple iPhone 16 Plus 17 cm (6.7"") Double SIM iOS 18 5G USB Type-C 256 Go Noir",MercatoXL,1261.15,2025-02-10 23:41:56,e5a65547-6ff1-47a3-900d-fc0f2a58348b,2,3.0,38.0,955.0,0,0,0,0,0,0,1,0,0,0 days 00:31:19,2
201312,"Apple iPhone 16 Plus 17 cm (6.7"") Double SIM iOS 18 5G USB Type-C 256 Go Noir",MercatoXL,1261.15,2025-02-11 00:13:16,e5a65547-6ff1-47a3-900d-fc0f2a58348b,2,3.0,38.0,956.0,0,0,0,0,0,0,1,0,0,0 days 00:31:20,2
201410,"Apple iPhone 16 Plus 17 cm (6.7"") Double SIM iOS 18 5G USB Type-C 256 Go Noir",MercatoXL,1261.15,2025-02-11 00:44:33,e5a65547-6ff1-47a3-900d-fc0f2a58348b,2,3.0,38.0,956.0,0,0,0,0,0,0,1,0,0,0 days 00:31:17,2
201508,"Apple iPhone 16 Plus 17 cm (6.7"") Double SIM iOS 18 5G USB Type-C 256 Go Noir",MercatoXL,1261.15,2025-02-11 01:15:51,e5a65547-6ff1-47a3-900d-fc0f2a58348b,2,3.0,38.0,956.0,0,0,0,0,0,0,1,0,0,0 days 00:31:18,2
201606,"Apple iPhone 16 Plus 17 cm (6.7"") Double SIM iOS 18 5G USB Type-C 256 Go Noir",MercatoXL,1261.15,2025-02-11 01:47:08,e5a65547-6ff1-47a3-900d-fc0f2a58348b,2,3.0,38.0,956.0,0,0,0,0,0,0,1,0,0,0 days 00:31:17,2
201704,"Apple iPhone 16 Plus 17 cm (6.7"") Double SIM iOS 18 5G USB Type-C 256 Go Noir",MercatoXL,1261.15,2025-02-11 02:18:24,e5a65547-6ff1-47a3-900d-fc0f2a58348b,2,3.0,38.0,956.0,0,0,0,0,0,0,1,0,0,0 days 00:31:16,2
201802,"Apple iPhone 16 Plus 17 cm (6.7"") Double SIM iOS 18 5G USB Type-C 256 Go Noir",MercatoXL,1261.15,2025-02-11 02:49:43,e5a65547-6ff1-47a3-900d-fc0f2a58348b,2,3.0,38.0,956.0,0,0,0,0,0,0,1,0,0,0 days 00:31:19,2
201901,"Apple iPhone 16 Plus 17 cm (6.7"") Double SIM iOS 18 5G USB Type-C 256 Go Noir",MercatoXL,1261.15,2025-02-11 03:21:01,e5a65547-6ff1-47a3-900d-fc0f2a58348b,2,3.0,38.0,956.0,0,0,0,0,0,0,1,0,0,0 days 00:31:18,2
202000,"Apple iPhone 16 Plus 17 cm (6.7"") Double SIM iOS 18 5G USB Type-C 256 Go Noir",MercatoXL,1261.15,2025-02-11 03:52:18,e5a65547-6ff1-47a3-900d-fc0f2a58348b,2,3.0,38.0,956.0,0,0,0,0,0,0,1,0,0,0 days 00:31:17,2
202099,"Apple iPhone 16 Plus 17 cm (6.7"") Double SIM iOS 18 5G USB Type-C 256 Go Noir",MercatoXL,1261.15,2025-02-11 04:23:36,e5a65547-6ff1-47a3-900d-fc0f2a58348b,2,3.0,38.0,956.0,0,0,0,0,0,0,1,0,0,0 days 00:31:18,2
202198,"Apple iPhone 16 Plus 17 cm (6.7"") Double SIM iOS 18 5G USB Type-C 256 Go Noir",MercatoXL,1261.15,2025-02-11 04:54:56,e5a65547-6ff1-47a3-900d-fc0f2a58348b,2,3.0,38.0,956.0,0,0,0,0,0,0,1,0,0,0 days 00:31:20,2
202297,"Apple iPhone 16 Plus 17 cm (6.7"") Double SIM iOS 18 5G USB Type-C 256 Go Noir",MercatoXL,1261.15,2025-02-11 05:26:15,e5a65547-6ff1-47a3-900d-fc0f2a58348b,2,3.0,38.0,956.0,0,0,0,0,0,0,1,0,0,0 days 00:31:19,2
202395,"Apple iPhone 16 Plus 17 cm (6.7"") Double SIM iOS 18 5G USB Type-C 256 Go Noir",MercatoXL,1261.15,2025-02-11 05:57:32,e5a65547-6ff1-47a3-900d-fc0f2a58348b,2,3.0,38.0,956.0,0,0,0,0,0,0,1,0,0,0 days 00:31:17,2
202493,"Apple iPhone 16 Plus 17 cm (6.7"") Double SIM iOS 18 5G USB Type-C 256 Go Noir",MercatoXL,1261.15,2025-02-11 06:28:51,e5a65547-6ff1-47a3-900d-fc0f2a58348b,2,3.0,38.0,956.0,0,0,0,0,0,0,1,0,0,0 days 00:31:19,2
202591,"Apple iPhone 16 Plus 17 cm (6.7"") Double SIM iOS 18 5G USB Type-C 256 Go Noir",MercatoXL,1261.15,2025-02-11 07:00:11,e5a65547-6ff1-47a3-900d-fc0f2a58348b,2,3.0,38.0,956.0,0,0,0,0,0,0,1,0,0,0 days 00:31:20,2
202689,"Apple iPhone 16 Plus 17 cm (6.7"") Double SIM iOS 18 5G USB Type-C 256 Go Noir",MercatoXL,1261.15,2025-02-11 07:31:30,e5a65547-6ff1-47a3-900d-fc0f2a58348b,2,3.0,38.0,956.0,0,0,0,0,0,0,1,0,0,0 days 00:31:19,2
202787,"Apple iPhone 16 Plus 17 cm (6.7"") Double SIM iOS 18 5G USB Type-C 256 Go Noir",MercatoXL,1261.15,2025-02-11 08:02:49,e5a65547-6ff1-47a3-900d-fc0f2a58348b,2,3.0,38.0,956.0,0,0,0,0,0,0,1,0,0,0 days 00:31:19,2
202885,"Apple iPhone 16 Plus 17 cm (6.7"") Double SIM iOS 18 5G USB Type-C 256 Go Noir",MercatoXL,1261.15,2025-02-11 08:34:08,e5a65547-6ff1-47a3-900d-fc0f2a58348b,2,3.0,38.0,956.0,0,0,0,0,0,0,1,0,0,0 days 00:31:19,2
202983,"Apple iPhone 16 Plus 17 cm (6.7"") Double SIM iOS 18 5G USB Type-C 256 Go Noir",MercatoXL,1261.15,2025-02-11 09:05:29,e5a65547-6ff1-47a3-900d-fc0f2a58348b,2,3.0,38.0,956.0,0,0,0,0,0,0,1,0,0,0 days 00:31:21,2
203081,"Apple iPhone 16 Plus 17 cm (6.7"") Double SIM iOS 18 5G USB Type-C 256 Go Noir",MercatoXL,1261.15,2025-02-11 10:39:17,e5a65547-6ff1-47a3-900d-fc0f2a58348b,2,3.0,38.0,956.0,0,0,0,0,0,0,1,0,0,0 days 01:33:48,2
203179,"Apple iPhone 16 Plus 17 cm (6.7"") Double SIM iOS 18 5G USB Type-C 256 Go Noir",MercatoXL,1261.15,2025-02-11 11:10:40,e5a65547-6ff1-47a3-900d-fc0f2a58348b,2,3.0,38.0,956.0,0,0,0,0,0,0,1,0,0,0 days 00:31:23,2
203277,"Apple iPhone 16 Plus 17 cm (6.7"") Double SIM iOS 18 5G USB Type-C 256 Go Noir",MercatoXL,1261.15,2025-02-11 11:41:59,e5a65547-6ff1-47a3-900d-fc0f2a58348b,2,3.0,38.0,956.0,0,0,0,0,0,0,1,0,0,0 days 00:31:19,2
203375,"Apple iPhone 16 Plus 17 cm (6.7"") Double SIM iOS 18 5G USB Type-C 256 Go Noir",MercatoXL,1261.15,2025-02-11 12:13:19,e5a65547-6ff1-47a3-900d-fc0f2a58348b,2,3.0,38.0,956.0,0,0,0,0,0,0,1,0,0,0 days 00:31:20,2
203473,"Apple iPhone 16 Plus 17 cm (6.7"") Double SIM iOS 18 5G USB Type-C 256 Go Noir",MercatoXL,1261.15,2025-02-11 12:44:40,e5a65547-6ff1-47a3-900d-fc0f2a58348b,2,3.0,38.0,956.0,0,0,0,0,0,0,1,0,0,0 days 00:31:21,2
168,Smartphone Apple iPhone 15 128GB noir,Avegott,659.0,2024-12-26 11:44:50,f33b1a9f-927c-4bc6-b354-4faef67883c0,4,4.0,13.0,1282.0,0,0,0,0,1,0,0,0,0,0 days 00:00:00,0
262,Smartphone Apple iPhone 15 128GB noir,Avegott,659.0,2024-12-26 12:16:12,f33b1a9f-927c-4bc6-b354-4faef67883c0,4,4.0,13.0,1282.0,0,0,0,0,1,0,0,0,0,0 days 00:31:22,0
200677,Smartphone Apple iPhone 15 128GB noir,MercatoXL,1021.71,2025-02-10 20:34:30,f92ae5e8-4f96-410b-9fd2-97dd047acc71,3,3.0,38.0,955.0,0,0,0,0,0,0,1,0,0,2 days 12:34:12,2
200771,Smartphone Apple iPhone 15 128GB noir,MercatoXL,1072.0,2025-02-10 21:05:52,f92ae5e8-4f96-410b-9fd2-97dd047acc71,3,3.0,38.0,955.0,0,0,0,0,0,0,1,0,0,0 days 00:31:22,2
200868,Smartphone Apple iPhone 15 128GB noir,MercatoXL,1072.0,2025-02-10 21:37:10,f92ae5e8-4f96-410b-9fd2-97dd047acc71,3,3.0,38.0,955.0,0,0,0,0,0,0,1,0,0,0 days 00:31:18,2
200966,Smartphone Apple iPhone 15 128GB noir,MercatoXL,1072.0,2025-02-10 22:08:30,f92ae5e8-4f96-410b-9fd2-97dd047acc71,3,3.0,38.0,955.0,0,0,0,0,0,0,1,0,0,0 days 00:31:20,2
201064,Smartphone Apple iPhone 15 128GB noir,MercatoXL,1072.0,2025-02-10 22:39:48,f92ae5e8-4f96-410b-9fd2-97dd047acc71,3,3.0,38.0,955.0,0,0,0,0,0,0,1,0,0,0 days 00:31:18,2
201162,Smartphone Apple iPhone 15 128GB noir,MercatoXL,1072.0,2025-02-10 23:11:10,f92ae5e8-4f96-410b-9fd2-97dd047acc71,2,3.0,38.0,955.0,0,0,0,0,0,0,1,0,0,0 days 00:31:22,2
201260,Smartphone Apple iPhone 15 128GB noir,MercatoXL,1072.0,2025-02-10 23:42:29,f92ae5e8-4f96-410b-9fd2-97dd047acc71,2,3.0,38.0,955.0,0,0,0,0,0,0,1,0,0,0 days 00:31:19,2
201358,Smartphone Apple iPhone 15 128GB noir,MercatoXL,1072.0,2025-02-11 00:13:49,f92ae5e8-4f96-410b-9fd2-97dd047acc71,2,3.0,38.0,956.0,0,0,0,0,0,0,1,0,0,0 days 00:31:20,2
201456,Smartphone Apple iPhone 15 128GB noir,MercatoXL,1072.0,2025-02-11 00:45:06,f92ae5e8-4f96-410b-9fd2-97dd047acc71,2,3.0,38.0,956.0,0,0,0,0,0,0,1,0,0,0 days 00:31:17,2
201554,Smartphone Apple iPhone 15 128GB noir,MercatoXL,1072.0,2025-02-11 01:16:23,f92ae5e8-4f96-410b-9fd2-97dd047acc71,2,3.0,38.0,956.0,0,0,0,0,0,0,1,0,0,0 days 00:31:17,2
201652,Smartphone Apple iPhone 15 128GB noir,MercatoXL,1072.0,2025-02-11 01:47:40,f92ae5e8-4f96-410b-9fd2-97dd047acc71,2,3.0,38.0,956.0,0,0,0,0,0,0,1,0,0,0 days 00:31:17,2
201750,Smartphone Apple iPhone 15 128GB noir,MercatoXL,1072.0,2025-02-11 02:18:57,f92ae5e8-4f96-410b-9fd2-97dd047acc71,2,3.0,38.0,956.0,0,0,0,0,0,0,1,0,0,0 days 00:31:17,2
201848,Smartphone Apple iPhone 15 128GB noir,MercatoXL,1072.0,2025-02-11 02:50:16,f92ae5e8-4f96-410b-9fd2-97dd047acc71,2,3.0,38.0,956.0,0,0,0,0,0,0,1,0,0,0 days 00:31:19,2
201947,Smartphone Apple iPhone 15 128GB noir,MercatoXL,1072.0,2025-02-11 03:21:33,f92ae5e8-4f96-410b-9fd2-97dd047acc71,2,3.0,38.0,956.0,0,0,0,0,0,0,1,0,0,0 days 00:31:17,2
202046,Smartphone Apple iPhone 15 128GB noir,MercatoXL,1072.0,2025-02-11 03:52:50,f92ae5e8-4f96-410b-9fd2-97dd047acc71,2,3.0,38.0,956.0,0,0,0,0,0,0,1,0,0,0 days 00:31:17,2
202145,Smartphone Apple iPhone 15 128GB noir,MercatoXL,1072.0,2025-02-11 04:24:11,f92ae5e8-4f96-410b-9fd2-97dd047acc71,2,3.0,38.0,956.0,0,0,0,0,0,0,1,0,0,0 days 00:31:21,2
202244,Smartphone Apple iPhone 15 128GB noir,MercatoXL,1072.0,2025-02-11 04:55:29,f92ae5e8-4f96-410b-9fd2-97dd047acc71,2,3.0,38.0,956.0,0,0,0,0,0,0,1,0,0,0 days 00:31:18,2
202343,Smartphone Apple iPhone 15 128GB noir,MercatoXL,1072.0,2025-02-11 05:26:47,f92ae5e8-4f96-410b-9fd2-97dd047acc71,2,3.0,38.0,956.0,0,0,0,0,0,0,1,0,0,0 days 00:31:18,2
202441,Smartphone Apple iPhone 15 128GB noir,MercatoXL,1072.0,2025-02-11 05:58:05,f92ae5e8-4f96-410b-9fd2-97dd047acc71,2,3.0,38.0,956.0,0,0,0,0,0,0,1,0,0,0 days 00:31:18,2
202539,Smartphone Apple iPhone 15 128GB noir,MercatoXL,1072.0,2025-02-11 06:29:24,f92ae5e8-4f96-410b-9fd2-97dd047acc71,2,3.0,38.0,956.0,0,0,0,0,0,0,1,0,0,0 days 00:31:19,2
202637,Smartphone Apple iPhone 15 128GB noir,MercatoXL,1072.0,2025-02-11 07:00:44,f92ae5e8-4f96-410b-9fd2-97dd047acc71,2,3.0,38.0,956.0,0,0,0,0,0,0,1,0,0,0 days 00:31:20,2
202735,Smartphone Apple iPhone 15 128GB noir,MercatoXL,1072.0,2025-02-11 07:32:02,f92ae5e8-4f96-410b-9fd2-97dd047acc71,2,3.0,38.0,956.0,0,0,0,0,0,0,1,0,0,0 days 00:31:18,2
202833,Smartphone Apple iPhone 15 128GB noir,MercatoXL,1072.0,2025-02-11 08:03:21,f92ae5e8-4f96-410b-9fd2-97dd047acc71,2,3.0,38.0,956.0,0,0,0,0,0,0,1,0,0,0 days 00:31:19,2
202931,Smartphone Apple iPhone 15 128GB noir,MercatoXL,1072.0,2025-02-11 08:34:40,f92ae5e8-4f96-410b-9fd2-97dd047acc71,2,3.0,38.0,956.0,0,0,0,0,0,0,1,0,0,0 days 00:31:19,2
203029,Smartphone Apple iPhone 15 128GB noir,MercatoXL,1072.0,2025-02-11 09:06:03,f92ae5e8-4f96-410b-9fd2-97dd047acc71,2,3.0,38.0,956.0,0,0,0,0,0,0,1,0,0,0 days 00:31:23,2
203127,Smartphone Apple iPhone 15 128GB noir,MercatoXL,1072.0,2025-02-11 10:39:50,f92ae5e8-4f96-410b-9fd2-97dd047acc71,2,3.0,38.0,956.0,0,0,0,0,0,0,1,0,0,0 days 01:33:47,2
203225,Smartphone Apple iPhone 15 128GB noir,MercatoXL,1072.0,2025-02-11 11:11:13,f92ae5e8-4f96-410b-9fd2-97dd047acc71,2,3.0,38.0,956.0,0,0,0,0,0,0,1,0,0,0 days 00:31:23,2
203323,Smartphone Apple iPhone 15 128GB noir,MercatoXL,1072.0,2025-02-11 11:42:33,f92ae5e8-4f96-410b-9fd2-97dd047acc71,2,3.0,38.0,956.0,0,0,0,0,0,0,1,0,0,0 days 00:31:20,2
203421,Smartphone Apple iPhone 15 128GB noir,MercatoXL,1072.0,2025-02-11 12:13:53,f92ae5e8-4f96-410b-9fd2-97dd047acc71,2,3.0,38.0,956.0,0,0,0,0,0,0,1,0,0,0 days 00:31:20,2
203519,Smartphone Apple iPhone 15 128GB noir,MercatoXL,1072.0,2025-02-11 12:45:14,f92ae5e8-4f96-410b-9fd2-97dd047acc71,2,3.0,38.0,956.0,0,0,0,0,0,0,1,0,0,0 days 00:31:21,2
140379,Smartphone Apple iPhone 15 128GB noir,SIA Solution,1048.83,2025-01-27 22:40:32,fed965fc-91a6-4fff-b9bb-472514bfcd35,3,0.0,0.0,180.0,0,0,0,0,0,0,0,1,0,11 days 12:19:30,1
140478,Smartphone Apple iPhone 15 128GB noir,SIA Solution,1048.83,2025-01-27 23:11:54,fed965fc-91a6-4fff-b9bb-472514bfcd35,2,0.0,0.0,180.0,0,0,0,0,0,0,0,1,0,0 days 00:31:22,1
140577,Smartphone Apple iPhone 15 128GB noir,SIA Solution,1048.83,2025-01-27 23:43:13,fed965fc-91a6-4fff-b9bb-472514bfcd35,2,0.0,0.0,180.0,0,0,0,0,0,0,0,1,0,0 days 00:31:19,1
140676,Smartphone Apple iPhone 15 128GB noir,SIA Solution,1048.83,2025-01-28 00:14:33,fed965fc-91a6-4fff-b9bb-472514bfcd35,2,0.0,0.0,181.0,0,0,0,0,0,0,0,1,0,0 days 00:31:20,1
140775,Smartphone Apple iPhone 15 128GB noir,SIA Solution,1048.83,2025-01-28 00:45:55,fed965fc-91a6-4fff-b9bb-472514bfcd35,2,0.0,0.0,181.0,0,0,0,0,0,0,0,1,0,0 days 00:31:22,1
140874,Smartphone Apple iPhone 15 128GB noir,SIA Solution,1048.83,2025-01-28 01:17:16,fed965fc-91a6-4fff-b9bb-472514bfcd35,2,0.0,0.0,181.0,0,0,0,0,0,0,0,1,0,0 days 00:31:21,1
140973,Smartphone Apple iPhone 15 128GB noir,SIA Solution,1048.83,2025-01-28 01:48:33,fed965fc-91a6-4fff-b9bb-472514bfcd35,2,0.0,0.0,181.0,0,0,0,0,0,0,0,1,0,0 days 00:31:17,1
141072,Smartphone Apple iPhone 15 128GB noir,SIA Solution,1048.83,2025-01-28 02:19:52,fed965fc-91a6-4fff-b9bb-472514bfcd35,2,0.0,0.0,181.0,0,0,0,0,0,0,0,1,0,0 days 00:31:19,1
141172,Smartphone Apple iPhone 15 128GB noir,SIA Solution,1048.83,2025-01-28 02:51:11,fed965fc-91a6-4fff-b9bb-472514bfcd35,2,0.0,0.0,181.0,0,0,0,0,0,0,0,1,0,0 days 00:31:19,1
141273,Smartphone Apple iPhone 15 128GB noir,SIA Solution,1048.83,2025-01-28 03:22:28,fed965fc-91a6-4fff-b9bb-472514bfcd35,2,0.0,0.0,181.0,0,0,0,0,0,0,0,1,0,0 days 00:31:17,1
141374,Smartphone Apple iPhone 15 128GB noir,SIA Solution,1048.83,2025-01-28 03:53:46,fed965fc-91a6-4fff-b9bb-472514bfcd35,2,0.0,0.0,181.0,0,0,0,0,0,0,0,1,0,0 days 00:31:18,1
141475,Smartphone Apple iPhone 15 128GB noir,SIA Solution,1048.83,2025-01-28 04:25:04,fed965fc-91a6-4fff-b9bb-472514bfcd35,2,0.0,0.0,181.0,0,0,0,0,0,0,0,1,0,0 days 00:31:18,1
141576,Smartphone Apple iPhone 15 128GB noir,SIA Solution,1048.83,2025-01-28 04:56:21,fed965fc-91a6-4fff-b9bb-472514bfcd35,2,0.0,0.0,181.0,0,0,0,0,0,0,0,1,0,0 days 00:31:17,1
141677,Smartphone Apple iPhone 15 128GB noir,SIA Solution,1048.83,2025-01-28 05:27:52,fed965fc-91a6-4fff-b9bb-472514bfcd35,2,0.0,0.0,181.0,0,0,0,0,0,0,0,1,0,0 days 00:31:31,1
141777,Smartphone Apple iPhone 15 128GB noir,SIA Solution,1048.83,2025-01-28 05:59:09,fed965fc-91a6-4fff-b9bb-472514bfcd35,2,0.0,0.0,181.0,0,0,0,0,0,0,0,1,0,0 days 00:31:17,1
141877,Smartphone Apple iPhone 15 128GB noir,SIA Solution,1048.83,2025-01-28 06:30:32,fed965fc-91a6-4fff-b9bb-472514bfcd35,2,0.0,0.0,181.0,0,0,0,0,0,0,0,1,0,0 days 00:31:23,1
141976,Smartphone Apple iPhone 15 128GB noir,SIA Solution,1048.83,2025-01-28 07:01:50,fed965fc-91a6-4fff-b9bb-472514bfcd35,2,0.0,0.0,181.0,0,0,0,0,0,0,0,1,0,0 days 00:31:18,1
142076,Smartphone Apple iPhone 15 128GB noir,SIA Solution,1048.83,2025-01-28 07:33:09,fed965fc-91a6-4fff-b9bb-472514bfcd35,2,0.0,0.0,181.0,0,0,0,0,0,0,0,1,0,0 days 00:31:19,1
142175,Smartphone Apple iPhone 15 128GB noir,SIA Solution,1048.83,2025-01-28 08:04:28,fed965fc-91a6-4fff-b9bb-472514bfcd35,2,0.0,0.0,181.0,0,0,0,0,0,0,0,1,0,0 days 00:31:19,1
142274,Smartphone Apple iPhone 15 128GB noir,SIA Solution,1048.83,2025-01-28 08:35:56,fed965fc-91a6-4fff-b9bb-472514bfcd35,2,0.0,0.0,181.0,0,0,0,0,0,0,0,1,0,0 days 00:31:28,1
142373,Smartphone Apple iPhone 15 128GB noir,SIA Solution,1048.83,2025-01-28 09:07:16,fed965fc-91a6-4fff-b9bb-472514bfcd35,2,0.0,0.0,181.0,0,0,0,0,0,0,0,1,0,0 days 00:31:20,1
142472,Smartphone Apple iPhone 15 128GB noir,SIA Solution,1048.83,2025-01-28 09:38:37,fed965fc-91a6-4fff-b9bb-472514bfcd35,2,0.0,0.0,181.0,0,0,0,0,0,0,0,1,0,0 days 00:31:21,1
142570,Smartphone Apple iPhone 15 128GB noir,SIA Solution,1048.83,2025-01-28 10:10:04,fed965fc-91a6-4fff-b9bb-472514bfcd35,2,0.0,0.0,181.0,0,0,0,0,0,0,0,1,0,0 days 00:31:27,1
142668,Smartphone Apple iPhone 15 128GB noir,SIA Solution,1048.83,2025-01-28 10:41:29,fed965fc-91a6-4fff-b9bb-472514bfcd35,2,0.0,0.0,181.0,0,0,0,0,0,0,0,1,0,0 days 00:31:25,1
142762,Smartphone Apple iPhone 15 128GB noir,SIA Solution,1048.83,2025-01-28 11:12:52,fed965fc-91a6-4fff-b9bb-472514bfcd35,2,0.0,0.0,181.0,0,0,0,0,0,0,0,1,0,0 days 00:31:23,1
142856,Smartphone Apple iPhone 15 128GB noir,SIA Solution,1048.83,2025-01-28 11:44:12,fed965fc-91a6-4fff-b9bb-472514bfcd35,2,0.0,0.0,181.0,0,0,0,0,0,0,0,1,0,0 days 00:31:20,1
142950,Smartphone Apple iPhone 15 128GB noir,SIA Solution,1048.83,2025-01-28 12:15:36,fed965fc-91a6-4fff-b9bb-472514bfcd35,2,0.0,0.0,181.0,0,0,0,0,0,0,0,1,0,0 days 00:31:24,1
143044,Smartphone Apple iPhone 15 128GB noir,SIA Solution,1048.83,2025-01-28 12:47:01,fed965fc-91a6-4fff-b9bb-472514bfcd35,2,0.0,0.0,181.0,0,0,0,0,0,0,0,1,0,0 days 00:31:25,1
143138,Smartphone Apple iPhone 15 128GB noir,SIA Solution,1048.83,2025-01-28 13:18:26,fed965fc-91a6-4fff-b9bb-472514bfcd35,2,0.0,0.0,181.0,0,0,0,0,0,0,0,1,0,0 days 00:31:25,1
143232,Smartphone Apple iPhone 15 128GB noir,SIA Solution,1048.83,2025-01-28 13:49:52,fed965fc-91a6-4fff-b9bb-472514bfcd35,2,0.0,0.0,181.0,0,0,0,0,0,0,0,1,0,0 days 00:31:26,1
143326,Smartphone Apple iPhone 15 128GB noir,SIA Solution,1048.83,2025-01-28 14:21:16,fed965fc-91a6-4fff-b9bb-472514bfcd35,3,0.0,0.0,181.0,0,0,0,0,0,0,0,1,0,0 days 00:31:24,1
143420,Smartphone Apple iPhone 15 128GB noir,SIA Solution,1155.86,2025-01-28 14:52:40,fed965fc-91a6-4fff-b9bb-472514bfcd35,3,0.0,0.0,181.0,0,0,0,0,0,0,0,1,0,0 days 00:31:24,1
143514,Smartphone Apple iPhone 15 128GB noir,SIA Solution,1155.86,2025-01-28 15:24:03,fed965fc-91a6-4fff-b9bb-472514bfcd35,3,0.0,0.0,181.0,0,0,0,0,0,0,0,1,0,0 days 00:31:23,1
143608,Smartphone Apple iPhone 15 128GB noir,SIA Solution,1155.86,2025-01-28 15:55:26,fed965fc-91a6-4fff-b9bb-472514bfcd35,3,0.0,0.0,181.0,0,0,0,0,0,0,0,1,0,0 days 00:31:23,1
143702,Smartphone Apple iPhone 15 128GB noir,SIA Solution,1155.86,2025-01-28 16:26:48,fed965fc-91a6-4fff-b9bb-472514bfcd35,3,0.0,0.0,181.0,0,0,0,0,0,0,0,1,0,0 days 00:31:22,1
143796,Smartphone Apple iPhone 15 128GB noir,SIA Solution,1155.86,2025-01-28 16:58:07,fed965fc-91a6-4fff-b9bb-472514bfcd35,3,0.0,0.0,181.0,0,0,0,0,0,0,0,1,0,0 days 00:31:19,1
143890,Smartphone Apple iPhone 15 128GB noir,SIA Solution,1155.86,2025-01-28 17:29:28,fed965fc-91a6-4fff-b9bb-472514bfcd35,3,0.0,0.0,181.0,0,0,0,0,0,0,0,1,0,0 days 00:31:21,1
143984,Smartphone Apple iPhone 15 128GB noir,SIA Solution,1155.86,2025-01-28 18:00:54,fed965fc-91a6-4fff-b9bb-472514bfcd35,3,0.0,0.0,181.0,0,0,0,0,0,0,0,1,0,0 days 00:31:26,1
144078,Smartphone Apple iPhone 15 128GB noir,SIA Solution,1155.86,2025-01-28 18:32:15,fed965fc-91a6-4fff-b9bb-472514bfcd35,3,0.0,0.0,181.0,0,0,0,0,0,0,0,1,0,0 days 00:31:21,1
144172,Smartphone Apple iPhone 15 128GB noir,SIA Solution,1155.86,2025-01-28 19:03:35,fed965fc-91a6-4fff-b9bb-472514bfcd35,3,0.0,0.0,181.0,0,0,0,0,0,0,0,1,0,0 days 00:31:20,1
144266,Smartphone Apple iPhone 15 128GB noir,SIA Solution,1155.86,2025-01-28 19:34:57,fed965fc-91a6-4fff-b9bb-472514bfcd35,3,0.0,0.0,181.0,0,0,0,0,0,0,0,1,0,0 days 00:31:22,1
144360,Smartphone Apple iPhone 15 128GB noir,SIA Solution,1155.86,2025-01-28 20:06:20,fed965fc-91a6-4fff-b9bb-472514bfcd35,3,0.0,0.0,181.0,0,0,0,0,0,0,0,1,0,0 days 00:31:23,1
144454,Smartphone Apple iPhone 15 128GB noir,SIA Solution,1155.86,2025-01-28 20:37:37,fed965fc-91a6-4fff-b9bb-472514bfcd35,3,0.0,0.0,181.0,0,0,0,0,0,0,0,1,0,0 days 00:31:17,1
144548,Smartphone Apple iPhone 15 128GB noir,SIA Solution,1155.86,2025-01-28 21:09:04,fed965fc-91a6-4fff-b9bb-472514bfcd35,3,0.0,0.0,181.0,0,0,0,0,0,0,0,1,0,0 days 00:31:27,1
